track,or_number,status,title,abstract,primary_area,secondary_area
Extended_Abstracts,2,pending,Heterogeneous Time Constants Improve Stability in Equilibrium Propagation,"Equilibrium propagation (EP) is a biologically plausible alternative to backpropagation for training neural networks. However, existing EP models use a uniform scalar time step dt, which corresponds biologically to a membrane time constant that is heterogeneous across neurons. Here, we introduce heterogeneous time steps (HTS) for EP by assigning neuron-specific time constants drawn from biologically motivated distributions. We show that HTS improves training stability while maintaining competitive task performance. These results suggest that incorporating heterogeneous temporal dynamics enhances both the biological realism and robustness of equilibrium propagation.",artificial intelligence / machine learning,
Extended_Abstracts,3,pending,Humans automatically assign credit to outcome-irrelevant features,"Adaptive behavior depends on correctly assigning credit to the features of an action that caused a reward while ignoring those that did not. Nevertheless, recent work shows that humans also assign credit to features of their actions that are explicitly known to be outcome-irrelevant. Here, we tested the neural basis of this phenomenon by combining EEG and computational modeling of behavior. Forty participants performed a reinforcement learning task in which rewards depended only on card identity, whereas cards’ spatial location was random and explicitly instructed as outcome-irrelevant. Replicating prior findings, rewards increased the likelihood of repeating the previously chosen location even when two different cards than before were offered. Using a computational model, we estimated feature-specific prediction errors for both outcome-relevant cards and outcome-irrelevant locations. Trial-level regression and cluster-based permutation analyses revealed that both prediction errors, as well as their interaction, were encoded in outcome-locked EEG activity. These results suggest that higher-level knowledge of the environment constrains learning less than previously assumed.",experimental neuroscience (systems / cognitive),computational cognitive science / cognitive modeling+psychological / behavioral research
Extended_Abstracts,4,pending,Beyond search: reframing problem solving through cached solutions,"A classical perspective in cognitive science characterizes problem solving as search over a well-defined representation. When representations are not given, they are assumed to be chosen through similar incremental search in the space of possible representations, guided by plan utility or collisions in simulation. Yet, for many naturalistic problems, the unboundedness of problem features often makes such search computationally intractable. Drawing on insights from naturalistic decision making and design cognition, we propose that humans instead rely on solution-driven strategies: candidate solutions are recalled and reused, thus determining which problem features must be represented. Across two experiments in different domains, increasing representational demands led participants to rely more on cached solutions, representing enough information to evaluate them while failing to identify the global optimum---even when such optimal solutions enabled representing less information. These results suggest that solution-driven reasoning plays a central role in problem solving under large-world complexity.",computational cognitive science / cognitive modeling,computational cognitive science / cognitive modeling+psychological / behavioral research
Extended_Abstracts,5,pending,Reconstructing subjective experiences across individuals from brain activity,"Subjective experiences are central to understanding how the brain represents mental contents and clinically relevant phenomena. However, decoding these mental contents remains challenging because it typically requires large amounts of subject-specific brain data. Functional alignment provides a potential solution by enabling decoding models to transfer across individuals through the alignment of brain activity patterns. Here, we investigate whether subjective contents can be decoded across individuals using functional alignment and image reconstruction. We trained a functional alignment model, called the neural code converter, on brain responses to natural images to establish inter-individual mappings of brain activity and then tested it on tasks involving visual illusion, attention, and imagery. The model successfully generalized to these subjective tasks, enabling inter-individual image reconstructions that preserved subjective contents comparable to within-individual decoding. Our approach provides a scalable framework for analyzing and externalizing subjective experiences across individuals.",computational cognitive science / cognitive modeling,artificial intelligence / machine learning+computational cognitive science / cognitive modeling+psychological / behavioral research
Extended_Abstracts,6,pending,Oscillation in Motion: Dissociable Periodic and Aperiodic EEG Markers of Baseline Cognition and Treatment Response Following Exercise in Schizophrenia Spectrum Disorders,"Schizophrenia Spectrum Disorders (SSD) are characterized by pervasive cognitive deficits, negative and positive symptoms, and long-term functional impairments, many of which are refractory to standard pharmacological treatments. These clinical features are mirrored by disruptions in cortical electrophysiology, reflecting a core imbalance in excitation–inhibition (E/I) dynamics. While exercise interventions have emerged as promising adjunctive therapies, capable of modulating cognition and clinical symptoms, the neurophysiological mechanisms underlying treatment response remain largely unclear.

In this study, we combined cross-sectional and longitudinal EEG assessments to investigate whether exercise influences periodic and aperiodic neural dynamics and whether these changes track cognitive and clinical recovery in SSD. We recruited 58 individuals with SSD (ICD-10: F2*) and 60 healthy controls (HC). All participants underwent baseline EEG assessments. Patients additionally participated in a 12-week randomized exercise intervention, consisting of either Aerobic Exercise Training (AET) or Strength and Balance Training (SBT), with follow-up EEG recordings conducted post-intervention (n = 42). Both exercise arms were combined a priori to streamline analyses and enhance statistical power, supported by prior evidence showing similar effects on EEG and behavioral outcomes. Cognitive function was assessed using the Brief Assessment of Cognition in Schizophrenia (BACS), and clinical symptoms were quantified using the Positive and Negative Syndrome Scale (PANSS).

EEG analyses focused on the aperiodic exponent as a proxy of cortical E/I balance, alongside individual alpha peak frequency (iAPF) and theta-band power as markers of cognitive processing. At baseline, patients exhibited localized occipital hyperexcitability, characterized by a flatter aperiodic exponent compared to HC. However, the higher a patient’s cognitive functioning was, the steeper was their global aperiodic exponent, suggesting that a degree of compensatory inhibitory tone may protect cognitive function.

Following the 12-week exercise intervention, longitudinal analyses revealed dissociable EEG changes associated with clinical versus cognitive improvement. General psychopathological recovery, as measured by PANSS general scores, corresponded to a global flattening of the aperiodic exponent, suggesting widespread E/I modulation. In contrast, cognitive gains were specifically related to regionally distinct and condition-specific EEG markers: parietal aperiodic steepening and frontal iAPF increases during eyes-closed rest. 

Overall, our findings demonstrate that periodic and aperiodic EEG metrics provide complementary, region- and state-specific insights into exercise-related neuroplasticity in SSD. Aperiodic slopes reflect global cortical E/I adaptations tracking clinical symptom improvement, whereas oscillatory markers such as iAPF index cognitive enhancements. This neurophysiological dissociation highlights distinct mechanistic pathways through which exercise confers therapeutic benefit, establishing a framework for monitoring treatment efficacy and guiding individualized interventions in SSD.",experimental neuroscience (systems / cognitive),psychological / behavioral research
Extended_Abstracts,7,pending,The negative relationship between cognitive ability and metacognitive accuracy is specific to memory domain,"This study examined whether the relationship between cognitive ability and metacognitive accuracy is domain-general or domain-specific using both meta-analysis and empirical evidence. The meta-analysis revealed an overall negative association between cognitive ability and metacognitive accuracy, with substantial variation across task domains: specifically, the effect was significantly more negative for memory than perceptual tasks. An empirical study confirmed this pattern, showing a robust negative correlation only in memory tasks, with non-significant correlations in perceptual and reasoning tasks. Direct comparisons of correlation coefficients further demonstrated that the negative association was significantly stronger in the memory domain. These findings indicate that the counterintuitive link between higher cognitive ability and lower metacognitive accuracy is specific to memory, rather than a general feature of metacognition.",psychological / behavioral research,
Extended_Abstracts,8,pending,Divergent effects of hierarchical perceptual features on confidence in humans and deep neural networks,"In perceptual decision-making, confidence can be shaped by perceptual features beyond their effects on accuracy. The present study tested a hierarchical weighting account in which confidence preferentially relies on features processed earlier in the visual hierarchy. Across three orientation discrimination experiments, we manipulated contrast, reliability, and boundary distance and measured confidence with a forced-choice paradigm. Human confidence showed a robust hierarchy: contrast had the strongest influence, reliability an intermediate influence, and boundary distance the weakest. Convolutional neural networks (CNNs) trained on the same tasks showed a human-like representational hierarchy, but their confidence was modulated differently and tracked accuracy more closely. These findings suggest that human confidence draws on hierarchical sensory representations but also relies on additional inferential processes beyond a direct perceptual readout.",psychological / behavioral research,artificial intelligence / machine learning
Extended_Abstracts,9,pending,Trace-Mediated Peak Bias: Bridging Temporal Credit Assignment and Cognitive Heuristics in Deep Reinforcement Learning,"Temporal credit assignment is central to both biological and artificial intelligence, yet its interaction with non-linear function approximation is poorly understood. We identify a systematic failure mode in deep reinforcement learning (RL) termed Trace-Mediated Peak Bias (TMPB). At intermediate eligibility trace depths, agents irrationally prefer trajectories with high-magnitude reward ""peaks'"" over alternatives with higher cumulative returns. This provides a mechanistic account of the Peak-End Rule: a human memory bias where experiences are judged by their most intense moments rather than integrated utility. We show that TMPB emerges because traces amplify distal Temporal Difference errors into ``gradient shocks'' that fixed-step-size Stochastic Gradient Descent cannot normalize, leading to global overestimation. Conversely, adaptive optimizers mitigate this pathology via second-moment normalization. Our results suggest that human-like saliency distortions may emerge naturally from the mathematical constraints of credit assignment in distributed systems, and that adaptive optimization is a theoretical necessity for rational value estimation.",artificial intelligence / machine learning,computational cognitive science / cognitive modeling
Extended_Abstracts,10,pending,Accurate and Interpretable Prediction of Antidepressant Treatment Response from Receptor-informed Neuroimaging,"Conventional antidepressants show moderate efficacy in treating major depressive disorder, underscoring the need for predictive tools to guide treatment selection. Here, we present graphTRIP (graph-based Treatment Response Interpretability and Prediction) -- a geometric deep learning architecture that enables three advances: 1) accurate prediction of post-treatment depression severity using only pretreatment clinical and neuroimaging data; 2) identification of robust biomarkers; and 3) causal analysis of treatment effects and underlying mechanisms. Trained on data from a clinical trial comparing psilocybin and escitalopram, graphTRIP achieves strong predictive accuracy ($r = 0.72$, $p=6.8\times 10^{-8}$), and shows clear generalization to both an independent dataset and across brain atlases. The model identifies stronger functional connectivity within sensory networks as a robust predictor of poorer response across both treatments. In contrast, causal analysis implicates frontoparietal and default mode networks as key moderators of differential response, with stronger 5-HT1A- and 5-HT2A-related signalling in the frontoparietal network predicting escitalopram response but psilocybin resistance. These results demonstrate the potential of combining geometric deep learning and causal modeling for precision psychiatry.",artificial intelligence / machine learning,theoretical / computational neuroscience+experimental neuroscience (systems / cognitive)
Extended_Abstracts,11,pending,Collision Avoidance and Food Distributions Shape Collective Fish Behavior,"Collective behaviors in biology are thought to emerge from simple local rules, but the ecological constraints shaping these rules are difficult to test experimentally. Here, we use multi-agent reinforcement learning to train recurrent neural network agents modeled after larval zebrafish in a collective foraging task. We show that agents trained in environments with patchy food distributions spontaneously aggregate, even in the absence of food, because conspecifics serve as informative cues about likely food locations. Furthermore, penalties associated with collisions drive avoidance: stronger penalties increase preferred nearest-neighbor distances. These results provide a normative account of how learned ecological and evolutionary priors shape collective behavior in fish-like agents, establishing a virtual laboratory for testing hypotheses about the origins of collective behavior.",theoretical / computational neuroscience,artificial intelligence / machine learning
Extended_Abstracts,13,pending,A resource of encoding models for in silico neuroscience,"_In silico_ neural responses to sensory stimuli generated by encoding models increasingly resemble _in vivo_ responses from real brains, enabling the novel research paradigm of in silico neuroscience. Within this paradigm, experimentation is carried out on massive amounts of in silico neural responses, empowering broader hypothesis testing and exploration than is possible from in vivo data, which is expensive and time consuming to collect. To catalyze in silico neuroscience, we introduce the Brain Encoding Response Generator (BERG), a resource of multiple pre-trained encoding models of the brain and a Python package to easily generate in silico neural responses to arbitrary stimuli. We show that BERG’s encoding models accurately predict neural responses to visual stimuli, and that these in silico responses capture key spatial and temporal organizing principles of visual processing in the brain. Together, this opens the doors to using in silico neural responses for brain research, which we envision will speed up neuroscientific discovery.",computational cognitive science / cognitive modeling,
Extended_Abstracts,14,pending,Start simple: the benefit of shaping in learning under different cognitive loads,"Shaping facilitates complex skill acquisition by decomposing tasks into simpler sub-components. One prominent hypothesis attributes its efficiency to reduced cognitive load, but empirical evidence on how task demand influences the utility of shaping remains limited. This study examined whether shaping enhances learning efficiency and whether its benefits increase with cognitive load. Results showed that shaping promoted the retention of sub-component representations. Contrary to our prediction, we found no increasing effect of load on shaping benefits. Instead, we observed a weak effect at set size 4 but not at set size 6. Computational modeling suggests that this pattern may reflect the adoption of “self-shaping” strategies by participants in the non-shaping group under high cognitive load, thereby attenuating performance differences between groups. These findings highlight the importance of considering individual learning strategies
When evaluating the relative effectiveness of shaping and non-shaping training protocols.",computational cognitive science / cognitive modeling,artificial intelligence / machine learning+psychological / behavioral research
Extended_Abstracts,15,pending,Changes in visual objectives explain differences in cue weighting across development: Simulations with neural network models,"From a continuous visual landscape humans can extract individual, identifiable objects. What visual cues support this ability and how do they develop? Prior work has shown that when looking at a visual scene infants prioritize the spatial properties of objects, such as their locations, while preschoolers prioritize the featural properties of objects, such as their color or shape. We hypothesized that this developmental shift in cue weighting is driven by a transition from individuating objects, for which spatial cues are more informative, to identifying objects, for which featural cues are more informative. To test this hypothesis, we trained convolutional neural network (CNNs) models to either individuate objects or identify them, and then we tested those models on the same cue weighting task given to children. Like infants, the individuation-trained model showed stronger spatial weighting, whereas, like preschoolers, the identification-trained model showed stronger featural weighting. These results suggest that different visual objectives across development may lead to differences in how visual information is extracted and weighted when looking at objects.",computational cognitive science / cognitive modeling,artificial intelligence / machine learning+psychological / behavioral research+experimental neuroscience (systems / cognitive)
Extended_Abstracts,16,pending,A Nonlocal Variational Framework for Optimal Neural Representations,"Despite decades of study it still remains unclear how neural populations should organize their representation of sensory, motor, and cognitive variables so as to optimize discriminability. There are two important limitations in previous works. First, Fisher information (FI) is commonly used to measure the quality of population codes (Seung and Sompolinsky, 1993), yet FI is fundamentally a local measure that is incapable of capturing global structures of the representation, as is needed in coarse discrimination (Berens et al., 2011). Second, simplified forms of tuning functions (such as Gaussian bumps) are usually imposed for analytic tractability, but in real neural data, tuning curves are diverse and in most cases defy being described by an overly simplistic structure. Here, we tackle these issues by focusing on the representation of a one-dimensional periodic variable $\theta$ and analytically minimizing the average binary classification error between all $\theta$ pairs without any restriction on the shape of the tuning curves for various noise models. Our cost function accounts for both fine and coarse discrimination and the feasible set is an infinite-dimensional function space, making our formulation a nonlocal variational problem. We obtained the solution by viewing the space of neural response distributions as a Riemannian manifold in the sense of information geometry (Amari, 2016) and using a result from knot energy theory (Abrams et al., 2003). The optimality of the derived representation is demonstrated with simulations. We deduce two predictions from the model, one concerning the range of tuning curve shapes and the other relating neurons' variability to their tuning sharpness. Both of these predictions are verified in a head-direction cell dataset (Duszkiewicz et al., 2024). Our results point to a new framework for studying the global structure of neural representations.",theoretical / computational neuroscience,
Extended_Abstracts,18,pending,Representational drift dominates cross-session decoder degradation in mouse primary visual cortex,"Primary visual cortex (V1) carries rich stimulus representations, yet mice often
fail to fully exploit this information during behavior. What constrains the
translation from neural representation to behavioral readout? Using the Allen
Institute Visual Behavior Two-Photon dataset (32 mice, 204 sessions, Slc17a7-Cre
line, GCaMP6f), we trained five decoder architectures (logistic regression,
multilayer perceptrons, and a temporal convolutional network) to classify eight
natural images from V1 population activity. Intra-session decoding achieved a
median accuracy of 85.2\% (chance: 12.5\%), with logistic regression matching
nonlinear models in over 50\% of sessions, indicating that V1 representations
are largely linearly separable. Surprisingly, decoder accuracy was negatively
correlated with mouse behavioral performance (hit rate: $\rho = -0.295$,
$p < 0.001$, controlling for population size), and arousal proxies (pupil area,
running speed) did not predict decoding accuracy ($\Delta R^2 = 0.004$,
$p = 0.80$). To investigate temporal constraints on readout, we developed a
decomposition framework that isolates three sources of cross-session accuracy
loss: neuron loss from imperfect tracking, representational drift, and
gain/scale shifts. Across 241 session pairs, representational drift accounted
for 59.5\% of the total accuracy drop ($\sim$19 percentage points), compared to
31.6\% for neuron loss and 8.9\% for gain shifts. Drift was significantly greater
for novel than familiar stimuli ($p < 10^{-8}$), scaled with inter-session
interval ($\rho = 0.258$), and was pair-specific rather than a stable mouse
trait (ICC $= 0.287$). These results suggest that representational drift, rather
than arousal-gated processing or limited neural information, poses the primary
challenge for stable downstream readout from V1.",experimental neuroscience (systems / cognitive),theoretical / computational neuroscience
Extended_Abstracts,19,pending,Continuous Attractor Neural Networks Toolkit: Standardizing Computational Neuroscience Research on Attractor Dynamics,"Continuous attractor neural networks (CANNs) are a canonical computational model for how the brain encodes continuous variables such as spatial position, head direction, and moving direction. They successfully explain key phenomena in hippocampal place cells,
entorhinal grid cells, and head direction systems. Despite their importance, CANN research suffers from fragmentation: researchers
implement models from scratch, use incompatible codebases, and face significant reproducibility barriers.

We present a unified Python toolkit for CANN research built on BrainPy and JAX, providing standardized implementations, analysis pipelines, and reproducible experimental workflows. The toolkit includes: (1) a model library covering mathematically tractable 1D/2D CANNs, spike-frequency adaptation (SFA) augmented models, and grid cell networks; (2) task generators for smooth tracking, population coding, and open/closed-loop navigation; (3) an analyzer suite with energy landscape visualization, tuning curve analysis, and topological data analysis (TDA) for characterizing attractor geometry; and (4) the Attractor Structure Analyzer (ASA) pipeline---a GUI/TUI tool for applying TDA-based methods to experimental neural recordings to detect attractor signatures.

The toolkit reproduces key published results including SFA-driven anticipative tracking dynamics and theta-sweep phenomena in head
direction and place cell systems, providing trusted baselines for new modeling studies. High-performance computation is achieved via JAX JIT compilation with GPU/TPU support and optional Rust-accelerated backends for performance-critical routines.

By standardizing the CANN research workflow, analogous to how Hugging Face Transformers unified NLP research, this toolkit lowers barriers for computational neuroscientists, AI researchers, and students, and enables direct comparison of alternative mechanisms under shared experimental setups. We demonstrate the toolkit's capabilities through simulations of canonical attractor phenomena and analysis of spatial navigation dynamics.",theoretical / computational neuroscience,artificial intelligence / machine learning+experimental neuroscience (systems / cognitive)
Extended_Abstracts,20,pending,Domian-Specific Stimulus Coding and Domain-General Confidence Signals Across Cognitive Tasks,"How the brain transforms uncertainty into subjective confidence is a central question in metacognition. Confidence depends on at least two sources of information: stimulus uncertainty, reflecting the reliability of stimulus evidence, and decision uncertainty, reflecting how close an internal representation is to a choice boundary. Yet it remains unclear whether these cues are processed by shared neural systems across tasks or by task-specific mechanisms. Using fMRI, we examined three tasks—random dot motion, visual short-term memory, and numerical comparison—that independently manipulated these two uncertainty sources. Across tasks, confidence showed a similar interaction between stimulus and decision uncertainty, indicating a common pattern of cue integration. fMRI results further revealed task-specific effects of stimulus uncertainty, whereas decision uncertainty and interaction-related contrasts showed shared activations across tasks. These findings suggest domain-specific coding of stimulus uncertainty but domain-general networks for confidence evaluation and uncertainty-related action control.",experimental neuroscience (systems / cognitive),computational cognitive science / cognitive modeling
Extended_Abstracts,21,pending,The impact of noise on memorability in minds and machines,"Recent evidence suggests that image memorability, the intrinsic likelihood that an image will be remembered, relates to the processing efficiency of the image.  One unknown impact is the effect of introducing noise into this process.  By comparing a variety of memorability prediction models against human performance on a memory task with differing noise levels, I found a striking difference between the impact of noise on each: noise degrades memorability in humans but enhances it in machines, but only for low memorability images.  In contrast, high memorability images are resistant to noise in humans, but degraded in machines.   I present here a new memorability model that incorporates inter-image differences, is robust against noise, and more closely matches human performance.",computational cognitive science / cognitive modeling,artificial intelligence / machine learning
Extended_Abstracts,22,pending,"Temporal Dynamics of Spatial Frequencies in Visual Word, Object, and Place Recognition","It is widely believed that, in visual recognition, low spatial frequencies (SFs) are processed first, then followed by higher SFs. This view is known as the coarse-to-fine theory (Barr, 2003). We studied the temporal dynamics of spatial frequency (SF) processing in visual recognition in three experiments involving word (Exp.1), object (Exp.2) and place (Exp.3) recognition in normal adult observers. The target stimuli were made of an additive combination of the signal (target image) and of a visual white noise patch wherein the signal-to-noise ratio (SNR) varied randomly across stimulus duration. Four SF conditions were defined, with center frequencies of 1.2, 2.4, 4.8 and 9.6 cycles per degree. The results indicate a complex, non-sequential pattern of SF processing which varies across stimulus classes. In Exp.1 (words), the highest SF range dominates early processing, with a shift toward lower SFs later on. In Exp.2 (objects), initial processing was dominated by the 4.8 cpd band, followed briefly by 9.6 cpd, then 1.2 cpd, and finally 2.4 cpd. In Exp.3 (places), processing was dominated first by the 2.4 cpd band, followed by 9.6 cpd and 4.8 cpd bands. These findings challenge the coarse-to-fine theory and show that SF processing order varies across object categories. In each experiment, a machine learning algorithm successfully classified (with >90% accuracy) individual data patterns according to SF condition. This means that SF bands are processed by mechanisms that are dissociable based on their temporal features.",psychological / behavioral research,experimental neuroscience (systems / cognitive)
Extended_Abstracts,23,pending,Representational Geometry Reflects the Dynamics of Experience: Evidence from Relational Learning of Emotion Concepts,"Knowledge about emotional events is organized in a low-dimensional affective space defined by valence and arousal dimensions. The geometry of this space varies systematically, with differentiation of similarly valenced emotions emerging across development. Here, we test the hypothesis that distortions in representational geometry arise from variation in the transition statistics of emotional experiences. Using the Tolman-Eichenbaum Machine, a computational model of relational learning, we simulated agents exposed to identical environments but differing in transition dynamics. Comparing model-derived representations of emotion concepts to human similarity judgements from an archival dataset ($\textit{n}$ = 92), we find that representations learned under reduced sampling of the arousal dimension better capture young participants’ judgements, whereas uniform sampling better captures older participants behavior. These findings suggest that transition statistics may play an important role in shaping how the brain organizes emotion knowledge to enable flexible behavior in complex environments.",computational cognitive science / cognitive modeling,psychological / behavioral research+theoretical / computational neuroscience
Extended_Abstracts,24,pending,Behavioral and neural correlates of conflict prediction,"Humans proactively adjust cognitive control by predicting the likelihood of conflict from past experience. However, the behavioral and neural signatures of such predictions remain incompletely understood. Here, we analyze a large EEG dataset (n = 1000) from a flanker task to characterize trial-by-trial conflict prediction using a reinforcement-learning model. Higher predicted conflict was associated with improved performance on incongruent trials, reflected in increased accuracy and longer reaction times, suggesting increased response caution. These effects were accompanied by enhanced pre-stimulus midfrontal theta-to-beta activity, consistent with proactive control engagement. Together, these findings provide converging behavioral and neural evidence that humans anticipate control demands and adjust behavior accordingly.",computational cognitive science / cognitive modeling,psychological / behavioral research+experimental neuroscience (systems / cognitive)
Extended_Abstracts,25,pending,Classification of Strategies in Reversal Learning Tasks Using a Mixture Model,"People employ different strategies for continuous environmental learning, and in the presented study we developed a computational model to disentangle these on the single-subject level. Simulations confirmed the model could correctly identify the generative strategy, though refinement is needed for a more flexible fitting procedure. Initial fitting of a constrained version to choice data showed promising results, identifying different behavioral strategies across participants. Future work will refine the model and examine how these strategies are expressed on the neural level using 7T fMRI.",computational cognitive science / cognitive modeling,psychological / behavioral research+experimental neuroscience (systems / cognitive)
Extended_Abstracts,26,pending,A model-based alternative to cluster-based permutation tests for the analysis of time-resolved data,"A central analytic goal in cognitive neuroscience is to determine whether, when, and where neural responses differ across conditions or groups. The standard solution relies on mass-univariate testing with multiple-comparison correction, often through cluster-based permutation methods. Although these methods control error rates effectively, they do not support precise inference about the onset or offset of an effect because inference is made at the cluster level rather than at individual time points. We introduce a model-based alternative based on Bayesian generalised additive multilevel models (BGAMMs), which estimate smooth time-resolved effects while accounting for temporal dependencies and between-participant variability. The method yields posterior odds that an effect is above zero (or above chance) at each time point, enabling direct probabilistic statements about temporal localisation. We benchmarked the approach on simulated EEG data with known ground-truth onset and offset and compared it against raw mass-univariate tests, FDR and FWER corrections, cluster-based permutation tests, threshold-free cluster enhancement, and changepoint detection. Across 10,000 simulated datasets, the BGAMM approach showed the lowest bias and error for both onset and offset estimation. We then applied the method to empirical MEG decoding time courses and evaluated stability across many split-half subsets of participants. The proposed approach produced interpretable clusters and highly stable temporal estimates, while standard methods were either overly lenient or less precise. These results suggest that Bayesian additive multilevel modelling provides a practical and more temporally precise alternative to cluster-based inference for analysing time-resolved data. To facilitate adoption, we implemented the method in an open-source R package; repository details are omitted for double-blind review and will be provided upon acceptance.",computational cognitive science / cognitive modeling,
Extended_Abstracts,27,pending,Intra- and Inter-Regional Neural Excitation Model Identifies Age-Related Effects,"Biophysical models have enabled the investigation of excitatory and inhibitory neural interactions in silico. However, understanding how local and long-range neural interactions jointly shape large-scale brain dynamics remains a major challenge because existing models cannot estimate the relative contributions of intra- and inter-regional excitation. Here, we introduce a new metric, the recursive-ratio (R-ratio), which quantifies the balance between local (i.e., intra-regional) and long-range (i.e., inter-regional) excitatory contributions. We found that the R-ratio exhibits a systematic spatial gradient along the cortical hierarchy, with lower values in sensory regions and higher values in association regions. In older adults, the R-ratio increased with age and showed a significant positive association with the amyloid standardized uptake value ratio. These findings suggest that the balance between intra- and inter-regional excitation provides a more interpretable framework for understanding large-scale brain dynamics, thereby revealing biologically plausible age-related effects.",theoretical / computational neuroscience,computational cognitive science / cognitive modeling
Extended_Abstracts,28,pending,Perceptual Consciousness Facilitates Model-based Decision Making,"Flexible behaviour requires prospective evaluations of actions and their potential outcomes. On some theoretical accounts, perceptual consciousness evolved to support such flexibility by enabling the integration of perceptual information during action planning. In parallel, computational research in reinforcement learning distinguishes between two decision making strategies: model-based control that relies on internal representations of environmental structure, and model-free control that depends on stimulus–reward associations. Although these frameworks have been widely used to characterise decision making, the role of consciousness in enabling model-based control remains untested. We tested this using a modified two-step reinforcement learning paradigm in which cues signalling the transition structure were presented either above or near perceptual threshold. We found that model-based patterns of decision making emerged when the structural cue was consciously accessible, whereas behaviour was more consistent with model-free strategies when the cue was near perceptual threshold. This suggests that conscious perception of environmental structure facilitates model-based decision making, supporting functional accounts that link perceptual consciousness to flexible, goal-directed control of behaviour.",computational cognitive science / cognitive modeling,psychological / behavioral research
Extended_Abstracts,29,pending,LLMs Lack Dissociable Planning Failures Observable in Humans and Deep RL on Tower of Hanoi,"Planning is thought to rely on coordinated, brain-wide computations that generate and execute action sequences under environmental constraints (Goel & Grafman, 1995; Grafman et al., 1992; Schmahmann & Sherman, 1997). Experimental studies have identified key contributions from regions such as the prefrontal cortex (PFC) and cerebellum. We propose that modular deep reinforcement learning (RL) agents capable of solving human-level planning tasks can provide a framework for understanding how different brain regions contribute to planning. We employ MuZero and the Tower of Hanoi (ToH) task to investigate the roles of distinct neural systems in goal-directed planning and behaviour. By performing targeted network ablations, we show that ablation of the MuZero value network reproduces behavioural patterns observed in patients with PFC damage, whereas ablation of the MuZero policy network mirrors deficits associated with cerebellar  atrophy (CA). In contrast, we show that LLMs capture PFC deficits, but fail to capture cerebellar-like deficits.",psychological / behavioral research,computational cognitive science / cognitive modeling+theoretical / computational neuroscience
Extended_Abstracts,30,pending,Driving in the scanner: a versatile platform for studying naturalistic human spatial navigation,"How the human brain orchestrates the continuous perception-cognition-action loop that underpins real-world navigation constitutes a key question in neuroscience. Typical neuroimaging experiment designs make it difficult to compare results across experiments and to assess the ecological validity of findings. To address these challenges, we built a naturalistic driving simulator for fMRI and applied voxelwise encoding models to the resulting data across several studies. Results reveal the broad cortical network that mediates active, naturalistic navigation, widespread task-related visual semantic tuning shifts across the cerebral cortex, and the relative contribution of many navigation-related representations in the same setting. These studies demonstrate that naturalistic experiments combined with voxelwise encoding models provide a versatile neuroimaging platform to study the human brain systems mediating naturalistic behavior.",experimental neuroscience (systems / cognitive),computational cognitive science / cognitive modeling
Extended_Abstracts,31,pending,A Computational Signature of Self-Monitoring in Perceptual Confidence,"Perceptual confidence is typically modeled as a direct readout of stimulus uncertainty and decision evidence, but it remains unclear whether confidence evaluations also incorporate higher-order monitoring of one's own decisional tendencies. Here, we tested whether category-specific response bias influences confidence. In Experiment 1, participants performed noisy 4-choice and 8-choice digit-classification tasks. Although response bias positively predicted confidence in simple regression analyses, this relationship reliably reversed after controlling for accuracy and reaction time (RT): systematically over-selected categories received lower confidence. In Experiment 2, leveraging an independent 8-choice dataset with varying task demands, this negative conditional correlation replicated under accuracy-focus conditions but was strongly reduced under speed-focus, indicating a deliberative, resource-dependent process. Standard artificial neural networks (ANNs) failed to exhibit this human-like signature, instead displaying persistent overconfidence in biased categories. However, augmenting these networks with a simple metacognitive module, which tracked historical over-selection and selectively penalized confidence readouts, successfully restored the human-like reversal. Together, these findings reveal that human confidence relies not merely on feedforward perceptual evidence, but also on the active self-monitoring of endogenous response tendencies.",computational cognitive science / cognitive modeling,artificial intelligence / machine learning+computational cognitive science / cognitive modeling+psychological / behavioral research
Extended_Abstracts,32,pending,Determinants of relative value coding in artificial and biological networks,"Value is a fundamental variable in decision-making, integrating potential cost and benefit information into a unitary quantity to guide the selection process. While rational choice theory assumes that options are assigned absolute values, independent of other available alternatives, biological decision processes often rely on comparative evaluation and decision-related brain circuits employ a relative rather than absolute value code. While relative value coding is widely observed, it is unknown why such coding arises and what function it serves. Here, we examine what environmental and internal factors drive relative reward coding in deep neural networks trained in economic decision tasks. We find that relative value coding: (1) arises naturally in deep networks, (2) decreases when coding capacity (layer size, network depth) is expanded, and (3) increases when inputs exhibit more statistical structure (correlated variability). Furthermore, the degree of relative value coding is modulated by both internal and external noise. Together, these findings suggest that relative valuation reflects an efficient coding process, optimizing network performance under information processing constraints.",theoretical / computational neuroscience,experimental neuroscience (systems / cognitive)
Extended_Abstracts,33,pending,Hippocampal map-like knowledge transfer between spatial and abstract domains,"Cognitive maps putatively help extrapolate relational knowledge from one situation to another. Despite mounting evidence for spatial and abstract map-like knowledge representations in the hippocampus, whether humans flexibly transfer these knowledge representations between spatial and non-spatial tasks is unclear. We tested if the human hippocampus and medial prefrontal cortex(mPFC) support map-like knowledge transfer between spatial and abstract domains. In interleaved tasks, subjects viewed paintings to infer two abstract
attributes or their spatial location in a gallery, where paintings sometimes conserved the same relative position in both tasks. The hippocampus and mPFC represented the distance between paintings in both abstract and physical spaces. Testing for transfer of
position codes, the hippocampus selectively conserved a generalized representation of stimuli position. In contrast, mPFC tracked a conjunction of transfer-related variables. These results suggest the hippocampus generalizes map-like representations across domains and mPFC reflects latent task structure to support flexible knowledge transfer.",experimental neuroscience (systems / cognitive),psychological / behavioral research
Extended_Abstracts,34,pending,Familiarity Affects Sequence Working Memory Codes in Macaque Prefrontal Cortex and Recurrent Neural Networks,"Sequence working memory (SWM) is affected by familiarity of the memoranda, but the neural mechanisms underlying this familiarity remain unclear. We investigated this question by recording prefrontal cortex (PFC) activity in macaques using a 2-item SWM task. We compared neural activity associated with “overtrained” versus random or “non-overtrained” sequences. Recurrent neural networks (RNNs) were trained to perform the same task to investigate computational mechanisms. Behavioral results showed a more accurate recollection of the overtrained sequences in both animals and RNNs. Neural decoding analyzes indicated that both individual item and sequence identity information were decodable by the activity of the PFC population, although this information was found primarily during the late delay period instead of being persistent as previously reported. Neural decoders distinguished the overtrained sequences more accurately and obtained biased predictions favoring the overtrained second items (I2) given corresponding first items (I1). We further investigated the low-dimensional representation of sequential items and whether the animal memorized the sequence as one integrated object or as two separate objects. We first estimated a one-dimensional representational space for each item, and we found that I1 and I2 spaces were near-orthogonal in macaque PFC. We then constructed a 2D space representing I1-I2 sequences by spanning the two 1D spaces. Projections showed that I1-I2 identity was coded as the composition of I1 and I2. We further asked whether overtraining affected the sequences representational configurations on this space, and we found the overtrained sequences were more differentiated in the space. Altogether, our results revealed that familiarity warps the representational space of WM in prefrontal cortex.",computational cognitive science / cognitive modeling,artificial intelligence / machine learning+psychological / behavioral research+theoretical / computational neuroscience+experimental neuroscience (systems / cognitive)
Extended_Abstracts,35,pending,"Word Meaning, not Co-occurrence Statistics, is Essential for Predictive Speech Processing","Speech processing is widely viewed as predictive: the brain computes a prediction error, or how word predictions differ from the actual perceived word, to infer sentence meaning. However, whether prediction error is computed from representations of word meaning or co-occurrence statistics is unknown. To address this, we examined how well surprisal from a large language model (LLM), a co-occurrence-based proxy of prediction error, accounts for how humans process words when their meaning is ambiguous. In one self-paced reading and one MEG experiment, ambiguity abolished the ability of LLM surprisal to predict word processing demands: slower reading and stronger neural responses. This suggests that the language network uses word meaning, rather than co-occurrence statistics alone, to compute prediction error. These findings highlight the limits of LLMs as models of the human language faculty.",experimental neuroscience (systems / cognitive),psychological / behavioral research
Extended_Abstracts,36,pending,Mechanisms of plasticity in human visual cortical representations underlying mnemonic discrimination,"The visual brain remains plastic throughout life, but how  visual cortical representations in humans mediate this plasticity remains incompletely understood. Here we trained healthy adults (n = 31) for 8 weeks on an adaptive mnemonic discrimination task and recorded magnetoencephalography (MEG) before and after training during passive viewing of trained and untrained objects. We found that training induced a selective reorganization of visual processing. Without loss of decodability processing dynamics became more transient, as indexed by decreased generalization in time generalization analysis. Spectral analysis revealed enhanced representation in low-frequency bands (4-14 Hz), and geometric manifold analysis revealed compressed neural manifold radius with preserved dimensionality. We found a double dissociation with behavior: increases in transient dynamics predicted discrimination speed, while spectral enhancement and geometric compression predicted discrimination precision. Our findings reveal the mechanisms of visual cortex plasticity underlying mnemonic discrimination at the population coding level, suggesting that training optimizes sensory representations along complementary dimensions for downstream decision making.",experimental neuroscience (systems / cognitive),computational cognitive science / cognitive modeling
Extended_Abstracts,37,pending,Neuroticism contributes to cognitive decline and Alzheimer’s disease through dysregulation of excitatory neurons,"Neuroticism is an established risk factor for Alzheimer’s disease (AD), yet the pathways linking this personality trait to neurodegeneration remain unclear. Leveraging longitudinal clinical data and single-nucleus RNA-sequencing of the human brain, we investigated the mechanisms underlying the relationship between neuroticism and AD. We identified two genes associated with neuroticism, both of which were downregulated in excitatory neurons: ADRA1B and LY6E-DT. Altered expression of these genes was associated with enrichment of a specific subpopulation of excitatory neurons, Exc.12. We found that Exc.12 mediates the relationship between neuroticism and AD. Notably, this mediation effect was independent of classic Aβ and tau disease pathology. In summary, framing neurodegeneration through the lens of neuroticism highlights the dysregulation of excitatory neurons as a contributor to cognitive decline and AD.",theoretical / computational neuroscience,psychological / behavioral research+theoretical / computational neuroscience
Extended_Abstracts,38,pending,"It’s complicated: mood, behaviour and reward interactions within social media","Despite widespread concern about social media's impact on youth wellbeing, the specific mechanisms through which interactions with the social media feed affect mood remain unclear. We present two experiments using a social media simulator to disentangle the relationships between the mood of participants, their behaviour and the quality of the content in the feed. In experiment 1 (n = 709, preregistered), participants viewed a feed with forty images in a 2 (content quality: high vs. low) × 3 (behaviour type: like, dislike, scroll) between-subjects design. We found that behaviour in the feed significantly predicted final mood  (p = .001) and that baseline mood positively predicted perceived content quality (p < .001). In experiment 2 (n = 111), a free-choice version of the experiment showed that baseline mood shaped which behaviours participants were likely to exhibit. These results provide an argument for moving beyond simplistic narratives toward mechanistic accounts of how (and which) specific user–platform interactions shape mood, and in the long-term, well-being.",psychological / behavioral research,computational cognitive science / cognitive modeling
Extended_Abstracts,39,pending,Self-Supervised Modelling of Social Primitives in Human Dyads,"Social interactions rely on dyadic primitives---interpersonal distance, facingness, and contingent motion---that are central to brain social perception. Yet they have rarely been explicitly modeled computationaly. 
We introduce HumanLISBET, a self-supervised pose model that encodes clinician-child dyads. 
Using 65 hours of unlabeled interactions for training, we evaluate the model on 119 children across 19 clinical targets (ADOS-2, Vineland-II).
We evaluate HumanLISBET against several benchmarks, including a kinematic null model. Our model proves competitive for ASD diagnosis (AUROC${=}0.77$) and significantly outperforms baselines on relational Vineland-II subscales (Personal, Community), though it underperforms on ADOS-2 severity and the non-relational Domestic subscale.
This selective pattern suggests that the embedding captures relational social dynamics, while session-level aggregation discards part of the temporal structure needed for social affect.",psychological / behavioral research,artificial intelligence / machine learning
Extended_Abstracts,40,pending,Automated Discovery of Cognitive Collaboration Dynamics,"People often develop conventions that allow them to divide cognitive labor efficiently, even without real-time reward signals to guide coordination. The computational dynamics underlying this process remain poorly understood. We apply SPICE (Sparse and Interpretable Cognitive Equations), a novel framework that distills recurrent neural networks into symbolic equations, to model convention formation in a collaborative visual working memory task. Participants (N = 128 dyads) worked in pairs to memorize a 4x4 grid. Each participant could see the square their partner was studying in real time, allowing them to form tacit conventions to split up the grid. We applied SPICE to model participants’ memory encoding strategies as a latent value function that evolves over time. The dynamic equations discovered by SPICE did not include terms for how long it had been since the participant or their partner had studied a stimulus, suggesting that participants’ encoding strategies were not sensitive to memory decay. Instead, we found evidence for a simple repulsion heuristic: Participants avoided encoding stimuli that their partner had already encoded.",computational cognitive science / cognitive modeling,psychological / behavioral research
Extended_Abstracts,41,pending,Super-diffusive memory search drives fast and accurate decisions,"How does the mind rapidly find relevant decisional evidence in memory? In the present work, we investigate whether humans leverage super-diffusive memory search to rapidly locate relevant decisional evidence. Firstly, we show via computational model simulations that super-diffusive search allows agents to span more of their memory space, retrieving information that influences choice more. This produces faster and more accurate decisions. Secondly, we present initial results (N = 8) from a human subjects experiment that characterizes the super-diffusivity of memory search from gaze trajectories measured with eye-tracking. In line with the simulations, super-diffusive trajectories were associated with faster and more accurate decisions. These results suggest that super-diffusive memory search may drive the powerful efficiency of human decisions.",computational cognitive science / cognitive modeling,psychological / behavioral research
Extended_Abstracts,42,pending,"During natural vision, semantic novelty modulates fixation-related processing in primate cortex","We sample visual scenes with short gaze fixations separated by saccades. While low-level transsaccadic integration is known, semantic integration across multiple fixations remains unclear. We hypothesized that the brain predicts semantic information from one fixation to the next, and therefore postulated a neural signal associated with semantic novelty for each saccade. Novelty was measured using a deep network on foveal vision. Novelty modulated frontal and occipital fixation-related potentials in human EEG during natural viewing of full-length movies ($3.4 \times 10^{6}$ saccades). Intracranial recordings in humans ($9.0 \times 10^{4}$ saccades) and non-human primates ($3.3 \times 10^{4}$ saccades) revealed broadband high-frequency activity modulations in ventromedial visual streams and frontal brain areas. This modulation was stronger for movies than static images, and frontal modulation preceded occipital modulation, suggesting top-down effects. This ubiquitous modulation of fixation-related activity with novelty suggests that foveal representations are integrated across saccades in primates.",computational cognitive science / cognitive modeling,experimental neuroscience (systems / cognitive)
Extended_Abstracts,43,pending,Transitivity can redeem the reversal curse in attention models,"Despite their remarkable abilities, attention-based language models show a basic generalization failure known as the reversal curse: they fail to infer ""A -> B"" after training on ""B <- A"". We study this phenomenon in a minimal two-layer linear attention model trained on a tournament task to predict binary labels for entity pairs. The model exhibits the reversal curse when the tournament is intransitive, but overcomes it when the tournament is transitive (i.e., if A -> B and B -> C, then A -> C). This behavioral difference can be explained by a representational difference. We derive a reduction that decomposes the model's computation into two distinct components: an additive term that ranks the entities, and a conjunctive term that memorizes specific pairs. The model relies on additive representations that support relational generalization in the transitive case, while it relies on conjunctive representations that do not support generalization in the intransitive case. These results show how transitivity can redeem the reversal curse while clarifying why many intransitive yet reversible relations remain cursed.",artificial intelligence / machine learning,theoretical / computational neuroscience
Extended_Abstracts,45,pending,Feedback-gated synaptic modulation enables context-dependent computation in recurrent neural networks,"Recurrent neural networks (RNNs) are widely used to model sequential processing in cortical circuits, yet they typically omit a key feature: contextual feedback from higher-order regions that modulates synaptic integration at the dendritic level. Such modulation is achieved through synaptic clustering and nonlinear dendritic integration, enabling input-specific regulation of individual synaptic contributions. Here we introduce Gating on Weights with Feedback (GaWF), a biologically inspired RNN architecture in which feedback signals dynamically gate individual synaptic weights—contrasting with conventional gated RNNs (LSTMs, GRUs), where gates are driven by local network activity and act on hidden unit states. We evaluate GaWF on a dynamic visual task requiring continuous tracking of a target digit amid randomly moving distractors, called the Cluttered Tracking MNIST task (CT-MNIST). GaWF generalizes substantially better than conventional gated RNNs, which overfit the training sequences. Interpretability analysis of the learned gating signals reveals selective enhancement of input connections associated with the target’s spatial location, suggesting a mechanism for feedback-driven, input-specific modulation analogous to gain control in cortical systems.",theoretical / computational neuroscience,artificial intelligence / machine learning
Extended_Abstracts,46,pending,QualiaNet: An Experience-Before-Inference Network,"Human 3D vision involves two distinct stages: an Experience Module, where stereo depth is extracted relative to fixation, and an Inference Module, where this experience is interpreted to estimate 3D scene properties. Paradoxically, although our experience of stereo vision does not provide us with distance information, it does affect our inferences about visual scale. We propose the Inference Module exploits a natural scene statistic: near scenes produce vivid disparity gradients, while far scenes appear comparatively flat. QualiaNet implements this two-stage architecture computationally: disparity maps simulating human stereo experience are passed to a CNN trained to estimate distance. The network can recover distance from disparity gradients alone, validating this approach.",computational cognitive science / cognitive modeling,
Extended_Abstracts,47,pending,Place Cells and Grid Cells Refine Each Other: A Clone-Structured Cognitive Graphs Model,"Place cells and grid cells support complementary roles in spatial cognition, yet the computational mechanisms underlying their mutual refinement remain unclear. Using Clone-Structured Cognitive Graphs (CSCG), a cloned HMM of hippocampal-entorhinal interactions, we demonstrate three reciprocal effects. First, augmenting sensory observations with grid codes improves learned spatial graph fidelity to better reconstruct the room layout. Second, the learned place cell graph can stabilize corrupted grid codes: even when grid input is fully noisy, the model recovers grid phases with high accuracy, consistent with hippocampal necessity for grid cells. Third, when a model trained in room A is tested in room B (a deformed version of room A), the recovered grid pattern exhibits boundary-anchored phase shifts selectively along the deformed axis, mirroring boundary-tethered rescaling observed in rodents. These results provide a unified account of reciprocal refinement of place and grid cells.",theoretical / computational neuroscience,artificial intelligence / machine learning+computational cognitive science / cognitive modeling
Extended_Abstracts,48,pending,Transformers capture individual differences in reinforcement learning via in-context learning,"Recent work has shown that neural networks trained to directly predict behavior can discover patterns not captured by cognitive models. This conclusion, however, is based on comparison to models fit at the population rather than the individual level. Population-level parameters may not capture behavior of any individual, even if the underlying model is correct. In contrast, neural networks such as transformers condition their predictions on previous observations ""in context"" and are thus capable of adjusting to individual differences on the fly via ""in-context learning"" (ICL). We reasoned that ICL may endow neural networks with the flexibility to adapt to individual differences, improving fits even when the network merely rediscovers the same cognitive model. Here, we train transformers on synthetic data generated by reinforcement learning (RL) agents and demonstrate that they can adapt to individual differences via ICL. Moreover, we show that ICL in this setting resembles hierarchical Bayesian inference, where learned weights determine a population-level prior, and ICL tunes predictions toward the likelihood as evidence is accumulated over the context. Finally, we evaluate Centaur, a large language model finetuned on human behavior, and find that it slightly outperforms individual-fit RL models, suggesting it may have learned regularities not captured by these models.",computational cognitive science / cognitive modeling,artificial intelligence / machine learning
Extended_Abstracts,49,pending,Normative modelling characterises individual brain heterogeneity and improves cognitive prediction in chronic moderate-severe traumatic brain injury,"Cognitive outcomes after traumatic brain injury (TBI) vary widely between individuals, yet most research relies on group averages that obscure this heterogeneity. This study examined whether normative modelling, a person-centred approach that quantifies how individual brain measures deviate from population expectations, can better characterise brain differences and improve prediction of cognition in chronic moderate-to-severe TBI. Individual brain deviation scores were computed using normative models trained on 58,046 brain scans, adjusting for age, sex, and site effects across cortical and subcortical regions and compared with raw brain measures. Group-level analyses suggested widespread brain differences, but normative modelling showed that most individuals fell within typical ranges, highlighting marked person-to-person variability. Models using normative brain measures predicted cognitive performance more accurately than models using raw morphometry, particularly for attention and working memory. These findings demonstrate that normative modelling captures meaningful individual differences and improves cognitive prediction after TBI.",psychological / behavioral research,computational cognitive science / cognitive modeling+experimental neuroscience (systems / cognitive)
Extended_Abstracts,50,pending,Shared neural circuits for brain-wide nonstationary dynamics,"Emerging electrophysiology technologies enable large-scale recordings across multiple brain areas, providing an opportunity to study brain-wide dynamics across behaviors and tasks. This endeavor, however, is often complicated by multiple asynchronous recording sessions (repeated measurements with electrodes reinserted) that capture a distinct, unmatched subset of neurons each time. Existing analyses either study each session separately, or overlook the time-varying nature of brain dynamics. We present a method that leverages multi-regional, multi-session data to uncover interpretable whole-brain dynamics that capture the temporal and spatial complexity of neuronal interactions. Rather than framing unmatched sessions as a limitation, we harness them to learn a coherent representation of neuronal dynamics in a low-dimensional latent space shared across sessions, with distinct projections from each session's observations. Each projection is defined by a few neuronal ensembles (sparse clusters of co-active neurons) whose neuronal members are partially and distinctly observed across sessions. Each ensemble exhibits a temporal activity trace, with the traces of all ensembles forming a per-session latent trajectory whose evolution is driven by the ensemble interactions. These ensembles’ interactions evolve non-stationarily over time and vary between sessions, yet they all arise from a shared set of a few core ensemble networks (`circuits’). The circuits' local decomposition, weighted by their activations at each time point, defines the evolving non-stationary interactions between ensembles. The re-usability of these circuits over time and sessions promotes interpretability, while their changing coefficients support temporal variability. We validate our method on synthetic data, and apply it to multi-regional Neuropixels recordings from mice performing a task. We found how multi-regional circuits encode task variables and show distinct activations in correct vs. incorrect trials. We further revealed that evolving circuit activations influence decision-making accuracy, with the Hippocampus supporting early task encoding and the Secondary Motor Cortex (M2) maintaining memory during the delay period.",theoretical / computational neuroscience,artificial intelligence / machine learning
Extended_Abstracts,51,pending,Neural Replay is Connected to Latent Cause Inference and Supports Fast Generalization,"How does the brain discover hidden structure and use it
to generalize value to unobserved situations? We combined
fMRI (N=52), a sequential bandit task with latent reward
structure, and Bayesian latent cause inference modeling
to test two proposed roles of neural replay: building
the cognitive map versus propagating value across
it. Backward replay in visual cortex selectively targeted
unobserved reward-sharing sequences, and trial-by-trial
replay fluctuations were significantly predicted by nonlocal
value updating but not by structure learning. These
findings indicate that replay implements fast value generalization
tightly guided by the inferred latent cause structure.",experimental neuroscience (systems / cognitive),computational cognitive science / cognitive modeling
Extended_Abstracts,52,pending,A Compositional Model of Semantic Fluency,"The ability to recall semantically connected concepts---be it animals, fruits, or capital cities---is a remarkable capacity of the human mind. Such semantic fluency is thought to rely on traversing a mental space in which concepts are represented by their meanings. However, the structure, properties, and navigability of this representational space remain enigmatic and are highly debated. Existing approaches rely either on complex, uninterpretable distributional word-embeddings or on rigid, hand-crafted category norms. Here, we exploit the strengths of both, introducing Conceptome: a compositional, interpretable, feature-based representation of semantic concepts, constructed using large language models. Using the compositional structure of Conceptome, we develop an autoregressive model, Conceptome-search, that characterises how humans traverse their mental space to retrieve concepts. Applied to an animal fluency task, Conceptome-search predicts human choices better than state-of-the-art models, offering new insights into the mechanisms underlying semantic fluency.",computational cognitive science / cognitive modeling,artificial intelligence / machine learning+computational cognitive science / cognitive modeling+psychological / behavioral research
Extended_Abstracts,53,pending,Continuous Temporal Difference Learning as a Unifying Theory of Dopamine Function Across Timescales,"Dopamine neurons are thought to signal reward prediction errors phasically and the opportunity cost of time tonically, while also displaying puzzling ramping activity during goal approach, and coupling with movement or velocity. These are often treated as distinct modes of dopamine function, each requiring its own computational explanation. Here we show that all can be unified by considering temporal difference learning within the context of continuous time, combined with the assumption that the brain computes value changes through a fast model-based process while maintaining a slower model-free cache. Together, the inclusion of these two ingredients explains phasic responses, tonic modulation between reward contexts, navigation ramps, speed scaling, and the fading of ramps with learning--without invoking separate mechanisms. We confirm these predictions across two independent datasets spanning freely-moving and head-fixed paradigms. Continuous temporal difference learning may thus provide a unified theory of dopamine function.",theoretical / computational neuroscience,experimental neuroscience (systems / cognitive)
Extended_Abstracts,54,pending,Memory Consolidation sharpens fine-grained structural representations in auditory sequence learning,"Systems consolidation is hypothesized to stabilize and reorganize memory into generalized knowledge frameworks, but whether it promotes abstraction or sharpens fine-grained structure remains debated. Here we designed a sparse community network governing rapid tone sequences to probe this question. 29 participants were exposed to such sequences and completed a forced-choice task assessing structural knowledge across 2 sessions separated by a week. Our findings demonstrate that on Day 1, participants successfully learned the community structure, showing sensitivity to both connectivity and community membership. On Day 8, we observed selective improvement for irregular transitions - where connectivity violates community schema. These findings suggest that systems consolidation refines detailed structural representations rather than abstracting toward coarse communities-level schemas.",psychological / behavioral research,computational cognitive science / cognitive modeling
Extended_Abstracts,55,pending,Simple 3D Pose Features Support Human and Machine Social Scene Understanding,"Humans effortlessly recognize social interactions from vision, yet the underlying computations remain poorly understood and challenge even advanced deep neural networks (DNNs). Here, we hypothesized that humans rely on 3D visuospatial pose information to make social judgments, which is largely absent from most DNNs. To test this, we used a novel depth-aware pose estimation pipeline to extract 3D body joints from short video clips and found they predicted human social judgments better than embeddings from over 350 vision DNNs. We then reduced these joints to an minimal feature set describing only the 3D position and direction of people, and found that this set, but not its 2D counterpart, was necessary and sufficient to match the full body joints' prediction performance. These minimal 3D features also predicted the extent to which DNNs aligned with human social judgments. Together, our findings suggest that human social perception relies on simple, explicit 3D pose information.",computational cognitive science / cognitive modeling,artificial intelligence / machine learning+psychological / behavioral research
Extended_Abstracts,56,pending,HOLMES: Hierarchical Online Learning of Multiscale Experience Structure,"Learning systems must balance generalization across experiences with discrimination of task-relevant details, requiring representations that support both. Online latent-cause models support incremental inference but assume flat partitions, whereas hierarchical Bayesian models capture multilevel structure but typically require offline inference. We introduce the Hierarchical Online Learning of Multiscale Experience Structure (HOLMES) model, a computational framework for hierarchical latent structure learning through online inference. HOLMES combines a variation on the nested Chinese Restaurant Process prior with sequential Monte Carlo inference to perform tractable trial-by-trial inference over hierarchical latent representations without explicit supervision. In simulations, HOLMES improved performance and representational efficiency compared to the flat latent cause model. These results provide a tractable computational framework for discovering hierarchical structure in sequential data.",artificial intelligence / machine learning,computational cognitive science / cognitive modeling
Extended_Abstracts,58,pending,Peptide-mediated timescale separation underlies Bayesian causal inference during multisensory integration,"Multisensory integration is critical for a diversity of behaviors in ancestral nervous systems \citep{weir2020molecular,birch2023multisensory,bostwick2020antagonistic,rajan2023single, Wood1988HabituationStentor}, but the capacity of the first ""true"" brains to perform complex computations such as inference has not been fully explored. Here we argue that one of the first bilatarian brains may perform approximate causal inference to determine whether separate sensory channels reflect a common input source \citep{Kording2007,Angelaki2009}. Our model of Bayesian causal inference uses timescale-separated computation to allow dynamic weighting of sensory inputs, which drives adaptive phototaxis behavior. We propose that neuropeptides serve as a putative biological substrate for this timescale separation due to their robust and global modulatory effect on small, basal brains \citep{Randi2023}. To test our model, we used a dataset of phototaxis behavior of planarian flatworms (\textit{Schmidtea mediterranea}) exposed to coherent and conflicting ocular (520\,nm) and extraocular (365\,nm) stimuli \citep{wyss2024neuropeptide}. Planarians exhibit a characteristic delayed onset of stimulus tracking under UV-only conditions, immediate tracking when UV and visible light are presented coherently, and graded responses under conflict conditions. RNAi knockdown of two neuropeptides, \textit{ppp-1} and \textit{spp-1}, eliminated the delay and produced immediate tracking, consistent with a disruption of slow evidence accumulation. Our model, which compares an integrated single-source model against a segregated two-source model via log-evidence accumulation, qualitatively reproduces stimulus tracking and ignoring behavioral trends across six lighting conditions, as well as the peptide knockdown phenotype. These results support the hypothesis that temporally separated computation enables planarians to perform approximate Bayesian causal inference and allocate sensory bandwidth to the most informative channel given accumulated evidence about source coherence.",experimental neuroscience (systems / cognitive),
Extended_Abstracts,59,pending,Modulation of synaptic connectivity by population activity,"Synaptic integration is fundamental to neuronal processing. While each synapse is often treated as independent of the activities of its neighbors, this neglects features of dendritic integration allowing interactions between them. Such interactions could alter the effective weight of a synaptic connection between a pair of neurons depending on the pattern of adjacent impinging synaptic activities. This pattern will be partly reflected in the ongoing activity of the local network. As a result, synaptic coupling should vary with the state of population activity. We determined if this was the case in rat motor cortex in vivo by tracking the effective strength of putative monosynaptic connections between pairs of single units, and mapping this on to the population activity space. A substantial proportion of excitatory monosynaptic connections were significantly enhanced during specific population activity modes. This suggests that effective connectivity at the lowest level of the cortical microcircuit varies with population state. Such a mechanism opens the door to new computational capabilities in biological neural networks.",experimental neuroscience (systems / cognitive),theoretical / computational neuroscience
Extended_Abstracts,60,pending,Dissociable temporal sequence-processing deficits from interneuron-specific perturbations in a cortical microcircuit model,"Excitatory-inhibitory (E/I) imbalance is widely invoked in neurodevelopmental disorders such as autism and schizophrenia, yet its cognitive consequences remain poorly understood at the level of individual interneuron subtypes. Temporal context processing is particularly vulnerable in these populations, but the underlying circuit mechanisms are unclear. A Dale-constrained cortical microcircuit including pyramidal neurons (PYR/E) and three interneuron classes – parvalbumin (PV), somatostatin (SOM), and vasoactive intestinal peptide (VIP) – with population-specific temporal carry states was trained on speech-like sequence classification. PYR carry ablation collapsed context-dependent accuracy to chance; SOM ablation produced a partial deficit; PV and VIP ablations left performance intact. Selective gain suppression revealed dissociable failure modes: VIP suppression caused sharp collapse in context use with elevated distractor susceptibility, while SOM suppression reduced both context benefit and intrusion to near zero, suggesting the context trace is too degraded to be disrupted. Deficits were specific to context-dependent processing, leaving local cue classification intact. These results show that interneuron-subtype dysfunction produces qualitatively distinct cognitive failure modes, framing E/I imbalance as a circuit-level signature. SOM-like dysfunction yields shallow, distraction-resistant context representations, whereas VIP-like dysfunction leads to broader collapse of contextual processing.",computational cognitive science / cognitive modeling,theoretical / computational neuroscience
Extended_Abstracts,61,pending,A multidimensional framework for episodic memory reveals age-related changes in underlying cognitive processes,"Episodic memory is inherently multidimensional, supported by the coordinated engagement of multiple cognitive processes. However, most prior work has examined these processes in isolation, leaving unclear how they co-occur, fluctuate over time, and interact to shape behavior. This limitation is particularly relevant for understanding cognitive aging, where memory impairment may arise from changes in the engagement, variability, and coordination of underlying processes. Recent machine learning approaches have identified neural “brain states” during encoding that predict subsequent memory performance, but these methods typically treat episodic memory as a unidimensional construct. Here, we propose a process-based framework in which trial-by-trial fluctuations in visual perception, sustained attention, and selective attention are quantified to better predict memory success and explain its underlying mechanisms. We recorded EEG while 43 younger and 32 older adults performed perception, attention, and episodic memory tasks. Classifiers trained to distinguish high versus low performance states in the perception and attention tasks were transferred to decode process engagement during memory encoding at millisecond resolution. This multidimensional approach significantly improved prediction of subsequent memory compared to traditional models. Each process explained unique variance in successful encoding, demonstrating independent contributions. Moreover, successful encoding was characterized by greater temporal variability in process engagement and stronger synchrony between processes, highlighting the importance of both flexibility and coordination. Critically, older adults exhibited reduced within-trial variability, indicating less flexible engagement of cognitive processes, while maintaining intact synchrony. Across participants, greater variability and synchrony predicted better memory performance. These findings suggest that age-related memory impairment may stem from reduced variability in the engagement of perceptual and attentional processes, consistent with neural flexibility accounts of aging. Together, these findings establish a general process decoding framework for tracking dynamic cognitive interactions, offering broad insights into complex cognition, including, but not limited to, the mechanisms underlying age-related memory impairment.",computational cognitive science / cognitive modeling,artificial intelligence / machine learning
Extended_Abstracts,62,pending,Perception as Phase-Based Dynamics over Competing Interpretations,"Conventional deep learning models do not explicitly represent competing interpretations and their interactions, typically collapsing representations into a single dominant hypothesis early in processing. We argue that structured dynamic interactions provide a principled alternative. This study proposes a phase-based neural architecture in which multiple candidate interpretations are maintained at each spatial location and resolved through Kuramoto-style synchronization. The model consists of two parallel pathways — form and luminance — organized into 4 blocks of 2 layers each with residual connections, and integrates cross-pathway information via Possible World Attention (PWA). Evaluated on grayscale CIFAR-10, the model achieves 81.73% accuracy with fixed random filters, demonstrating that dynamic interactions alone, without extensive feature learning, can drive strong performance. Ablation studies confirm that PWA is essential. Replacing it with simple concatenation drops performance to approximately 50%, regardless of channel count. This study suggests that a dynamics-based perspective enables both competitive performance and more straightforward interpretation of the model's internal processes.",theoretical / computational neuroscience,artificial intelligence / machine learning
Extended_Abstracts,63,pending,Neural Typicality During Naturalistic 7T fMRI Reflects Cognitive Performance in Multiple Sclerosis,"Naturalistic stimuli evoke shared neural dynamics across individuals, providing a structured reference for studying brain function under complex, real-world conditions. However, the functional significance of individual deviations from this shared response remains unclear. Here, we quantify Neural Typicality (Ntyp), defined as the voxelwise alignment between an individual’s fMRI time course and a population-derived reference response during naturalistic movie viewing at 7T. We test whether this alignment reflects a general property of cognitive function and whether it captures clinically relevant cognitive decline, focusing on people with multiple sclerosis (pwMS), where cognitive impairment is common but poorly quantified by existing measures.

Across participants, lower Ntyp is consistently associated with poorer performance across multiple independent cognitive tasks, establishing Ntyp as a domain-general correlate of cognitive function. In pwMS, even during passive naturalistic viewing, individuals show spatially clustered reductions in Ntyp. Critically, these same regions are those in which Ntyp most strongly explains behavioral variability, linking disease-related deviations in neural dynamics to cognitive performance.

These findings, which generalize across independent stimuli and sessions, suggest that alignment to a shared neural response reflects how effectively individuals process complex, naturalistic input, and that deviations from this response provide a behaviorally and clinically meaningful axis of brain function.",experimental neuroscience (systems / cognitive),computational cognitive science / cognitive modeling+psychological / behavioral research
Extended_Abstracts,64,pending,Robustness and Efficiency Organize Neural Wiring Across Primate Clades,"Structural connectomes provide a quantitative description of the neural wiring architecture of the brain, offering a bridge between anatomy and function across species. Prior work in neural coding has suggested a tradeoff between robustness and efficiency in neural coding, with macaques exhibiting greater robustness and humans exhibiting greater efficiency. Here, we test whether this principle extends from neural coding to neural wiring across primate evolution. We analyzed structural connectomes derived from diffusion MRI of 54 primates spanning 24 different primate species across four major clades. Networks were examined using graph theory-based measures and spectral properties of the normalized Laplacian. All measures were normalized relative to degree-preserving random networks. We find a consistent tradeoff between robustness and efficiency in neural wiring: nonhuman primates (NHPs) exhibit greater robustness, whereas humans show increased efficiency and complexity. Importantly, these properties vary systematically across primate clades, indicating a gradual evolutionary progression rather than a discrete species-level difference. These findings extend a functional tradeoff to the structural domain, linking neural coding and wiring within a unified framework. These results suggest that the evolution of the primate brain is constrained by a fundamental balance between structural resilience and computational efficiency.",theoretical / computational neuroscience,artificial intelligence / machine learning+computational cognitive science / cognitive modeling
Extended_Abstracts,65,pending,Making implicit assumptions of predictive processing explicit,"Predictive Processing (PP) is an umbrella term for mechanistic models of how the brain infers the sensory world. Although PP has been widely used to conceptualise experiments and interpret empirical results, their very success has led to a lack of conceptual rigour. Existing models incorporate numerous assumptions that are not always transparent to experimentalists, who often apply them in situations that violate the required assumptions. 

Here we formalise PP as an axiomatic framework building on two foundational assumptions: (1) the brain performs approximate Bayesian inference over the sensory input; (2) inference is approximately factorised along a representational hierarchy. Starting from these assumptions alone, we derive the computational elements required for perceptual inference, explicitly separating what is logically necessary, what is empirically established, and what remains unknown. We then apply the framework to two case studies, one theoretical and one experimental. First, we use the framework to study predictive coding under the Free Energy Principle, disentangling its implicit assumptions. Second, we map the empirical findings from classical oddball paradigms to the components of the framework, making clear what the empirical results show and what they do not. These two examples illustrate the power of the framework to clear up the conceptual fog.

The framework offers three main contributions: a common language for dissecting prominent models and clarifying their empirically testable differences; a theoretical scaffold free from unnecessary assumptions to guide the interpretation of experimental findings without prematurely resolving unknowns; and a map of the most pressing open questions in the field. By replacing implicit assumptions with an explicit formal structure, this work aims to put the dialogue between theory and experiment in PP on a firmer ground.",computational cognitive science / cognitive modeling,psychological / behavioral research+theoretical / computational neuroscience+experimental neuroscience (systems / cognitive)
Extended_Abstracts,66,pending,Visual and Auditory Deep Learning Models Capture Neural Representations of Naturalistic Social Interaction in the Superior Temporal Sulcus,"The superior temporal sulcus (STS) selectively processes multimodal social information, yet modeling its responses has relied on specific categories (e.g., face, body, voice), or low-dimensional human annotations. We tested whether pre-trained vision-language (CLIP) and audio-language (CLAP) deep learning models better predict STS activity during naturalistic movie viewing. The joint CLIP-CLAP model significantly outperformed a social-affective annotation model across all ROIs. PCA on encoding model weights and projecting on time points revealed interpretable dimensions: a social interaction along the primary dimension for both visual and auditory models. A shot size (close up) gradient for CLIP, and a novel emotional prosody gradient for CLAP along the second dimension. These models reveal that the STS encodes interpretable dimensions of social information across visual and auditory modalities.",theoretical / computational neuroscience,artificial intelligence / machine learning
Extended_Abstracts,67,pending,Interpreting Neural Encoding Models: Voxel-Level Feature Discovery with Causal Validation,"Deep neural network-based neural encoders have advanced our understanding of human visual system. However, most works have relied on correlational methods to produce hypotheses about functional selectivity, with limited causal validation. In this work, we trained an interpretable neural predictor and localized the representations used to predict each voxel's activation for individual images. We then used Large Language Models (LLMs) to decode these representations and perform counterfactual analyses to empirically examine the faithfulness of these descriptions. Overall, this work enables discovery of image-specific critical features for millimeter-resolution brain regions, allowing for a finer-grained understanding of neural response patterns.",theoretical / computational neuroscience,artificial intelligence / machine learning+computational cognitive science / cognitive modeling
Extended_Abstracts,68,pending,Universal and idiosyncratic dimensions in vision and language models,"Recent findings suggest that diverse artificial neural network models (ANNs) converge on a set of ""universal"" brain-aligned representational dimensions despite variation in architecture, task, and training data. This raises doubts about how much insight can still be gained from comparing ANN models in terms of their brain alignment. Here, we systematically assess similarities and differences between representational dimensions in vision and language ANNs. We find a subset of strongly brain-aligned dimensions that are universal across models, consistent with a convergence of diverse models. However, we also find systematic differences: even highly brain-aligned dimensions show a gap in cross-model generalization, map to distinct brain regions, and encode interpretable information. These results show that, alongside universal representational dimensions, idiosyncratic dimensions capture complementary aspects of neural representations. This highlights that idiosyncratic representational dimensions can be a critical source of insight and should not be overlooked when using ANNs to study neural representations.",artificial intelligence / machine learning,experimental neuroscience (systems / cognitive)
Extended_Abstracts,69,pending,A probabilistic model for context-dependent interval discrimination in mouse,"Adaptive decision-making in biological systems requires generating and updating predictions about the world. A key form of these predictions concerns the ""when"" of events, a process referred to as temporal predictive processing. How the brain forms and updates these temporal predictions remains unknown. To address this, we developed a blockwise interval discrimination task for mice and modeled their adaptive decision-making behavior by integrating temporal perception with latent beliefs about the environmental context. Within this framework, subjective time is modeled via a noisy sensory pathway consistent with scalar variability, featuring an internal accumulation process based on a gamma distribution. A parallel contextual branch estimates the latent block state using recursive Bayesian inference. These streams dynamically integrate to form a decision variable that governs probabilistic action selection. Furthermore, the model incorporates an uncertainty-modulated learning rule where trial-by-trial plasticity is driven by the variance of the context belief. Estimated through gradient-based maximum likelihood optimization enabled by the reparameterization trick, this interpretable framework provides a biologically plausible model of how neural systems achieve temporal predictive processing under uncertainty.",theoretical / computational neuroscience,experimental neuroscience (systems / cognitive)
Extended_Abstracts,70,pending,Steerable autoencoders model saccadic remapping and visual stability by linking identity to location in visual cortex,"Whenever the eyes move, the locations of attended targets must be updated to keep track of them despite their shift on the retina, a process called remapping. Here we show that each attended target’s identity can be connected to the locations of its features in early visual cortex through a steerable autoencoder model. The model is trained to appropriately shift the feature activity to the target’s new location with each saccade. It takes an input pattern, here from early retinotopic cortex, passes it through several layers of encoding to generate a high-level, low-dimensional representation that corresponds to the object areas of visual cortex. The model receives and integrates the upcoming saccadic movement information in this layer. This then returns through decoding layers to produce an updated output pattern, again in early visual cortex. In other words, the autoencoder predicts upcoming target locations following eye movements by using distributed information about eye position (gain fields). This process may be part of the visual system’s architecture, linking target properties across changes in retinal position as the eyes move.",computational cognitive science / cognitive modeling,artificial intelligence / machine learning
Extended_Abstracts,72,pending,Recycling and Co-option Are Dissociable Mechanisms of Cortical Reorganization,"When children learn to read, a region of ventral temporal cortex becomes selective for written words, yet this territory evolved long before writing existed. The dominant account of this phenomenon, cortical recycling, proposes that literacy reshapes prior visual representations to serve reading. However, recent work reveals conflicting evidence about which representations are recycled and whether modification is even necessary. We propose that these findings reflect two dissociable mechanisms that have been conflated under a single label. We trained ResNeXt-50 deep neural networks on infant egocentric video (SAYCam) using DINO self-supervised learning and then fine-tuned them on letter classification, tracking channel-level category selectivity. Limb-selective channels show high enrichment among newly letter-selective channels and high feature transformation: they are recycled. Face-selective channels show equally high enrichment but minimal feature transformation: they are co-opted, with a new downstream readout exploiting their existing features. Both mechanisms operate simultaneously on different neural populations during the same learning event, with the determining factor being whether a channel's existing features are already informative for the new task. We propose recycling and co-option as a more precise vocabulary for understanding how the brain repurposes existing circuits for culturally novel skills.",computational cognitive science / cognitive modeling,artificial intelligence / machine learning+psychological / behavioral research
Extended_Abstracts,73,pending,Reaction time and EEG suggest different combination patterns for Simon and flanker conflict,"Simon and flanker conflict are often studied separately, but it is less clear how they combine when both are present within the same trial. We tested this question in the public Nencki-Symfonia EEG dataset using the extended Multi-Source Interference Task (Dzianok et al., 2022; Wojciechowski et al., 2024). In a first-response RT analysis of 42 participants, the pattern was close to additive: a small interaction on the raw scale disappeared after log transformation. In the EEG analysis, 36 participants remained after epoch-count quality control, and the frontocentral negativity in the N2 range (200-350 ms) was smaller in the double conflict condition than predicted from the two single-conflict conditions. Thus, within the same dataset, RT was near-additive whereas the early ERP summary showed a nonadditive pattern.",experimental neuroscience (systems / cognitive),computational cognitive science / cognitive modeling+psychological / behavioral research
Extended_Abstracts,74,pending,"Neural computation for prediction in noisy, unknown environments","A central question in neuroscience is how neural systems generate predictions about upcoming sensory input when observations are noisy and the hidden structure of the environment is unknown. We address this question in a predictive-inference task in which observers receive noisy stimuli from one of two sources (states) and must predict which source will generate the next stimulus. The task includes an unknown probability of change between trials (the hazard rate), so optimal prediction requires inferring not only the current source, but also the hazard rate. The optimal behavioral solution is captured by a hierarchical Bayesian observer model, which jointly infers these latent quantities and generates trial-wise predictions about the most likely source of the next stimulus. However, the ideal observer is a behavioral model and does not specify how the relevant computations are implemented in the brain. To address this gap, we trained recurrent neural networks (RNNs) to reproduce normative task variables derived from the Bayesian observer and to serve as candidate mechanistic models bridging behavior to neural activity. Our RNNs perform the prediction task with the same behavior and accuracy as the Bayesian model. They also show modulations in activity within individual units that jointly encode sensory evidence and latent task features, such as the hazard rate. We then consider  intracranial electroencephalography (iEEG) recordings in humans during task performance and find that hippocampal activity is modulated in response to task features similarly to RNN activity, although the networks were never trained on iEEG. Thus, because RNNs' internal dynamics can be directly analyzed and systematically perturbed, they provide both: 1) a useful framework for testing how architectural and connectivity features shape inference strategy, and 2) a tool for interpreting the relationship between inference strategy and human brain recordings, suggesting a multiplexed approach to hierarchical latent inference.",theoretical / computational neuroscience,computational cognitive science / cognitive modeling
Extended_Abstracts,75,pending,Presence Expectations Modulate the Neural Signatures of Content Prediction Errors,"Rather than being a direct readout of sensory information, perception is a process of inference, shaped by our expectations about the world. Predictive processing frameworks seek to explain how expectations modulate perception and awareness. Recent work has distinguished between expectations about what we are likely to see (content) and whether we are likely to detect anything at all (presence). In the current study, we investigate how these two types of expectations interact in the brain. We first demonstrate a behavioural interaction such that the effect of content expectations is stronger when presence is also expected. Using magnetoencephalography (MEG) and multivariate decoding, we find that presence expectations amplify the neural signatures of content-specific prediction errors (PEs). Our results suggest that expecting to see something rather than nothing dials up the gain on content-specific PEs. We discuss computational hypotheses of how presence expectations may modulate lower-level content representations within a predictive hierarchy.",computational cognitive science / cognitive modeling,artificial intelligence / machine learning+psychological / behavioral research+theoretical / computational neuroscience+experimental neuroscience (systems / cognitive)
Extended_Abstracts,76,pending,Latent Computational Phenotypes of Risky Decision-Making Predict Orbitofrontal Neural Responses During the Balloon Analog Risk Task,"Risky decision-making underlies behavioral addictions such as gambling and gaming disorders, yet the computational mechanisms that generate individual differences in risk-taking remain poorly understood. Computational models provide a framework for inferring latent decision processes from behavioral data, including belief updating, valuation, and prediction errors. Here we combine hierarchical Bayesian modeling with intracranial electrophysiology to examine how latent decision variables relate to neural activity during the Balloon Analog Risk Task (BART). Behavioral and neural data from 70 participants were analyzed using a hierarchical model that separates belief updating about balloon pop risk from valuation and choice processes. Gaussian mixture modeling of posterior parameter distributions identified computational phenotypes differing in risk tolerance and choice consistency. A high-risk phenotype showed increased balloon pops and reduced reward. These computational clusters corresponded to distinct neural signatures in orbitofrontal cortex (OFC), with attenuated beta and gamma responses following balloon pops in the high-risk group.",computational cognitive science / cognitive modeling,psychological / behavioral research+experimental neuroscience (systems / cognitive)
Extended_Abstracts,77,pending,Spectral structure of rehabilitation experience constrains behavioural recovery after stroke,"Patients with similar lesions after stroke can have different outcomes under rehabilitation, indicating that residual capacity alone does not determine behavioural recovery. Instead, it is constrained by whether the post-damage experience spans task-relevant directions needed for relearning function. Here, we formalise recovery as constrained re-optimisation through the surviving network and test whether the spectral structure of rehabilitation experience constrains recovery. We retrain damaged networks under rehabilitation distributions of varying rank, while holding training intensity and learning mechanism constant. Low-rank rehabilitation compresses post-damage activity, reduces effective rank, and limits behavioural recovery, whereas higher-rank experience supports reoccupation of task-relevant directions and improves performance. Across conditions, recovery is predicted by both the rank of the rehabilitation distribution and the effective rank of recovered activity. Post-stroke recovery is therefore constrained not only by structural loss, but also by the spectral breadth of rehabilitation experience available during relearning.",theoretical / computational neuroscience,psychological / behavioral research
Extended_Abstracts,78,pending,A neural network with key-value episodic memory retrieves and organizes memories based on causal event structure,"Humans reflect on memories to make sense of ongoing events. Past work has shown that people retrieve causally related memories during comprehension, but the mechanisms underlying this process remain unclear. Here, we used a recurrent neural network augmented with a key-value episodic memory buffer and trained it to predict upcoming scenes while watching a television episode. At each time step, the model transformed the current scene into a value representing memory content and a key representing memory address, both stored as episodic memory. The model retrieved selective past values by applying self-attention over stored keys and integrated these memories with the current scene representation to generate predictions. The model retrieved memories similar to those retrieved by human participants watching the same episode during fMRI. Importantly, this similarity disappeared when causal relationships between events were controlled for. The model also represented causally related events with similar patterns, similar to how the human brain represents these events. These findings suggest that using two distinct memory representations allows the model to retrieve memories and organize events based on causal relationships, beyond semantic or perceptual similarities. Together, this work proposes a key-value episodic memory system as a candidate computational mechanism for how humans retrieve causally related memories to comprehend naturalistic events.",computational cognitive science / cognitive modeling,theoretical / computational neuroscience
Extended_Abstracts,79,pending,Stable endogenous brain–body dynamics dominate cortical activity during naturalistic cognition,"Understanding how the brain processes naturalistic stimuli requires disentangling stimulus-driven responses from ongoing endogenous activity. Slow neural and physiological fluctuations are ubiquitous, yet it remains unclear whether cognition reorganizes these interactions or operates within a stable dynamical system.
We recorded EEG, pupil size, heart rate, respiration, electrodermal activity, and eye movements from 66 participants during narrative listening and rest. Using a vector autoregressive model with exogenous inputs (VARX), we separated intrinsic brain–body dynamics from stimulus-driven effects. Brain-body interactions were dominated by a stable endogenous system that was largely unchanged across conditions. Peripheral physiology and behavior exerted stronger influences on cortical activity than the reverse, indicating dominant bottom-up contributions. In contrast, external stimulus features explained only a small fraction of EEG variance.
These results suggest that cortical activity during naturalistic cognition is governed primarily by intrinsic brain-body dynamics, with external inputs coupling weakly into this system.",computational cognitive science / cognitive modeling,experimental neuroscience (systems / cognitive)
Extended_Abstracts,80,pending,Theta Oscillations Shape Load-Dependent Working Memory via Inhibitory Synchronization,"Working memory (WM) enables short-term maintenance of task-relevant information to support goal-directed behavior. While recent advances in human intracranial recordings have begun to elucidate the circuit computations underlying WM, the mechanisms by which they adapt to or fail under increased cognitive demand remain poorly understood. In addition, the specific contributions of excitatory and inhibitory populations and the role of local field potential (LFP) dynamics in complementing single-neuron activity have not been characterized. To address these gaps, we analyzed a dataset of human intracranial recordings as neurosurgical patients performed a verbal WM task with varying load, and found that LFP theta power was higher during memory maintenance under increased load. We then developed biophysically realistic spiking recurrent neural networks (RNNs) with excitatory and inhibitory units that received either theta-frequency LFP-like input alongside task input or task input alone. Models trained with theta oscillatory input during maintenance outperformed those trained without it on a longer-maintenance WM task. Furthermore, when inhibitory units did not receive oscillatory input, model performance dropped to chance levels. These findings suggest that theta synchronization of inhibitory units is critical for sustaining WM under increased cognitive demand.",theoretical / computational neuroscience,computational cognitive science / cognitive modeling
Extended_Abstracts,81,pending,Revealing core representational axes of neural networks through learning dynamics and brain alignment,"Representations in deep neural networks and brains are encoded in activity patterns distributed over large neural populations. However, there is debate over what axes of population space are most fundamental for understanding these representations. Different perspectives range from rotation-invariant theories that treat axes as incidental, to theories arguing that specific axes carry privileged status. Here, we approach this question through the lens of learning dynamics. We propose that if a set of axes captures the natural structure of a representation, it should reveal a strong temporal progression during learning, with top-ranked dimensions emerging early and remaining stable and higher-ranked dimensions emerging late. We trained a ResNet-50 on ImageNet and compared three axis types—principal components (PCs), nonnegative components, and native axes (channels)—and tracked how dimensions emerge across training epochs. We find that PCs exhibit strongly rank-stratified learning trajectories: top PCs converge rapidly within the first 20 epochs, while higher-ranked PCs continue developing until late in training. In contrast, nonnegative and native axes exhibit little rank-stratified structure. We next extended this analysis to brain-aligned dimensions using human fMRI data from the Natural Scenes Dataset, finding that the most brain-aligned dimensions also emerge early. The convergence between PCA rank, learning order, and brain alignment points to shared organizational principles between artificial and biological visual systems, and extends the notion of privileged axes from a static property of trained networks to a dynamic phenomenon rooted in learning.",theoretical / computational neuroscience,artificial intelligence / machine learning+computational cognitive science / cognitive modeling
Extended_Abstracts,82,pending,Shortest-Path Planning on Learned Latent-State Maps Better Fits Biological Navigation Data Than Tabular Successor Representations,"Model-based (MB) and successor representation (SR) planning are leading accounts of spatial navigation. De Cothi et al. (2022) compared tabular MB, SR, and model-free agents on a dynamic-barrier task and found that SR better predicted human choices, but all agents were given oracle state identity. We ask whether this comparison changes when agents must learn their own state representations from aliased observations. We equip both planners with Clone-Structured Cognitive Graphs (CSCGs), which infer latent states from observation–action history, and evaluate them on the same task using the original metrics. CSCG+MB achieves 94.5% goal-reaching, close to humans (94.9%), whereas CSCG+SR reaches only 63.6%. CSCG+MB also better predicts human action choices (-1.01 log-lik/step vs. -1.26 for SR), reversing the action-likelihood advantage previously reported for oracle SR. SR retains a higher difficulty-pattern correlation, but this may reflect shared failure modes. Under realistic perceptual constraints, shortest-path planning on learned state maps provides a better overall account of biological navigation in this task.",computational cognitive science / cognitive modeling,artificial intelligence / machine learning
Extended_Abstracts,83,pending,Signals vs. synchrony: decoding affective processing from voxel activation vs. functional connectivity in task-based fMRI,"Emotions emerge from distributed patterns of brain activity, yet it remains debated whether voxel activation (VA) patterns or functional connectivity (FC) between brain regions provide a better basis for decoding affective states. While several fMRI studies have shown above-chance classification from VA patterns, recent work suggests that FC may capture additional emotion-discriminative information. However, well-powered direct comparisons are lacking. Here, we present a preregistered study comparing VA-based and FC-based decoding of affective processing in 389 healthy participants performing an emotional face-matching task (neutral, happy, fearful, angry faces; shapes). VA patterns and FC matrices serve as input features for a machine-learning pipeline using nested cross-validation with hyperparameter optimization. Classification follows a hierarchical strategy: face vs. shape, emotional vs. neutral face, and emotion categories, with FC and VA compared at each level. We hypothesize that FC will outperform VA, testing whether the FC advantage reported in small samples generalizes to a larger cohort with a more rigorous analytic pipeline.",experimental neuroscience (systems / cognitive),artificial intelligence / machine learning+computational cognitive science / cognitive modeling
Extended_Abstracts,84,pending,Gating by Both Relative and Absolute Match Helps to Optimize Episodic Memory Retrieval,"In real life, information is continuously revealed, and it can be unclear which memories (if any) are relevant to the current situation. How do we optimize the usefulness of episodic memory retrieval in this challenging situation? Prior work suggests that humans can gate episodic memory retrieval based on the absolute level of memory match and also relative memory match (i.e., does the best-matching memory match better than other memories), but it is unclear how these properties contribute to successful memory use in complex naturalistic situations. To answer this question, models were incrementally presented with a rolling summary of a story that might or might not have been previously encoded into external memory, and this rolling summary was compared to all of the story chunks stored in external memory. A separate retrieval policy network learned to gate retrieval in order to maximize retrieval sensitivity (recalling in response to familiar but not novel stories), relevance (recalling chunks from the correct story), and timeliness (recalling earlier rather than later, all other things being equal). The inputs to the retrieval policy network were the absolute and relative levels of match for the best-matching story chunks and also time (i.e., how much of the summary had been revealed so far). We found that networks that jointly consider both absolute and relative match outperform those using either alone, indicating that these two signals contain non-redundant information that the model can use to optimize memory retrieval.",computational cognitive science / cognitive modeling,artificial intelligence / machine learning+computational cognitive science / cognitive modeling
Extended_Abstracts,85,pending,Diffusion-Based Stimulus Optimization Reveals Fine-Grained Feature Selectivity in Human Early Visual Cortex,"Using generative image models to synthesize a most-exciting-input (MEI) for target neural populations provides a powerful tool for probing visual cortex tuning. While this approach has been successfully applied to human higher visual cortex using fMRI data, generating MEIs for early retinotopic visual areas requires additional modeling constraints, due to the small receptive fields in these areas. To address this challenge, we present a novel diffusion-based MEI generation framework for fMRI data, which incorporates a pRF-constrained voxelwise encoding model alongside a pretrained latent diffusion model, enabling optimization of single-voxel responses. Preliminary results suggest that this approach is promising for generating interpretable, localized MEIs in early visual cortex.",computational cognitive science / cognitive modeling,artificial intelligence / machine learning+computational cognitive science / cognitive modeling+psychological / behavioral research
Extended_Abstracts,86,pending,A developmentally retained top-heavy bias for face perception in the adult pulvinar,"The ability to rapidly detect faces is critical for human survival. Remarkably, newborns, only hours old, preferentially orient towards upright faces over inverted ones. Yet how this early face preference emerges remains debated. One hypothesis proposes that a nonspecific bias toward top-heavy patterns guides infants’ attention to face-like stimuli early in life, and that such a bias is supported by early-developing subcortical structures, like the pulvinar. To enable direct testing of this hypothesis using fMRI, we designed an infant-friendly paradigm to examine top-heavy biases in the infant pulvinar. Here we validated this paradigm in adults using data amounts comparable to those obtainable from awake infants. With only four minutes of data per task, we found that face-selective responses were localized in canonical cortical face regions at levels comparable to those obtained with a standard localizer. Further, pulvinar subregions, strongly connected to cortical face regions, but not cortical face regions themselves, showed stronger responses to top-heavy than bottom-heavy patterns, suggesting that a developmentally relevant top-heavy bias for face perception persists in the adult pulvinar. Overall, this study establishes the feasibility of identifying face-selective regions using short infant-friendly tasks and provides a foundation for future awake infant fMRI studies of face perception.",experimental neuroscience (systems / cognitive),psychological / behavioral research
Extended_Abstracts,87,pending,Neural mechanisms underlying valence bias in reinforcement learning and episodic memory across development,"Individuals learn differently from positive and negative outcomes. Such valence asymmetries shift across development and have been shown to yield corresponding biases in subsequent memory. The neural mechanisms underlying this link between biases in learning and memory,  however, remain unclear. 
To investigate this, in the current fMRI study, we recruited participants aged 9-25 to complete a reinforcement learning (RL) task in which each choice outcome was associated with a trial-unique image. We then probed participants' memory for these images in a surprise recognition test. Using a risk-sensitive RL model, we computed each participant's asymmetry index (AI), reflecting their valence bias in updating values during learning. Consistent with prior research, we showed that the information individuals retained in memory reflected their corresponding RL valence asymmetries. Moreover, this correspondence between learning asymmetries in RL and episodic memory emerged with age and was stronger in older than younger participants. We focused on post-learning consolidation processes as potential mechanisms underpinning the developmental emergence of valence-asymmetric memory prioritization. We found that increased resting-state connectivity between hippocampus and ventral temporal cortex after learning predicted better subsequent memory for information congruent with individual learning biases in older, but not younger, participants. Together, our findings demonstrate that, over development, valence biases in reinforcement learning increasingly influence what is maintained in memory and highlight offline consolidation as a key mechanism underlying this developmental shift.",computational cognitive science / cognitive modeling,experimental neuroscience (systems / cognitive)
Extended_Abstracts,88,pending,Better than reality: implied auditory information across visual and multimodal regions revealed by generative AI,"Cognitive computational neuroscience typically models neural representations using features derived from the sensory stimuli presented during an experiment. However, everyday perception is inherently multimodal, and the brain learns statistical correspondences across sensory modalities. Consequently, sensory information implied but not physically present in the stimuli may also shape neural responses evoked by those stimuli. Here we show that neural representations elicited by silent videos can in part be explained by features derived from AI-generated sounds implied by those videos, over and above the sensory visual responses. This predictive contribution of implied auditory information is strongest in the posterior superior temporal sulcus (STS), a region implicated in multisensory integration. Importantly, AI-generated sounds better explained the data than the actual sounds present in the original videos. These results demonstrate that implied sensory information may need to be considered for modelling and understanding neural representations of unimodal sensory stimuli.",experimental neuroscience (systems / cognitive),computational cognitive science / cognitive modeling
Extended_Abstracts,89,pending,Structure and diversity in children's line drawings of object categories across four international contexts,"Line drawings are one of our oldest cultural technologies for depicting what we know about the visual world and, in many contexts, are produced prolifically by young children throughout early and middle childhood. 
We examine how children's line drawings of common object categories differ across development in four international contexts (San Jose, Beijing, Kisumu, Delhi). 
We embedded 4,387 drawings of 12 categories produced by children ages 4--9 into the feature space of a large multimodal model and used representational similarity analysis to compare category-level structure across contexts.
All four contexts shared similar category geometry, yet context permutation tests revealed reliable context-specific differences in five of six site pairs that are mostly driven by differences in drawing recognizability.
Overall, cross-site similarity generally increased from younger to older children, particularly for pairs involving contexts with lower baseline recognizability.
These findings suggest that children's visual conventions are broadly shared across diverse contexts, with cross-site variability largely attributable to differences in recognizability rather than site-specific representational structure.",psychological / behavioral research,artificial intelligence / machine learning
Extended_Abstracts,90,pending,Automated Individual Subject Functional Parcellation of the Reading Circuitry in the Ventral Occipitotemporal Cortex,"Mapping the computational architecture of reading requires precise, subject-specific localization within the ventral occipitotemporal cortex (vOTC). However, establishing a reliable topography is currently hindered by a lack of standardized delineation criteria, the use of disparate functional localizers across different laboratories, considerable individual differences in cortical anatomy, inter-session variability, signal dropout, and group-level averaging that blurs functional boundaries. To overcome these limitations, we operate on the premise that despite the variability, functional organization exhibits fundamental invariabilities anchored to structural geometry (e.g. V2 always posterior to V1). Leveraging dense fMRI sampling (10 subjects; 100 sessions), we introduce an automated framework to delineate functional regions of interest (ROIs) in individual space. Our approach extracts candidate clusters on the native cortical surface and establishes cross-subject correspondence using the Fused Gromov-Wasserstein (FGW) distance, jointly aligning geometry and functional profiles. By assembling these couplings into a global graph and applying community detection, we isolate maximally consistent subregions. Applied to the vOTC, our method reveals distinct, reproducible functional communities organized along the posterior-to-anterior axis, conserving spatial relationships despite individual anatomical differences. Bypassing rigid template registration, this framework provides a robust, mathematically grounded solution for subject-specific mapping of human functional architecture.",experimental neuroscience (systems / cognitive),computational cognitive science / cognitive modeling
Extended_Abstracts,91,pending,Simulating hippocampal-mPFC interactions with a mixture-of-experts model,"The hippocampus supports both learning fine-grained details of individual experiences and extracting shared structure across them,  despite competing computational demands. Prior work suggests a division of labor within the hippocampus: the trisynaptic pathway (TSP) builds pattern-separated representations for episodic learning, whereas the monosynaptic pathway (MSP) builds overlapping representations for structure learning. But how does the brain deploy the right pathway for a given task? We introduce a mixture-of-experts framework with MSP- and TSP-like neural network experts and an mPFC-inspired gating network that computes trial-wise weightings of their outputs. Trained end-to-end, the gating network learns to preferentially recruit MSP for categorization and TSP for exemplar learning.  We show that the model reproduces findings from rodent contextual fear conditioning experiments, where mPFC disruption impairs fear-memory specificity without disrupting fear learning. Adaptive gating shifts recruitment toward TSP when a novel shock context must be encoded, reducing representational overlap with similar contexts. These results offer a mechanistic theory of how mPFC may dynamically engage hippocampal pathways to balance competing memory demands.",computational cognitive science / cognitive modeling,artificial intelligence / machine learning+psychological / behavioral research
Extended_Abstracts,92,pending,Humans Can Rapidly Learn What to Encode in Memory,"Episodic memory (EM) enables humans to rapidly encode experiences and later retrieve them to guide behavior. However, it remains unclear how humans learn a policy for what to encode, because the usefulness of an encoded memory is often revealed only after a long delay. We hypothesized that retrieved memories can act as a skip connection to support such encoding policy learning. To test this, we developed a behavioral paradigm in which subjects had to learn item–value associations in two scene contexts. These scenes served as encoding indicators that covertly signaled whether encoding the co-presented stimuli would be useful later. The results show that human subjects were able to learn to selectively encode task-relevant memories in response to task demands. An EM-augmented neural network reproduced these behavioral patterns. Collectively, these findings suggest that retrieval can bypass long encoding–retrieval delays to facilitate rapid learning of encoding policies.",psychological / behavioral research,computational cognitive science / cognitive modeling
Extended_Abstracts,93,pending,Belief Updating as Emotional Value-Based Decision-Making,"Humans tend to incorporate desirable information more than undesirable information when updating their self-related beliefs, a phenomenon known as positive bias. However, recent studies have reported the opposite, negative, bias in tasks involving repeated feedback. Existing accounts typically describe these biases as asymmetries in static learning rates, leaving their underlying mechanisms unclear. Here we focus on the possibility that the number of feedback opportunities influences the direction of bias and propose a novel computational framework that provides a unified account of the two biases from the perspective of emotional utility maximization. The core idea is that agent consider not only the emotional utility of the current belief, but also the expected cumulative utility of future prediction errors, and update their beliefs to maximize the sum of these utilities. Simulations show that the model reproduces both positive bias in one-shot settings and negative bias in repeated settings. These findings suggest that belief updating biases reflect rational trade-offs between immediate and future emotional outcomes.",computational cognitive science / cognitive modeling,psychological / behavioral research
Extended_Abstracts,94,pending,"Learning from depth alone yields strong, shape-based object recognition and alignment with high-level visual cortex","Vision evolved to support action in a structured world, where depth provides critical information about surfaces, boundaries, and spatial layout. Detecting depth structure may therefore be able to guide behaviour independent of recognising fine-grained appearance patterns that appear on top of the depth-defined structure. This raises a key question: can object recognition be supported by depth information alone independent of appearance-based visual properties? To test this idea, we convert natural images into estimated depth maps and train recognition models using depth-only inputs. We observe that models operating over depth maps achieve categorization accuracy comparable to RGB models, exhibit stronger shape bias, and produce representations that align with mid/high-level visual cortex in the Natural Scenes Dataset. These findings show that depth estimates alone provide sufficient information to support object recognition and capture aspects of higher-level visual representations.",computational cognitive science / cognitive modeling,artificial intelligence / machine learning
Extended_Abstracts,95,pending,UMBRELLA: A Foundation Framework for High-Dimensional Neuroimaging via Multi-turn Comparative Learning,"Deep learning for neuroimaging is limited by data scarcity and high computational costs. We introduce UMBRELLA, a framework adapting pretrained Vision-Language Models (VLMs) via 3D patch embedding and a frozen backbone. To overcome data constraints, we propose Comparison-based Learning, leveraging the VLM's native interleaving mechanism to contrast query scans against normative references. Evaluations on the ABCD dataset show that this relational approach outperforms single-scan baselines and scales with the number of reference images. Furthermore, multimodal integration (sMRI+dMRI) preserves performance across individual modalities. Our results demonstrate that repurposing VLM interleaving for relational analysis provides a scalable, computationally efficient path toward neuroimaging foundation models.",artificial intelligence / machine learning,
Extended_Abstracts,96,pending,Cortical gradient of signal-noise subspace alignment,"Neural responses to repeated presentations of the same stimulus exhibit stochastic variability, or neural noise, which is often correlated across neuronal populations. The relationship between the structures of noise and signal critically constrains information encoding, yet how this relationship may vary across the human cortex remains unclear. Here, we quantified the geometric alignment between signal and noise subspaces across cortical regions using fMRI data collected during a working memory task. Applying Generative modeling of Signal and Noise (GSN) to multivoxel activity patterns, we estimated signal and noise covariance matrices per brain region. We found that signal–noise alignment systematically increased along the cortical processing hierarchy, with transmodal regions exhibiting higher alignment than unimodal regions. The findings suggest that the structure of neural variability follows intrinsic functional gradients, potentially shaping the balance between stability and flexibility in cortical computation.",theoretical / computational neuroscience,experimental neuroscience (systems / cognitive)
Extended_Abstracts,97,pending,Evaluating EMEG and ECoG Modalities for Brain-LLM Alignment in Speech Perception,"Large Language Models (LLMs) are increasingly used as models for speech perception, yet it remains unclear if brain-LLM alignment is consistent across recording modalities. In this study, we compared the alignment of SALMONN (an audio LLM) with the neural activity acquired from two different modalities: electro-magnetoencephalography (EMEG) and electrocorticography (ECoG). Using a unified pipeline, we mapped single-neuron activations across all LLM layers to neural responses to naturalistic speech. Our results demonstrate a striking convergence in temporal hierarchy: both modalities show a strong linear correlation ($r > 0.88$) between layer depth and response latency, suggesting a robust, modality-independent processing map. However, we observed significant divergence in feature sensitivity: ECoG uniquely captures a large number of significant neurons in middle layers, while EMEG provides better matches at deeper layers. These findings suggest that the macro-scale hierarchy of speech processing is preserved across modalities, but some fine-grained features can differ. Our study provides a benchmark for multi-modal alignment and highlights the utility of single-neuron analysis in uncovering computational specializations obscured by traditional encoding methods.",computational cognitive science / cognitive modeling,artificial intelligence / machine learning
Extended_Abstracts,98,pending,"Internal noise, not error correction, limits the development of synchronization and adaptation","Sensorimotor synchronization improves with development (Vorberg & Schulze, 2002; Jacoby & Keller, 2015), yet the mechanisms underlying this trajectory remain poorly understood. We tested whether developmental changes reflect improvements in error correction or reductions in internal variability. 198 children aged 5.5–13 and 68 adults performed a paced tapping task with fixed and changing tempos. In the fixed-tempo condition, synchronization precision improved with age, though not reaching adult levels. A computational model decomposed performance into three components: error correction, timekeeper noise (interval memory precision), and motor noise. Error correction did not change with age, whereas timekeeper noise decreased substantially and motor noise showed weaker changes. In a tempo-change condition, participants adapted to sudden tempo shifts. Some maintained alignment with the metronome throughout (""aligners""), while others showed breakdowns with missing or extra taps (""non-aligners""). Non-aligners exhibited higher timekeeper noise in the fixed-tempo condition even after controlling for age, while motor noise and error correction did not differ. These results show that developmental improvements in synchronization and adaptation are constrained by timekeeper noise rather than error-correction mechanisms, which appear adult-like by early childhood.",computational cognitive science / cognitive modeling,psychological / behavioral research
Extended_Abstracts,99,pending,BCI-induced dynamic shifts of valence representations in the primate amygdala,"Adaptively identifying and responding to environmental threats is fundamental for survival. The amygdala plays a central role in encoding stimulus valence and guiding emotional learning, yet we still lack a comprehensive understanding of how valence is represented and adapts at the population level. Brain-computer interfaces (BCIs) enable direct manipulations of neural activity through volitional control of single neurons or populations guided by sensory feedback (Motiwala et al., 2025; Sadtler et al., 2014). Here, we developed an emotional BCI paradigm, providing real-time auditory feedback based on single amygdala neural activity, guiding primates to shift spiking activity from an aversive-associated cue towards an appetitive-associated cue. We hypothesized that controlling single neurons would recruit population-level dynamics. Using multi-channel amygdala spike band power signals (Nason et al., 2020) during memory acquisition, we constructed a low-dimensional neural subspace and developed a geometric framework that decomposes valence-specific trajectories into velocity components to quantify the directional dynamics of valence encoding. We demonstrate that successful BCI can systematically reshape population-level activity in the desired direction, namely, pushing aversive representations toward appetitive ones, a pattern apparent during BCI learning and preserved following the session. Our results provide insight into adaptive emotional learning and how it can be modulated by using the brain’s natural learning mechanisms. Future developments could have implications for treating psychopathologies characterized by maladaptive valence assignment.",experimental neuroscience (systems / cognitive),computational cognitive science / cognitive modeling
Extended_Abstracts,100,pending,Efference Copy as Precision Weighting Explains Predictive Sharpening and Perceptual Attenuation in Action-Effect Prediction,"Perception is increasingly understood as processes that balance prior expectations against incoming sensory evidence, weighting each by their estimated precision (reliability). How this balance works for the sensory consequences of our own actions remains unclear. We propose Efference Copy as Precision Weighting (ECPW), a minimal rule for action-effect prediction. In contrast to classic forward models of action, efference copy does not carry a sensory template, but acts as a precision-weighting tag that reallocates precision along the action-sensation transition. We empirically test ECPW in an action-contingency paradigm by manipulating visual or auditory task attention to a constant bimodal stimulus. We compare active (self-generated) against passive (device-initiated) finger movements using time-resolved EEG to decode task-relevant information (visual vs. auditory). Our results show that, for active movements, decodability of task attention is higher before movement (predictive sharpening), but lower during stimulus perception (sensory attenuation). With model-based forward simulations, our model, but not alternative cancellation or sharpening models, reproduces this empirical flip. ECPW further maps a parameter space that yields concrete, testable predictions for future manipulations of action-effect prediction and probabilistic cueing in perception. Together, ECPW offers a specified, unitary rule for how action shapes perception.",experimental neuroscience (systems / cognitive),computational cognitive science / cognitive modeling+psychological / behavioral research
Extended_Abstracts,101,pending,Feedback Salience Differentially Affects Decision Strategies but Homogenizes Neuronal Responses in Autism and Neurotypical Individuals,"Whether feedback properties independent of task information – such as feedback salience and value – modulate decision-making processes and their neural correlates in autism spectrum disorder (ASD) remains unclear. We examined behavioral strategies and EEG responses in autistic and neurotypical (NT) participants across three studies of an auditory frequency discrimination task, differing only in feedback properties: standard, visually salient and monetary. Perceptual recency bias was quantified as the accuracy difference between trials consistent versus inconsistent with recent stimulus history. In the standard protocol, NT participants exhibited online updating of recency bias, with stronger bias following correct easy compared to correct hard trials, whereas ASD participants demonstrated a feedback-driven (lose-switch) strategy following incorrect trials, despite no group differences in overall accuracy. This dissociation was paralleled by reduced feedback-related negativity (FRN) in ASD and successful group classification using multivariate pattern analysis (BACC=0.73, p<0.001). Increasing feedback salience – both visually and via monetary reward – altered these patterns: NT lost online updating, ASD showed strengthened feedback-driven behavior, while both univariate FRN and MVPA failed to separate the groups. These findings demonstrate distinct decision-making strategies in NT and ASD, even when increased feedback salience eliminates neuronal group differences. This suggests that meta-level parameters of decision-making differ between groups but could be similarly modulated by salience and reward.",experimental neuroscience (systems / cognitive),
Extended_Abstracts,102,pending,Spontaneous and Surprise-induced Changes in the Hippocampal Map,"Hippocampal place cells encode location, collectively forming spatial maps. These maps then reorganize with changes in the environment. Here, we analyze the dynamics of place cells in area CA1 in stable environments, and following an unexpected switch in the location of rewards. In stable conditions, we observe spontaneous, coordinated remapping of a subset of cells. Following the reward switch, cell activity changes, with some cells becoming inactive, others newly recruited, and others shifting their place fields immediately after the switch. We introduce a Bayesian framework that captures population-level transitions between maps and quantifies trial-wise coordination across cells.",theoretical / computational neuroscience,
Extended_Abstracts,103,pending,Probing the Timescale of Conscious Vision,"How long perceptual information takes to become consciously accessible remains unknown. Recent work has suggested that visual information may be integrated over surprisingly long (400 ms) temporal windows before entering awareness, with wide-ranging implications for understanding the functions of conscious vision. Given the centrality of these findings for theories of vision and consciousness, here we sought to replicate and extend these effects. We employed a sequential metacontrast paradigm in which participants report the direction of brief offsets embedded in moving line streams. Across two experiments, we systematically varied the timing and separation of these offsets to precisely sample the hypothesised integration windows. We found clear evidence for extended time windows of unconscious perceptual integration, albeit shorter than previously reported, lasting around 250-300 ms. Our findings support the view that visual awareness is, under some conditions, a relatively slow process, implying that the functions of conscious vision go beyond those supporting rapid online sensorimotor control.",psychological / behavioral research,
Extended_Abstracts,104,pending,Sampling as a Resource-Rational Learning Mechanism,"Adaptive learning under uncertainty depends critically on how cognitive resources are allocated. While Bayesian models provide a normative account of belief updating, representing full probability distributions is computationally demanding. Sampling offers a tractable approximation, allowing resource-limited agents anytime belief estimation. However, due to the inherent randomness of sampling, fitting such models to human data is challenging. We show how to use simulation-based inference to fit a sampling-based model of a predictive inference task to lifespan behavioral data. The model accurately reproduced trial-by-trial learning trajectories and characteristic behavioral biases observed in humans. Importantly, it captured group differences: children and older adults relied on fewer samples than younger adults, leading to stronger perseveration and anchoring biases. These findings are consistent with the view that humans rely on sampling as a resource-rational learning mechanism.",computational cognitive science / cognitive modeling,psychological / behavioral research+theoretical / computational neuroscience
Extended_Abstracts,105,pending,Slow Update of Motor Plans in Autism  is Associated with Reduced ACC Activation,"Adaptive behavior requires rapid updating of ongoing actions when the environment changes. The slow update hypothesis (Lieder et al., 2019) proposes that autistic individuals can update internal representations, but do so more slowly, which is particularly limiting in dynamic environments. We tested this prediction in a reaching task that dissociated direct movement execution from online correction after an unexpected jump in target position. In a behavioral study, 42 autistic adults and 42 matched neurotypical controls (NTs) performed touchscreen reaches to stationary or displaced targets. Autistic participants showed slower movement updating, indexed by delayed trajectory deviation toward the new target, despite similar movement duration after the change. We then examined the neural basis of this effect in an fMRI study (16 autistic adults, 16 NTs) performing an adapted version of the same task. Whole-brain analyses of Update > No-Update trials revealed greater Anterior Cingulate Cortex (ACC) activation in NTs than in ASD. These findings suggest that slowed updating in ASD is associated with reduced engagement of Medial Prefrontal Cortex (MPFC) control systems supporting rapid adaptive correction.",computational cognitive science / cognitive modeling,experimental neuroscience (systems / cognitive)
Extended_Abstracts,106,pending,Which model better predicts brain-behavior relationships during decision-making? A simulation-based comparison of single-trial directed and integrative drift-diffusion models,"The field of model-based cognitive neuroscience uses (neuro)cognitive models to link human behavior to functional brain recordings. Many researchers have used these methods to uncover the neural mechanisms underlying decision-making. However, there are a variety of ways to connect different data types, and it remains unclear which model best yields reliable inferences from empirical data, particularly when neural recordings are contaminated by noise. In this study, we compared two neurocognitive models that use single-trial neural measures (e.g., single-trial EEG potentials), namely: Directed models that treat single-trial neural data as univariate independent variables for cognitive parameters, and Integrative models that describe single-trial neural data in addition to choice response time data through shared latent parameters. Both use drift-diffusion models (DDMs) as the base cognitive models. We simulated decision-making data with varying neural signal-to-noise ratios (SNRs) as well as varying neural-behavior coupling strengths to assess how well each model recovers the true latent cognitive parameters. We found that Integrative models are better able to detect true nonzero relationships, but suffer from a problem of false positives, at least as currently implemented in simulation-based inference methods. Directed models, on the other hand, are more robust to false positives but struggle to identify any relationships in the presence of noise. This simulation-based approach highlights each model’s strengths and limitations for real-world applications, particularly in addressing noise-contaminated EEG recordings.",computational cognitive science / cognitive modeling,theoretical / computational neuroscience
Extended_Abstracts,107,pending,Adaptive Online Learning of Structured Abstractions in Visual Problem-Solving,"People solve complex problems by breaking them up into simpler structured sub-tasks, and can do so during online  interaction with the problem domain. Which computational principles explain human sub-task discovery during online learning? We study this question in a visual Pattern Builder Task (PBT), where participants reconstruct a sequence of complex patterns from a small set of geometric primitives and transformation operations. PBT allows saving any patterns as helpers, supporting reuse of structural abstractions across sequential tasks.
We find that human solutions often deviated from the shortest programs measured in terms of raw primitives. At the same time, people reused helpers to minimize the length of compositional solutions, while efficiently growing their set of helpers over time, suggesting that people were learning-to-learn structured abstractions. 
 Computational modeling formalizing pattern discovery as program synthesis further revealed that human helper creation reduces the size of the underlying search space in a way that is driven by inductive biases, rather than purely by probabilistic pruning or greedy heuristics.",computational cognitive science / cognitive modeling,artificial intelligence / machine learning+psychological / behavioral research
Extended_Abstracts,108,pending,Flexible remapping of working memory across gaze shifts,"Visual working memory (VWM) allows us to retain the identity and location of fleetingly perceived objects even after a gaze shift, but the reference frame underlying this stability remains unresolved. Prior work supports  maintenance in a retinotopic (gaze-centered) reference frame, in the hemifield contralateral to the memorandum. By contrast emerging evidence indicates that interhemispheric transfer of the memory trace occurs following eye movements, suggesting a spatiotopic (world-centered) reference frame. Here, we tested whether VWM is inherently spatiotopic or flexibly adapts to task demands using a novel VWM task that encouraged maintenance in, alternatively, spatiotopic and retinotopic reference frames. Multivariate decoding of memorandum features from human electrophysiology (EEG) revealed a transfer of mnemonic representations across hemifields, selectively in the spatiotopic context. This transfer was accompanied by increased interhemispheric high-theta (5–8 Hz) coherence. Critically, VWM precision (psychometric slope) improved with stronger transfer, in the spatiotopic condition alone. Together, these findings show that VWM representations are flexibly reconfigured based on task demands and identify neural mechanisms that putatively link gaze shifts and VWM.",experimental neuroscience (systems / cognitive),computational cognitive science / cognitive modeling
Extended_Abstracts,109,pending,Do People Back-Project Rules?,"Inferring that something is new requires confidence that one would know if it were old. We provide initial evidence suggesting that people often lack this confidence: participants $back$-$projected$ a simple regularity that appeared in the second half of a multi-armed bandit task, i.e., they seemed to believe that the regularity had been present long before they detected it despite no evidence for its presence. This effect appears inconsistent with people's tendency to overestimate their ability to detect observable changes and reflects a dissociation between learning and behaviour. In future work, we will explore the generality of back-projection across paradigms.

Keywords: metacognition; change detection; structure learning; self-model; memory",psychological / behavioral research,
Extended_Abstracts,110,pending,Dendritic structure enables powerful plasticity,"Over the past decades, it has become increasingly clear that the complex morphology of cortical neurons might be more than just a quirk of evolution, and that dendritic compartments must contribute --- possibly in many ways --- to brain function.
While most computational studies focus on the enhanced representational capabilities of multicompartment models when compared to point neurons, we focus here on the implications of neuronal morphology for synaptic plasticity.
We argue that the ability of single neurons to simultaneously encode multiple pieces of information gives synapses local access to more than just the classical Hebbian pre- and postsynaptic terms.
With just a single additional compartment, neurons can provide synapses with the means of calculating errors, which gives rise to powerful real-time and fully local instantiations of learning by gradient descent.
Implemented within cortical microcircuits capable of propagating and manipulating these errors, compartmentalized neurons thus enable the learning of complex tasks, which appears otherwise unachievable by Hebbian plasticity alone.",theoretical / computational neuroscience,artificial intelligence / machine learning
Extended_Abstracts,111,pending,Human and LLM Alignment in Causal Reasoning for Narrative Events,"Causal relationships between events in a narrative are essential for comprehension and memory of that story. While large language models (LLMs) can readily calculate semantic relations between events, it is unclear whether they can produce human-like judgments of how distinct events in a narrative are causally related. Here, we compared human and LLM ratings of the causal connections between narrative event pairs. Across multiple models, LLM-derived judgments of causal relations were significantly correlated with human judgments, with Sonnet4.5 consistently performing on par with humans. LLMs showed high test-retest reliability under different temperatures, though inter-trial variability and its sensitivity to temperature settings differed across LLMs; averaging across temperatures consistently yielded the most human-aligned causal structure. Interestingly, LLM-derived causal relations predicted human memory as well as human ratings did. These findings suggest that LLMs can recover human-like causal representations of narrative events; these methods can aid future studies examining the principles of causal reasoning and narrative comprehension in humans and machines.",computational cognitive science / cognitive modeling,artificial intelligence / machine learning+computational cognitive science / cognitive modeling+psychological / behavioral research
Extended_Abstracts,112,pending,Unsupervised learning of human-interpretable and task-relevant visual features from very little data,"Deep learning models typically require large amounts of labeled training data and do not explain how the human visual system can learn effectively from very little data. Fully unsupervised learning, considered important in biological vision, is not commonly used in current deep neural networks. We investigated whether integrating unsupervised efficient coding principles into neural networks allows learning in situations with limited data. We developed a deep hierarchical network in which each layer learns an efficient code directly from the activations of its inputs. This fully unsupervised approach does not involve any supervised or self-supervised task, nor does it require backpropagation. We used this model to address two main questions: (1) Can a hierarchy of efficient coding yield perceptually relevant visual features? (2) Can efficient coding support rapid downstream learning of new categories from limited data? Our findings show that after training on just thousands of images, the deep efficient coding network learns visual features that human observers can readily recognize. In contrast, observers had difficulty recognizing the features encoded in key comparison networks, including a supervised network trained on the same data and an untrained network. Furthermore, we found that when networks are trained to classify images in challenging low-data settings, their performance can be substantially boosted by an initial unsupervised phase using the efficient coding algorithm. Together, these findings reveal the remarkable effectiveness of efficient-coding principles for learning a hierarchy of behaviorally relevant features and enabling data-efficient visual learning.",theoretical / computational neuroscience,artificial intelligence / machine learning+computational cognitive science / cognitive modeling+psychological / behavioral research+theoretical / computational neuroscience+experimental neuroscience (systems / cognitive)
Extended_Abstracts,113,pending,The cost of alternative actions: counterfactual false memories,"“I could have done otherwise” captures the essence 
of counterfactual thinking: representing alternative 
actions that were not taken. While this capacity 
supports planning and learning, it may also distort 
memory. Using a novel maze navigation and 
memory paradigm across two experiments (N = 58), 
we show that participants are more likely to falsely 
remember having taken paths that were plausible 
during planning but later rendered unavailable at 
execution, compared to the available ones. This 
effect was strongest for paths that were optimal at 
the time of planning and was absent for paths that 
were never plausible. These findings suggest that 
considering an action can leave a memory trace that 
is later misattributed as having been executed. More 
broadly, they demonstrate that memory for action is 
shaped not only by what we do, but also by what we 
nearly did.",psychological / behavioral research,computational cognitive science / cognitive modeling
Extended_Abstracts,114,pending,From Interaction to Abstraction: Using Human Behavior and Brain Activity to Evaluate How AI Systems Learn Games,"Humans rapidly learn abstract knowledge when encountering novel environments and flexibly deploy this knowledge to guide efficient and intelligent action. Can modern AI systems learn and plan in similar ways? Leveraging a unique dataset of human game learning with concurrent fMRI recordings, we evaluate model-free/model-based reinforcement learning agents, an approximately optimal theory-based reinforcement learning agent, and state-of-the-art large reasoning models (LRMs) on two complementary dimensions: behavioral patterns and predictivity of human brain representations. Using encoding models, we assess how well internal representations from each system predict brain activity in regions previously implicated in theory-based reinforcement learning. We find that LRMs most closely match human behavioral patterns during game learning and predict brain activity in theory-coding regions an order of magnitude better than model-free and model-based agents. Our results establish LRMs as compelling computational accounts of human learning and decision making in complex, dynamic environments.",computational cognitive science / cognitive modeling,artificial intelligence / machine learning+computational cognitive science / cognitive modeling+experimental neuroscience (systems / cognitive)
Extended_Abstracts,115,pending,Geometric Constraints in the Development of Primate Extrastriate Visual Cortex,"Although the mechanisms establishing primary sensory maps are well characterized, how higher-order maps emerge across neocortex remains unclear. Here we present a growth model that operates on the folded cortical surface of macaque visual cortex, using fMRI-measured V1 retinotopy as its only functional anchor. Through distance-dependent activity correlations and competition among developing projections, cortical organization self-organizes without any specification of areal boundaries, map orientations, or topographic layouts. This process gives rise to multiple retinotopic maps exhibiting systematic mirror reversals and smooth gradients that closely recapitulate fMRI-derived extrastriate organization. Parameters fit to a population template generalize across individual macaques, and individual cortical geometry accounts for fine-scale map variation. These results show that algorithmic growth rules operating on realistic folded cortical surfaces produce stereotyped higher-order retinotopic organization under minimal explicit specification.",theoretical / computational neuroscience,
Extended_Abstracts,116,pending,Learning Mental Models Under Unreliable Evidence,"Which computational principles define how people construct and refine mental models of how the world works?
  We study this question in the context of a puzzle-solving task, where participants integrate misleading social information and self-directed experimentation to discover a latent rule in limited time. 
  We argue that real-world learning is supported by (1) the ability to iteratively refine hypotheses to explain partial observations and (2) explicitly representing uncertainty over the reliability of evidence. 
  We show that these principles can be formalized in a unified framework that integrates program induction with Bayesian particle-based inference. This framework admits two complementary interpretations: (i) as a constraint satisfaction process, in which hypotheses must satisfy evidence-derived constraints, and (ii) as a program synthesis problem, in which hypotheses are symbolic programs evaluated against evidence as test cases. We demonstrate that this framework captures human patterns of evidence selection, and outperforming alternative models and its lesioned variants.
  Together, our results suggest that human learners construct and revise mental models through approximate generative inference that accounts for reliability of evidence.",computational cognitive science / cognitive modeling,artificial intelligence / machine learning+psychological / behavioral research
Extended_Abstracts,117,pending,Perceived partner complexity affects agency attribution and asymmetries in reinforcement learning,"Successful behaviour depends not only on learning which actions yield favourable outcomes, but also on inferring who or what caused those outcomes. While prior work has shown that agency attribution modulates reinforcement learning, these accounts have treated the intervening agent as a generic, undifferentiated entity. Here we examine how two fundamental dimensions of agent representation, intent and complexity, shape agency attribution and learning asymmetries across two preregistered studies. In Study 1 (N = 400), participants complete a two-armed bandit paradigm in which a hidden agent (presented as human or AI; sophisticated or unsophisticated; adversarial, benevolent, or neutral) occasionally modifies outcomes, while providing trial-by-trial attribution judgments. In Study 2 (N = 400), a transfer design dissociates whether learned attributions are anchored to partner representations or environmental context. We use hierarchical Bayesian and computational modelling to test whether perceived sophistication amplifies learning asymmetries and whether adversarial contexts produce stronger attribution to capable agents.",computational cognitive science / cognitive modeling,artificial intelligence / machine learning+psychological / behavioral research
Extended_Abstracts,118,pending,Dynamic belief state representations in human orbitofrontal cortex under uncertainty,"Adaptive behavior requires predicting the occurrence and timing of rewards. Some rewards, like annual celebrations, are precisely timed, while others, such as a decisive sports goal, are more uncertain. Because sensory input often provides ambiguous information about time, animals rely on probabilistic belief states to guide their expectations and learning from outcomes. Past fMRI work has implicated the orbitofrontal cortex (OFC) in the representation of hidden states, and animal work has suggested medial prefrontal cortex (MPFC) to be involved in temporal belief states. We investigated 36 human subjects with fMRI, eye-tracking, and computational modeling in a temporally dynamic belief state task. We provide evidence that belief states are encoded in OFC and expressed in subjective expectations, pupil dilation, and gaze behavior.",experimental neuroscience (systems / cognitive),artificial intelligence / machine learning+computational cognitive science / cognitive modeling+psychological / behavioral research
Extended_Abstracts,119,pending,"Will, Won’t, Want, and Wont: A Reinforcement Learning Model of Self-control","Achieving long-term goals requires not only planning actions but also persistently executing them in the face of immediate temptations. Failures of self-control have long been studied in otherwise healthy behavior and pathological conditions such as addiction and impulsivity (Ainslie, 2001; Evenden, 1999; Rachlin, 1974; Schelling, 1984). These failures can be mitigated by commitment devices (Duckworth et al., 2018; Fudenberg and Levine, 2006), or by cognitive mechanisms collectively referred to as “willpower” (Ainslie, 2021; Loewenstein, 2000; Robinson et al., 2010). We formalize the self-control problem within a normative reinforcement learning framework in which a prospective planner decides whether to attempt resisting a temptation by accounting for its own uncertainly (in)competent willpower. The planner can improve its efficacy of exerting self-control by training its willpower. It can also enjoy an implicit determination bonus from reducing uncertainty about its degree of self-control. We assess our model’s predictions when repeatedly choosing between a larger-delayed reward, and a smaller-immediate reward. Our simulations show that willpower training and exploration provide a computational account of how agents can overcome their Pavlovian biases (Dayan et al., 2006; Yee and Braver, 2018). We also show that the model captures a range of successes and failures of self-control behavior. Ultimately, explaining self-control lapses using our generative model could aid in the understanding, diagnosis, and treatment of psychiatric conditions.",computational cognitive science / cognitive modeling,psychological / behavioral research
Extended_Abstracts,120,pending,Determinants of context-dependent memory effects in humans,"Classical studies have shown that memory is better when the context at retrieval matches the context during encoding. Yet how context is operationalised, and the effects it produces, varies substantially across studies. This raises a fundamental question: under what conditions does context reliably influence memory? We present a pilot study (N = 83) with two aims: to test whether binding items to their context during encoding is necessary to produce context-dependent memory, and to validate our paradigm for robustly evoking context effects as a benchmark for future studies. In a free recall task, participants studied words in two contexts, only one of which was reinstated during recall. We manipulated whether attention was guided toward the item, the context, or the binding of both. Recall from the reinstated context was reliably increased across all manipulations. Further, in the binding condition, context-based organisation in recall was slightly enhanced. These results suggest that explicit item-context binding is not necessary for context effects, given current design choices, and validate our paradigm as a baseline for interpreting subsequent studies, which will systematically vary task dimensions to identify the conditions under which context effects reliably emerge.",psychological / behavioral research,computational cognitive science / cognitive modeling
Extended_Abstracts,121,pending,Protracted development of receptive field tuning in human auditory cortex,"Audition is a fundamental sense, underlying critical human behaviors such as communication and recognition. Yet, how the tuning and organization of receptive fields in auditory cortex mature from childhood to adulthood is unclear. Through a gamified neuroimaging approach using functional MRI, we modeled population receptive field (pRF) tuning for frequency across auditory cortex in both children and adults. We observed a developmentally protracted increase in the representation of low frequencies in primary and secondary auditory cortex. This maturation of pRF tuning was correlated with developmental improvements in auditory processing. Our results offer evidence for an anatomically-predictable and behaviorally relevant functional organization of auditory cortex and lays important groundwork for understanding atypical auditory development.",experimental neuroscience (systems / cognitive),psychological / behavioral research
Extended_Abstracts,122,pending,Vision Models Capture Complementary Representations in Children That Converge in Adults,"How the relationship between image-text aligned and vision-only models changes across development remains unknown. To address this, we applied time-resolved representational similarity analysis to EEG data from 8-year-olds, 12-year-olds, and adults. Commonality analysis showed complementary structure for image-text aligned versus vision-only models at 8 years, near-zero shared variance at 12 years, and greater overlap in adults, while both retained unique variance at all ages. This pattern generalized across model pairings, whereas vision-only model pairs showed overlapping variance at every age, suggesting a double dissociation. Within-category structure appeared complementary even in adults, suggesting that image-text aligned training may capture fine-grained structure not recovered by vision-only training. Together, these findings suggest that image-text aligned and vision-only models capture distinct aspects of visual representations that become more aligned in adulthood, and that vision-only models alone may miss structure relevant for developmental model-brain alignment.",experimental neuroscience (systems / cognitive),artificial intelligence / machine learning
Extended_Abstracts,123,pending,System identification from raw EEG during clinical propofol sedation with an interpretable latent SDE model,"Current EEG-based sedation monitoring commonly uses handcrafted spectral or entropy features and uses them for retrospective sedation level prediction. This gives only limited access to the temporal dynamics of consciousness and is not designed to address the clinically relevant problem of short-term future sedation change prediction in continuous propofol administration settings. Here, a dynamical autoencoder, encoding into a latent stochastic differential equation (SDE)-based Kuramoto-like dynamical system, is trained end-to-end on large-scale raw two-channel clinical EEG recorded under propofol sedation. The data consist of 285 recordings during routine endoscopy, with expert nurse annotations of depth of consciousness on the MOAAS scale. The model maps each input window to a low-dimensional latent feature state using a temporal convolutional neural network (TCN), evolves this state forward with Kuramoto-like coupled oscillators with learned state-dependent parameters, and decodes the predicted latent trajectory back to EEG. This creates a compact dynamical system with learned interpretable internal parameters relevant to consciousness depth, such as oscillator frequencies, pairwise coupling, and phase synchrony. Although MOAAS labels are not used to shape the latent dynamics directly, the learned latent space shows graded structure with respect to sedation depth. In held-out subjects, these latent features support prediction of conscious and unconscious states. The results therefore show that sedation structure can emerge in a forecasting dynamical autoencoder trained directly on raw EEG reconstruction. More broadly, this supports end-to-end learning of interpretable dynamical systems from raw neural time series.",theoretical / computational neuroscience,artificial intelligence / machine learning+theoretical / computational neuroscience+experimental neuroscience (systems / cognitive)
Extended_Abstracts,124,pending,A Geometric Foundation for Semantic Relations in the Brain,"In vectorial word embeddings, semantic features often appear as reusable directions: the same gender direction can distinguish “boy”/”girl”, “king”/”queen”, and “uncle”/”aunt”. Here we show that semantically driven neural responses in the human brain follow a similar geometric principle during natural language comprehension. We recorded populations of single neurons from hippocampus, anterior cingulate cortex, and orbitofrontal cortex while participants listened to podcasts. Single neurons often discriminated the two poles of a semantic relation, combining these relation-tuned neurons yielded population embeddings whose shared displacements generalized across word families. Across diverse semantic and grammatical relations, words linked by the same relation occupied aligned directions in neural population space, yielding parallelogram structure. Pronouns showed a stronger higher-order organization, with person, number, and case combining into an approximately prismatic geometry consistent with partial factorization. Departures from ideal parallelism resembled those in a modern language model, suggesting a shared fine-grained semantic geometry. Different analogy types recruited largely distinct neuronal subpopulations, comparisons across brain regions revealed complementary specialization rather than a single uniform code. Together, these findings suggest that word meaning in the brain is organized by reusable geometric transformations, paralleling principles seen in artificial language systems.",experimental neuroscience (systems / cognitive),artificial intelligence / machine learning+computational cognitive science / cognitive modeling+experimental neuroscience (systems / cognitive)
Extended_Abstracts,125,pending,A deeper look into occlusion types and their impacts on object detection models,"Modern computer vision offers a wide variety of models for recognition and object detection, with some being similar in design to biological vision. Partial occlusions have been shown to have a negative impact on performance in both cases. Similarly, color can be used to create illusions in images and instances of camouflage, which can also have an impact on these two tasks. This work explores several types of occlusions that can make objects appear illusory due to their color with respect to the greater image context.  Specifically, we study cases where the occluder blends in with an object or when the occluder blends in with the background.  These cases are interesting as they find commonality with optical illusions in human perception. In experiments, these artificial occluders are applied to 80 distinct objects as horizontal lines, with an occlusion ratio of approximately 0.5.  Current experiments explore the impact of these types of occlusions on object recognition for several state-of-the-art computer vision models, ranging from simple convolutional neural networks (CNNs) to transformers to more recent “transformer-like” CNNs. This work also offers a look inside these diverse models to visualize how the occlusion-based errors propagate through the networks to the final layer. Current results find that transformer-based models are far more robust to these types of occlusions when compared to standard CNN models, like ResNet, but that more recent CNNs like ConvNext, show similar robustness to transformers. A second more surprising observation is that these color-based occlusions show significantly higher performance when compared to black baseline occlusions in the CNN models, but similar performance in both the transformer and more recent CNN models. These results give more knowledge about the internal nature of neural networks as well as their robustness to specific types of partial occlusions which are not unseen in real-world scenes.",artificial intelligence / machine learning,computational cognitive science / cognitive modeling+theoretical / computational neuroscience
Extended_Abstracts,126,pending,How Are Continuous Motor Skills Learned and Represented,"Most real-world motor actions require skilled continuous coordination. Here, we investigated how continuous motor performance improves with practice and how learned skills are represented. We recruited a large sample of participants (N = 300) to perform a tracing task, systematically varying how far ahead participants could preview the trajectory (5\%–100\%) to control the extent of advanced planning. To dissociate general skill learning from trajectory-specific learning, participants repeatedly practiced a single trajectory while interleaved random trajectories served as a baseline. To probe whether learning benefited from the trajectory’s global structure, we introduced rotated versions of the trained trajectory. With practice, participants became faster and more accurate. These improvements reflected general gains that were similar across preview conditions, without evidence for an expanded planning horizon, alongside trajectory-specific gains that diminished as preview increased. When probed, we found transfer to rotated trajectories, indicating learning benefits from a global representation of trajectory structure. Together, these findings suggest that continuous skill learning reflects modest general improvements in planning and execution, but substantial trajectory-specific gains that benefit from improved predictions of upcoming movements grounded in the trajectory’s global structure.",psychological / behavioral research,computational cognitive science / cognitive modeling
Extended_Abstracts,127,pending,Connectivity Hyperalignment Reveals Shared Fine-Scale Functional Organization in the Human Subcortex,"Subcortical structures play central roles in cognitive, emotional, and social processing, yet studying their functional organization with fMRI is challenging due to their small size, low signal-to-noise ratio, and anatomical variability across individuals. Although spatial smoothing is commonly used to mitigate these issues, it can obscure fine-grained functional structure by mixing signals from neighboring nuclei. Here, we test an alternative way of increasing cross-subject alignment with connectivity hyperalignment (CHA). Applying this approach to naturalistic movie fMRI data, we find that CHA markedly increases cross-subject synchronization of both responses and connectivity in subcortical regions. Our results demonstrate the potential of voxel-level group analyses without spatial smoothing and provide a new framework for studying human subcortical circuit organization.",computational cognitive science / cognitive modeling,theoretical / computational neuroscience
Extended_Abstracts,128,pending,Multi-subject neural decoding from fMRI supports distributed structural visual representations beyond occipital cortex,"Visual neural decoding reconstructs visual perception from brain activity. Multi-subject decoding from functional magnetic resonance imaging (fMRI) can leverage shared latent spaces, but current approaches rely on data-driven functional alignment, limiting interpretability, and typically focus on predefined regions of interest (ROIs) within the occipital cortex, overlooking broader cortical representations. In this work, we addressed these limitations by introducing a multi-subject pipeline based solely on anatomical alignment. The image generation consisted of two stages: first, a variational autoencoder (VAE) reconstructed structural image features; second, a latent diffusion model (LDM) guided by contrastive language–image pretraining (CLIP) embeddings incorporated semantic information. Interpretable linear regression was used to predict VAE and CLIP latent representations directly from fMRI-derived beta weights. Furthermore, we introduced a new ROI, PrAGMATIC-visual, derived from functional responses to naturalistic stories, which extended beyond classical visual areas to include temporal, parietal, and prefrontal regions. Experiments on the Natural Scenes Dataset (NSD) demonstrated comparable performance to state-of-the-art decoding approaches while enabling interpretable multi-subject analysis. Representational similarity analysis (RSA) combined with linear mixed models (LMM), comparing predicted model features (VAE, CLIP-vision, CLIP-text) with brain ROIs (V1–V4, category-selective Floc regions, and PrAGMATIC-visual), revealed strong consistency across subjects. Together with post-hoc inspection of regression weights, results supported a hierarchical organization of the visual cortex, with early occipital regions encoding structural information, and higher regions (after V3) emphasizing semantic content. PrAGMATIC-visual ROI resembled early visual areas, indicating that structural representations extend well beyond the occipital cortex. Overall, these findings suggest a shift in neural decoding methodology: rather than relying on predefined masking ROIs, analyses should carefully consider the full spatial distribution of information in the fMRI signal towards full-brain analyses.",theoretical / computational neuroscience,computational cognitive science / cognitive modeling
Extended_Abstracts,129,pending,A data-driven approach for identifying multi-domain connectivity signatures,"Adversity, cognition, mental health, and genetics are embedded in brain structure, but the way they relate to each other at the neural level remains unclear. Using partial least squares analysis on white matter connectivity from a large pre-adolescent sample (ABCD, N = 7,384), we identified structural ‘connectivity signatures’ related to each domain. These signatures, each comprised of thousands of edges, significantly overlapped with one another except adversity and mental health. Edges uniquely related to adversity were significantly shorter and stronger than those related to mental health. Despite this polarized connectivity pattern, adversity and mental health connectivity signatures do meaningfully converge, but only in architecture shared with cognition and genetics. These results suggest an indirect relationship between the biological embedding of adverse experience and mental health challenges which are mediated by shared cognitive and genetic pathways. This project highlights the importance of multi-domain approaches for uncovering structural brain architecture that may bridge environmental risk and psychopathology.",computational cognitive science / cognitive modeling,psychological / behavioral research
Extended_Abstracts,130,pending,Looking at nothing during deliberation reflects optimal sampling from episodic memory,"Episodic memory supports deliberation by allowing our choices to be guided by past experiences, yet the
dynamics of retrieval during decision making remain poorly understood. Here, we address this gap by using eye tracking to trace episodic retrieval during value-based choice. In the absence of visual information, participants directed their gaze toward the encoding locations of retrieved episodes, and these fixation patterns aligned with their decisions. We further formalized optimal retrieval in this setting and found that people's fixations are consistent with optimal sampling from episodic memory. These results demonstrate that eye gaze can serve as a window into episodic sampling and suggest that people optimally retrieve episodes to guide their choices.",computational cognitive science / cognitive modeling,psychological / behavioral research
Extended_Abstracts,131,pending,Identifying Multimodal-Specific Regions with Naturalistic Stimuli Using a Contrastively-Trained Neural Network,"The brain integrates auditory and visual information into a unified percept. However, most audiovisual neuroscience studies focus on low-level features or rely on separate unimodal representations, limiting their ability to capture fused content across modalities. To address this gap, we leverage ImageBind, a contrastively trained model that maps audio and visual inputs into a shared semantic space, together with rare intracranial electrocorticography (iEEG) signals from 19 neurosurgical participants during naturalistic movie viewing. By leveraging a multivariate temporal response function (mTRF) encoding framework, we characterize modality-specific brain networks for both audio and visual streams. Importantly, we find that combined audiovisual embeddings are more strongly encoded than both unimodal embeddings in a subset of electrodes, particularly in superior temporal regions, highlighting their role in semantic-level audiovisual integration. These results demonstrate that multimodal deep neural networks provide a promising framework for investigating audiovisual integration under naturalistic viewing.",psychological / behavioral research,artificial intelligence / machine learning+computational cognitive science / cognitive modeling
Extended_Abstracts,132,pending,A Surprisingly Compact Subspace of GPT-2 XL Embeddings Captures All Linear Alignment with Intracranial Activity during Language Listening,"Large language models (LLMs) are increasingly used as computational models of human language processing, yet what drives their alignment with neural activity remains unclear. Here, we use ridge reduced-rank regression on intracranial ECoG recordings from nine participants listening to a naturalistic podcast to identify the subspace of GPT-2 XL embeddings responsible for neural prediction. We find that approximately 20 dimensions out of 1,600 are sufficient to capture all linearly encodable neural variance, and that dimensions outside this subspace contribute no unique information. These results suggest that LLM-brain alignment depends on a compact representational subspace, and that characterizing this alignment requires attention to representational geometry rather than overall encoding performance.",experimental neuroscience (systems / cognitive),artificial intelligence / machine learning+computational cognitive science / cognitive modeling
Extended_Abstracts,133,pending,Learning Optimally Fast: a Normative Theory Balancing Effort and Performance,"Learning how to learn efficiently is a fundamental problem for biological agents and an increasingly important one for modern machine learning systems. To learn efficiently, an agent must determine how fast to learn, balancing the benefits of rapid improvement against the costs of effort, instability, or resource depletion. We study a normative objective for optimal learning rate control: maximizing cumulative reward throughout learning while accounting for the costs of effort. Using control theory, we derive a closed-form expression for the optimal learning rate that depends only on quantities available to the agent, specifically the current and expected final performance. Remarkably, under mild continuity assumptions alone, this solution holds for arbitrary tasks, network architectures, cost functions, and learning dynamics. We verify that it matches numerically optimized schedules in deep networks.  Because the optimal learning rate depends on the agent’s expectation of its future performance, our framework also predicts how over- or under-confidence shapes engagement and effort allocation. These predictions align with findings from self-regulated learning literature, where high performance expectations lead to greater motivation, engagement, and persistence, while low expectations reduce effort. Finally, we introduce a simple episodic-memory mechanism that allows agents to estimate future performance on unseen tasks by recalling similar past trajectories, providing near-optimal inputs to the optimal learning rate expression. Furthermore, performance prediction and prediction errors could be encoded by dopaminergic and serotonergic signals, as both neuromodulators are involved in long-term prediction errors and motivational states related to beliefs in future performance. 
Together, these results provide a normative and biologically plausible account of learning speed control, linking self-regulated learning, effort allocation, and episodic memory estimation within a unified and tractable mathematical framework.",theoretical / computational neuroscience,artificial intelligence / machine learning+computational cognitive science / cognitive modeling+psychological / behavioral research+theoretical / computational neuroscience
Extended_Abstracts,134,pending,Emergent Superstitious Learning Behaviors and Computations in Neuromodulated Plastic Neural Networks,"Animals continually learn about predictable relationships. However, such “learnable” relationships are often intermixed with observations that are in fact random, which are thus “unlearnable.” It is not known whether predictable and random relations can be differentiated when presented together, such that more cognitive effort can be invested in the former. Previous work presented subjects with “learnable” sets in which the stimuli were implicitly ordered and “unlearnable” sets where stimuli were unordered and feedback was random. Results showed that subjects learned the correct order in the learnable sets but also imposed “superstitious” ordering of the unlearnable sets. Here, to gain more insight on putative neural mechanisms, we meta-trained a plastic recurrent neural network (p-RNNs) that uses neuromodulated Hebbian plasticity to learn autonomously across trials. Intriguingly, p-RNNs also exhibited subjective ordering when tested with unlearnable sets. Further, we found that p-RNNs expressed a reward-sensitive neuromodulatory signal that predicted superstitious ordering and, further, that real and superstitious orderings were represented differently in memory-related population activity. Overall, this work provides an initial point of connection between superstitious learning and lower-level neurocomputational mechanisms.",computational cognitive science / cognitive modeling,artificial intelligence / machine learning+psychological / behavioral research+theoretical / computational neuroscience+experimental neuroscience (systems / cognitive)
Extended_Abstracts,135,pending,One-Shot category learning and memory in human adults,"Understanding how humans rapidly learn and apply new visual categories remains a central question in cognitive neuroscience. In contrast to artificial neural networks (ANNs), which often require large numbers of training examples to learn a new visual concept, humans can infer the existence of a category after seeing a few, or even one object exemplar. Despite the importance of one-shot learning, few studies have examined how robustly humans form one-shot categories for naturalistic 3D objects and how strongly these representations persist in memory. Here, we examined participants’ capacity to incidentally learn a novel stimulus category embedded in a stream of images, and then generalize that category to novel exemplars after a delay. Importantly, participants were shown each category exemplar just once and were not told whether they would be tested on it later. We found that participants accurately categorized exemplars from novel categories after previously seeing just one other example, and their categorization performance with novel objects did not differ from familiar ones. Moreover, categorization accuracy for novel objects did not vary as a function of the delay between the learned object and test. These findings suggest that humans have robust category learning abilities, such that they can learn a new category while passively viewing many images, and their learning persists after a short delay.",psychological / behavioral research,artificial intelligence / machine learning
Extended_Abstracts,136,pending,Testing theories of segment-based neural representation in macaque V1,"Segmentation is the process of grouping and separating image features to form perceptual objects or, segments. Segments influence single neuron firing, as shown in primary visual cortex (V1) neurons (Cavanaugh et al., 2002; Gilbert & Li, 2013; Roelfsema, 2023). However, segment–specific effects on population V1 firing remain unknown. To understand population encoding of segments, we began with existing frameworks that explain population firing through probabilistic inference about latent causes (Haefner et al., 2024). We then extended those frameworks using a recently proposed probabilistic model of human segment perception where the inference of image features and segments is coupled and proceeds iteratively (Biswas et al., 2026). We evaluated V1 predictions for that model with data from one awake macaque. The model explained single–neuron modulation by segments, and successfully predicted how image segments modulate pairwise covariability, including their rich spatiotemporal dynamics. Thus, we offer a new theory of segment–based image encoding in V1 and initial experimental support for its prediction of flexible, segment–dependent pairwise covariability. This is an important first step towards understanding the distributed neural population representation of natural scenes.",theoretical / computational neuroscience,experimental neuroscience (systems / cognitive)
Extended_Abstracts,137,pending,The role of shape and local features in human object recognition and learning,"An object’s shape is an important visual cue, critical for both perception and cognition. However, the current best models of human vision, Deep Neural Networks (DNNs), do not use shape, but instead they rely on local visual features. This raises the question, is shape less important for human perception than previously believed? In six experiments, with adults, children, and DNNs, we tested the role of shape and local features in object recognition and learning. We found that local visual features were sufficient for recognizing familiar objects, but that shape was crucial for one-shot object learning. Together, these findings force us to reevaluate the role of shape in visual recognition and suggest that DNNs, despite not using shape, may nevertheless capture an important aspect of human visual processing.",psychological / behavioral research,artificial intelligence / machine learning+computational cognitive science / cognitive modeling+experimental neuroscience (systems / cognitive)
Extended_Abstracts,138,pending,Functionally specialized units reflect readout pathways rather than distinct feature encoding in artificial neural networks,"Functional specialization, in which neurons or units causally contribute to specific tasks, emerges in both biological visual systems and artificial neural networks (ANNs). In ANNs, it is often assumed that task-critical units encode dedicated features. Yet causal involvement does not necessarily imply unique feature encoding: such units may instead function as preferred readout pathways over a shared feature space. To dissociate between these accounts, we use intrinsic spatial frequency (SF) tuning as an interpretable proxy for representational structure and perform systematic lesion analyses in a dual-task VGG network trained on face and object categorization.
We find that identified face- and object-critical units show highly similar SF tuning, suggesting they do not rely on strongly distinct feature representations. While permanently lesioning these units severely impairs task performance, the network's global SF profile remains largely unchanged. Critically, performance can be fully restored by fine-tuning only the fully connected layers, indicating that such units are not necessary for performance. These findings support the view that functional specialization in ANNs reflects selective downstream readout over a shared feature space, rather than dedicated encoding of category-specific features.",computational cognitive science / cognitive modeling,artificial intelligence / machine learning
Extended_Abstracts,139,pending,Balancing the brain: Criticality supports flexibility while task engagement drives deviation from criticality,"The critical brain hypothesis proposes that brains function near a phase transition, that is neither excitation- nor inhibition-dominant, enabling adaptability. Stabilizing brain dynamics in the service of demanding tasks, however, may require deviating from criticality. We adapted a scale-invariance metric (d2), to track time-resolved deviations from neural criticality using EEG amplitude fluctuations to examine whether criticality underpins the stability-flexibility tradeoff in cognitive effort. First, d2 successfully tracks distance-from-criticality in a ground-truth model of excitatory-inhibitory networks. Next, EEG during a task-switching experiment showed that deviations from criticality correlate oppositely with flexibility and engagement. Participants voluntarily switch tasks more frequently when pre-trial activity nears criticality, while deviations are associated with task engagement, especially on demanding trials.",theoretical / computational neuroscience,experimental neuroscience (systems / cognitive)
Extended_Abstracts,140,pending,An Analytically Tractable Model of Optimal Schema Learning and Few-Shot Generalization,"Adaptive behavior depends on the ability to learn rapidly and generalize across new environments — a process supported by the gradual acquisition of reusable schemas over the lifespan. We present a tractable theory of how extended experience enables extraction of low-dimensional structure that supports few-shot generalization. Schema extraction is formalized as an autoencoder that captures environmental regularities, and adaptation to new tasks is modeled by training a downstream readout on the learned latent space. In the high-dimensional regime, we derive exact analytical expressions for generalization and memorization performance as a function of schema dimensionality, amount of data, and task parameters. We find optimal schemas take different forms depending on the learning goal: optimizing for memorization favors high-dimensional representations that preserve episodic detail but generalize poorly, while optimizing for generalization yields compressed, lower-dimensional schemas that support rapid new learning. Schemas optimized for generalization, but not memorization, reproduce key empirical findings from psychology and neurobiology, including accelerated learning under strong schemas, schema-induced distortions, and rapid cortical integration of new memories in the presence of robust prior schemas. Together, these results demonstrate how complementary learning systems can transform naïve representations into expert-like structures that support flexible adaptation.",computational cognitive science / cognitive modeling,artificial intelligence / machine learning+theoretical / computational neuroscience
Extended_Abstracts,141,pending,Data symmetries can confound representational similarity analyses,"What can representational similarity matrices (RSMs) tell us about a neural code? As the popularity of these summary statistics grows, so too does the need for a complete characterization of their properties. Here, we show that symmetries in network inputs can confound RSM-based analyses. Stimulus symmetries render many representations functionally equivalent, but these different configurations can lead to different RSMs. These different RSMs reflect qualitatively different representational geometries.
  We demonstrate this phenomenon in a toy setup as well as networks trained to encode image data, where the symmetry is latent. Our results illustrate the challenges inherent in comparing non-linear neural codes, when functionally-equivalent representations are not related by a simple rotation.",theoretical / computational neuroscience,artificial intelligence / machine learning+computational cognitive science / cognitive modeling
Extended_Abstracts,142,pending,Changes in local field potential in non-human primate prefrontal cortex during a transitive inference task,"Transitive inference (TI) consists of deducing that if A > B and B > C, then A > C. This process relies on mental schemas organizing hierarchical relationships, yet its neural computations remain poorly understood. We recorded local field potentials (LFPs) from the lateral prefrontal cortex of two rhesus macaques (M. mulatta) performing a TI task in which they learned the rank order of seven novel stimuli by exposure to the 6 adjacent pairs for ~150 training trials. To demonstrate TI after training, they were tested with all 21 pairs for ~200 trials. They achieved asymptotic accuracy of 80–90% and exhibited the Symbolic Distance Effect, an indication of relational reasoning. LFP analyses revealed dominant beta-band (20–25 Hz) oscillations.  Training-to-Testing comparison showed frequency-specific modulations across alpha, beta, and gamma bands. During Testing, beta and gamma power increased during the decision period, while low gamma (30–50 Hz) selectively predicted symbolic distance. These findings implicate PFC beta synchrony in hierarchical rule retrieval and gamma-band activity in representing abstract relations.",experimental neuroscience (systems / cognitive),psychological / behavioral research
Extended_Abstracts,143,pending,Human Hippocampal Neurons Track Latent Social Position,"Adaptive social behavior requires tracking others in a latent relational state space. Prior work suggests that the hippocampus supports abstract cognitive maps (Behrens et al., 2018), but whether single human neurons encode latent social coordinates is unknown. We recorded 327 well-isolated neurons from hippocampus, orbitofrontal cortex (OFC), and amygdala in neurosurgical patients performing a social navigation task (Tavares et al., 2015) in which interactions with five characters updated their positions along latent affiliation and power dimensions. We found that a significant subset of hippocampal neurons encoded characters’ two-dimensional location in social space, with place-field-like responses not explained by affiliation or power alone. Hippocampal neurons also encoded egocentric social angle and distance, consistent with a self-referenced geometric code. Complementary continuous analyses further showed that both hippocampus and OFC carried information about latent social coordinates, but in different formats: hippocampal coding was evident in both focal and continuous measures, whereas OFC coding was stronger in parametric and information-based analyses than in bin-based selectivity tests. These results provide single-neuron evidence that the human hippocampus tracks locations in abstract social space and suggest that hippocampal–OFC circuits may implement complementary codes for latent social states.",experimental neuroscience (systems / cognitive),
Extended_Abstracts,144,pending,Behavioral Automaticity Triggered by Stimulus-Driven Reactivation of Functional Connections,"Whether learning to walk, talk or type, cognitive psychology research spanning decades has established automaticity as the basis of robust and accurate task performance following practice. Despite the centrality of automaticity little is known about its neural mechanisms. Here, we introduce a rapid associative task paradigm to identify distributed brain network mechanisms supporting rapid learning to automaticity. Participants first learned a set of visual stimulus-motor response mappings (Primary Task) that were then reversed for a subset of mappings (Secondary Task) to measure interference effects from automaticity. Behavioral results showed less accuracy and increased response times in the reversed conditions, confirming automaticity of the practiced mappings. We hypothesized that automatic mappings are encoded as context-dependent task-state FC changes, with stimulus contexts similar to the initial learning triggering previously-learned mappings. Moreover, we hypothesized that task-state FC changes are sufficient to reproduce the full stimulus-to-response automatized behavior, and tested this using activity flow modeling (actflow)—empirical FC-specified task-performing network models. Consistent with our hypotheses, we observed that Primary Task task-state FC patterns automatically reactivated during the Secondary Task period (with greater strength early in the task), despite participants being instructed to follow different instructions. Next, to better understand how task-state functional networks support automaticity, we used actflow modeling to provide a mechanistic description of how neural activations flow through directed functional connections to generate automatic motor responses. Actflow models parameterized by empirical task-state FC successfully generated interference effects, predicting correct responses for trials with Primary Task mappings and incorrect responses for trials with reversed (Secondary Task) mappings. Finally, we found that task-state FC patterns encode specific Primary Task mapping identity, determining the appropriate motor response predictions. Together, our results suggest learning to automaticity is supported by distributed networks linking perception, control, and behavior, that are context-dependent and can operate unintentionally.",computational cognitive science / cognitive modeling,artificial intelligence / machine learning+psychological / behavioral research+theoretical / computational neuroscience+experimental neuroscience (systems / cognitive)
Extended_Abstracts,145,pending,Distinct Computational Pathways to Persistent Fear Across Development,"Exposure-based therapies often fail to produce lasting fear extinction.
Computational models of latent cause inference highlight that persistent fear may arise
when inferred aversive causes are selectively maintained in memory. Here, we extend this
framework to include threat generalization as another pathway to sustained fear, and test whether the balance between
selective maintenance and generalization shifts across development.
Participants (N=502) aged 8--25 completed an online fear conditioning and extinction task, followed by a test of spontaneous recovery.
Participants learned to associate an image (CS$^+$) with an aversive scream, while a second image (CS$^-$) was never followed by the scream.
Compared to adolescents and adults, a larger proportion of children showed fear generalization across the two CSs,
and a smaller proportion exhibited CS$^+$-selective fear at test (both $p_{\text{FDR}} = 0.012$).
Our model captured this developmental shift as an age-related decrease in a
generalization parameter that spreads learning across multiple latent causes
(i.e., associations; $p = 0.037$), alongside faster decay of existing memory traces ($p < 0.001$).
These findings suggest a developmental transition from diffuse threat generalization to
more selective maintenance of aversive memories.",computational cognitive science / cognitive modeling,psychological / behavioral research
Extended_Abstracts,146,pending,HyperBrain-Sparta: A functional template for the human brain,"Different brains encode the same information in different topographic patterns of activity. To study the commonalities and differences of the information encoded in fine-grained patterns across individuals, it is necessary to resolve these topographic idiosyncrasies by hyperaligning all brains to the same functional template. Traditionally, a separate functional template is created for each study. As a result, data from different studies are hyperaligned to different templates, making it difficult to compare the results across studies or to perform meta-analysis. In this work, we present HyperBrain-Sparta, a functional template created using high-quality fMRI data of 300 individuals. We created the template to be representative of the group in terms of both connectivity geometry and functional topographies. We validated the template using an independent dataset to demonstrate that it enhances both shared and idiosyncratic information encoded in fine-grained spatial patterns.",artificial intelligence / machine learning,computational cognitive science / cognitive modeling+theoretical / computational neuroscience
Extended_Abstracts,147,pending,ANNs that perform well on a Gestalt benchmark from Brain-Score do not support human-like Gestalt processing,"The BMD2024 behavioural benchmark is designed to test for the Gestalt rule of good continuation that plays an important role in human vision. It came in second place at the 2024 Brain-Score competition aimed at severely testing representative ANNs. Since then, as part of Brain Score, a total of 171 models have been tested on this and three related benchmarks, with the top model performing almost perfectly on all four datasets. Does this suggest that newer models have learned human-like Gestalt rules? We show that the more successful ANNs tend to be the ones largest in scale (both size of the network and the training set), and that the top-performing model performed dramatically worse when the dataset was systematically altered to rigorously test its alignment to humans. This indicates that despite high benchmark scores, these models still do not grasp fundamental principles of human vision, emphasizing the need for controlled experiments to understand their processing mechanisms.",artificial intelligence / machine learning,computational cognitive science / cognitive modeling+psychological / behavioral research
Extended_Abstracts,148,pending,How do Deep Learning Models and Humans Continually Learn?,"When deep learning models are trained on a new task, there is a sharp drop in performance on the previously learned task, a phenomenon termed catastrophic forgetting. The present study examines how the internal representations of networks change when they undergo catastrophic forgetting. We compared the internal representations of each layer of a network before and after it learned a new task, and found that even when a model showed catastrophic forgetting, it retained a significant proportion of its internal representations in the early layers. We also found that these results were robust across training datasets, across model architectures, and across task complexities. These results challenge the assumption that neural networks forget all internal representations during catastrophic forgetting and pave the way for not only solving this problem for the network, but also provide insight into human memory.",artificial intelligence / machine learning,computational cognitive science / cognitive modeling
Extended_Abstracts,149,pending,A resource-rational model of self-paced learning,"Self-paced learning, where individuals freely decide how much time to spend encoding each item, is often associated with better long-term memory retention and is further regulated by time pressure. Multiple competing verbal theories exist, yet a computationally explicit explanation is lacking. We hypothesize that the relationship between self-paced learning and memory emerges from people’s optimizing task performance under limited cognitive resources during encoding. Unlike participants under a pre-determined presentation schedule, self-paced participants can better allocate and recover cognitive resources according to both endogenous and exogenous factors, leading to better learning. These hypotheses were validated via a metacognitive model of memory encoding, where an object-level process uses allocated resources to strengthen memory, and a meta-level process controls how to optimize total recall by adaptively allocating and recovering resources. Our model predictions align with empirical findings and reconcile previous verbal accounts of self-paced learning.",computational cognitive science / cognitive modeling,psychological / behavioral research
Extended_Abstracts,150,pending,"Structure, disorder, and dynamics in task-trained recurrent neural circuits","Neurons in many brain areas produce heterogeneous, seemingly disordered responses during behaviors, yet the circuits they comprise must contain enough structure to support the representations and computations underlying these behaviors. How much learned structure is present in recurrent connectivity relative to disorder, and how the interaction between them shapes dynamics and single-neuron responses, remain open questions. Recurrent neural networks (RNNs) trained to perform tasks have become a leading class of models for such circuits, but conventional training yields a single point in a vast space of task-compatible solutions, with no systematic way to explore this space and no theory of how internal representations vary within it. Here, we introduce a control parameter $\gamma$ that governs the degree to which learning reshapes recurrent connectivity, interpolating between a reservoir regime and one in which recurrent weights are restructured to produce task-relevant internal representations. Varying $\gamma$ generates a family of task-compatible solutions whose internal dynamics differ in a controlled way. We derive a dynamical mean-field theory (DMFT) showing how the balance of randomness and structure influences population-level dynamics and single-neuron responses. In the reservoir limit, the single-neuron response distribution is Gaussian; recurrent restructuring drives it toward task-dependent, non-Gaussian forms. In nonlinear networks, restructuring drives a phase transition from chaotic, high-dimensional activity to ordered, low-dimensional dynamics that generalize temporally beyond the training period. We apply this framework to a reaching task in which an RNN must reproduce macaque muscle activity, and find that optimally matching simultaneous motor-cortex recordings requires an intermediate degree of restructuring in which learned structure coexists with random heterogeneity.",theoretical / computational neuroscience,artificial intelligence / machine learning
Extended_Abstracts,151,pending,The Transformer May Be the Universal Cortical Microcircuit,"The primate ventral visual system is constrained by the dual evolutionary pressures of (i) enabling strong visual behavior, as observed via high-accuracy readout of object and action categories, and (ii) being wiring efficient. These pressures have shaped a cortical architecture with putative hierarchical linear-nonlinear processing layers, systematic growth of receptive fields across areas, and functional organization of cortical cells. A key challenge has been to identify the cortical microcircuit that satisfies the dual constraints. The convolution---as implemented by convolutional neural networks (CNNs)---has served as the de facto model of ventral stream microcircuitry. However, previous works have shown that they display a small drop in task performance whilst trying to achieve efficient wiring. Here, we propose that the transformer implements a more complete model of the cortical microcircuit. Although transformers are commonly assumed to rely on global, long-range intra-layer interactions, we show that vision transformers in fact develop a hierarchy of receptive field sizes with depth. The transformer microcircuit additionally achieves efficient feedforward and intra-layer wiring without sacrificing task performance. Critically, what drives this alignment is not the existence of global dependencies but a multiplicative operation, as operationalized via the attention module, in addition to additive operations also present in the CNN.",theoretical / computational neuroscience,artificial intelligence / machine learning
Extended_Abstracts,152,pending,Learning the paths to goals in the absence of reward,"Learning the paths to goals is essential for animal survival. While much work has focused on how animals learn based on direct reinforcement, how animals learn to navigate in the absence of reward remains less clear. Here, we developed a novel behavioral task in which mice learn the shortest path to multiple goal locations in a maze during a pre-exposure period without reward. Learning is assessed during a subsequent test period in which mice navigate to rewards efficiently based on their pre-exposure experience. We initially hypothesized that striatal neurons would represent learned spatial maps as a set of value functions over allocentric space for different goals (akin to the successor representation). Using Neuropixels 2.0, we recorded in the nucleus accumbens (NAc), which has been implicated in encoding spatial value, and the dorsomedial striatum (DMS), which has been implicated in goal-directed behavior. We observed distinct neural representations in these two regions: NAc neurons firing ramps as the animal approaches goals (value-like signal), while DMS neurons exhibit sequential activity. Different from our hypothesis, the value representation in NAc is invariant to the current goal identity. A subset of DMS neurons instead appears to encode goal-specific trajectories, but with a particular pattern: they encode the conjunction of proximity to goal and turning angle across trajectories. These data suggest that the brain represents learned spatial policies in a different manner than previously assumed in models of spatial navigation, by decomposing the navigation problem into two components: learning the proximity to each goal and learning what action should be taken at each distance. Such an egocentric representation may be useful for generalizing and reusing learned goal approach policies across many different situations, such as different maze configurations in this task.",experimental neuroscience (systems / cognitive),computational cognitive science / cognitive modeling
Extended_Abstracts,153,pending,Shared neural geometries for bilingual semantic and grammatical representations in human hippocampal neurons,"The human brain has the remarkable ability to comprehend and express similar concepts in multiple languages. To understand how it does so, we examined responses of hippocampal neurons during passive listening, directed speaking, and spontaneous conversation, in both English and Spanish, in a small group of balanced bilinguals. We find a small number of putative cross-language neurons, whose responses to equivalent words (e.g., “tierra” and “earth”) are correlated. However, neurons’ semantic tunings differed substantially by language, suggesting language-specific neural implementations. Instead, the crucial driver of translation was a preserved geometric organization of neural responses between the two languages, one that did not depend on neuron level functional overlap. Indeed, that geometry was implemented by a common set of neurons along distinct readout axes; this difference in readout may help prevent cross-language interference. Beyond word-level semantics, shared neural geometry also extended to grammatical categories, with parts of speech encoded in a language-invariant geometric structure. Together, these results suggest that hippocampus encodes a language-independent internal model for meaning and grammatical structure.",computational cognitive science / cognitive modeling,artificial intelligence / machine learning
Extended_Abstracts,154,pending,Network Activity Flow Models Dissociate Local and Distributed Mechanisms of Visuomotor Hyperactivation after Concussion,"Persisting symptoms after concussion (PSaC) affect 10–30% of patients, with convergence insufficiency as the most prevalent visual symptom and predictor of poor outcomes. Task fMRI reveals aberrant brain activations, but it is unknown if they arise from disrupted network communication or local dysfunction. Activity flow mapping (actflow) models how these activations propagate across resting-state functional connectivity (FC) pathways, distinguishing network contributions from local ones. We applied this framework to fMRI data from PSaC patients (n=65) and healthy controls (n=45) during a visuomotor vergence task. Actflow accurately predicted whole-brain task activations in both groups (Control: r=0.731; PSaC: r=0.700; both p<0.0001). PSaC patients showed hyperactivation in Default-mode and Posterior-Multimodal network regions (pFWE<0.05), with activation correlating with the two primary clinical measures (pFDR<0.05). To test whether hyperactivation is network-generated, actflow predictions were recomputed by excluding dysfunctional regions from the sources. Whole-brain accuracy was preserved, yet predicted activations still distinguished PSaC from controls at all regions of interest (pBonf<0.05) and correlated with clinical measures (pFDR<0.05). Analysis of flow terms revealed excess inflow from Frontoparietal and Cingulo-Opercular networks, as well as excess within-Default-mode network inflow into the dysfunctional regions in PSaC. These findings reframe PSaC as a disorder of network communication, characterized by aberrant executive and default-mode activity flows into higher-order associative regions, resulting in hyperactivation that correlates with the severity of oculomotor symptoms.",theoretical / computational neuroscience,experimental neuroscience (systems / cognitive)
Extended_Abstracts,155,pending,Exploration and Foraging as Mario,"Balancing exploration of uncertain options with exploiting past rewards is challenging when similar situations can produce very different outcomes. An open question is how individuals pursue rewards when the reward-maximizing strategy requires implausibly detailed memory for the landscape of potential choice options. Here, we examined how humans navigate such rugged reward landscapes under limits on representational resources. Using an information-theoretic framework, we quantified policy complexity (mutual information between states and actions) as a measure of representational cost. Participants (n=49) performed a naturalistic foraging task in a modified Super Mario environment, learning rewards across multidimensional, nonlinearly interdependent features. Behavior ranged from simple heuristics to complex state-dependent policies. Exploration induced dimensionality reduction in state representations, while greater policy complexity over selected features predicted higher reward, better memory, and improved generalization to novel stimuli. Together, these results suggest that humans dynamically balance reward maximization with representational efficiency in complex environments.",computational cognitive science / cognitive modeling,psychological / behavioral research
Extended_Abstracts,156,pending,Think-Aloud Reshapes Automated Cognitive Model Discovery Beyond Behavior,"Computational cognitive models discovered using large language models have so far relied solely on behavioral data. However, it is well-known that models produced from the behavioral trajectory alone are typically under-determined. In this work, we explore the use of Think Aloud traces as an additional form of data constraint during automated model discovery. When applied to the domain of risky decision-making, we find that the models discovered with think-aloud achieve significantly improved predictive performance on held-out data. Additionally, we find that the discovered models belong to different structural classes than those discovered from behavior alone for the majority of participants (69.4\%), specifically, it shifts from Explicit comparator towards Integrated utility. These results suggest that process-level language data not only improve model fit, but also systematically reshape the structure of the discovered cognitive models, enabling the identification of mechanisms that are not recoverable from behavior alone.",computational cognitive science / cognitive modeling,artificial intelligence / machine learning+psychological / behavioral research
Extended_Abstracts,157,pending,A tale of two tails: Preferred and anti-preferred natural stimuli in visual cortex,"A fundamental quest in neuroscience is to find the preferred stimulus of a sensory neuron. The prevailing notion is that a visual neuron primarily responds to a single preferred visual feature, like an oriented edge or object identity, resulting in a “one-tailed” distribution of responses to natural images. However, we instead find “two-tailed” response distributions of macaque visual cortical neurons, suggesting that real neurons have both preferred and anti-preferred stimuli. We verified the existence of anti-preferred stimuli by recording responses from macaque V4 neurons to model-optimized stimuli. We find that these anti-preferred stimuli are essential for describing a neuron’s tuning, as responses to both preferred and anti-preferred images are needed to predict a neuron’s response to natural images. Moreover, humans performing a psychophysics task relied on anti-preferred images to infer a V4 neuron’s stimulus tuning; this was not the case for inferring the tuning of internal units from a deep neural network. The features of preferred and anti-preferred images were seemingly unrelated, suggesting that V4 neurons encode a broader range of features beyond those they “prefer”, enriching the V4 population’s representational basis. To encourage further experiments investigating anti-preferred images, we developed a tool called ImageBeagle that efficiently “hunts” through millions of natural images, for real-time experiments. Overall, our work embarks on a new quest in neuroscience to search for anti-preferred stimuli along the visual stream, as well as to better understand how feature selectivity arises in the visual cortex and deep neural networks.",computational cognitive science / cognitive modeling,artificial intelligence / machine learning
Extended_Abstracts,158,pending,Geometric Context Distorts Visual Spatial Working Memory,"Spatial working memory (WM) is often observed to leverage retinotopic neural population codes to encode remembered locations over brief delays. However, behavioral reports can reveal systematic distortions, suggesting additional structure. We tested whether minimal geometric context—defined by enclosing apertures—sculpts the topography of remembered locations. Participants encoded a target within one of four apertures (circle, square, tall rectangle, wide rectangle) and reported its location after a delay via memory-guided saccade or mouse click. Rectangular apertures produced strong anisotropies: response variability elongated along the aperture's long axis, and radial biases differed across axes. In contrast, circular and square apertures yielded comparatively isotropic error distributions. These effects generalized across response modalities, suggesting a shared representational origin rather than motor-specific noise. These findings argue against a purely retinotopic coordinate system of spatial WM and indicate that geometric context systematically shapes both bias and variability of representations.",computational cognitive science / cognitive modeling,psychological / behavioral research+theoretical / computational neuroscience
Extended_Abstracts,159,pending,Natural image training enhances generalization in visual number sense of deep neural networks,"Number sense, the intuitive ability to estimate the number of items in a scene, has been observed in diverse animal species. Recent studies have shown that this ability also emerges in deep neural networks, yet the inductive biases that drive its emergence remain poorly understood. Here, we investigate how different training curricula shapes the number sense and its robustness in deep learning models. We tested two curricula: one set of models trained $\textit{de novo}$ on a numerosity estimation task, and the other set pre-trained on natural image categorization. Pre-trained models showed superior generalization to untrained range of numerosity, size, spacing, compared to $\textit{de novo}$  models. Analysis of models' hidden unit activations revealed that the pre-trained models develop richer and higher-dimensional representational geometry across layers. Together, these results suggest that the statistical properties of natural images provide a powerful inductive bias to develop number sense.",artificial intelligence / machine learning,
Extended_Abstracts,160,pending,The adaptive relational bottleneck: regulation of attention in the service of abstraction,"Abstraction is a fundamental capability required to solve a wide range of problems, including analogical reasoning, planning and mathematics. While large language models (LLMs) are capable of abstraction to solve many such problems (McCoy et al., 2024; Yang et al., 2025), they require as much as three orders of magnitude more data to accomplish the same levels of abstraction as humans (McCoy & Griffiths, 2025). Prior work, inspired by the architecture of the brain (Bouchacourt & Buschman, 2019; McClelland et al., 1995), has identified structural inductive biases that may help explain this difference through promoting more efficient learning of abstract representations. This is achieved by constraining the flow of information within the network to emphasize relational structure between input items while attenuating information about their specific features, a design principle referred to as the Relational Bottleneck (Webb et al., 2024; Webb et al., 2021). This can be implemented by a simple modification of the attentional heads, referred to as relational cross attention (RCA), which has been shown to achieve faster and more effective solutions on tasks that require abstraction (Altabaa & Lafferty, 2025; Altabaa et al., 2024). However, it remains unclear under which conditions a given task benefits from the inclusion of a relational bottleneck, and how a system may detect and deploy this capability. In this work, we introduce an adaptive version of RCA, termed ARCA, that regulates its relational bottleneck through learning. This mechanism is implemented as an interpolation between the standard cross-attention mechanism and RCA, and is parameterized by a scalar that can be optimized during training. We demonstrate that this parameter behaves as expected across both abstract and feature-based tasks. Furthermore, relatively simple heuristics are sufficient to identify an appropriate level of relational bottleneck. We also demonstrate that this mechanism outperforms other attention mechanisms equipped with a positional code, suggesting that ARCA can minimize interference between competing streams of data.",artificial intelligence / machine learning,theoretical / computational neuroscience
Extended_Abstracts,161,pending,Cocaine exposure alters the structure of task engagement and choice behavior in an odor-guided choice task,"Chronic exposure to drugs of abuse can significantly impair learning about rewarding outcomes. However, the specific relationship between neural and behavioral changes after drug exposure is unclear. Here, we analyzed choice patterns of cocaine-exposed and control rats as they performed an odor-guided choice task in which reward delay and magnitude were systematically manipulated across blocks. Chronic cocaine exposure was associated with reduced consistency across behavioral measures, a shift in how these measures relate to instructed versus free-choice behavior, and altered trial-by-trial sensitivity to outcomes. These findings suggest a reorganization of how learning and performance are coordinated, providing insight into the behavioral consequences of cocaine-induced alterations in learning-related dopaminergic signaling observed in this task.",computational cognitive science / cognitive modeling,experimental neuroscience (systems / cognitive)
Extended_Abstracts,162,pending,Attractor dynamics in primate retrosplenial cortex support goal-proximal spatial information processing,"Goal-directed navigation requires neural circuits that not only represent spatial location but also modulate their computations according to proximity to the goal. Yet how this modulation manifests at the system level — in the collective dynamics of neural populations rather than in individual neurons — remains poorly understood. Here, we recorded from the retrosplenial cortex (RSC) of two macaques performing a maze navigation task and characterized neuronal population dynamics using dynamical system models. We found that the work performed by the system on the neural state (system work) increased as monkeys approached the goal location. Critically, this increase in work was accompanied by stabilization of the system near the goal location. These results suggest that RSC exhibits attracting and stabilizing dynamics near the goal, supporting reliable processing of goal-proximal spatial information during navigation.",theoretical / computational neuroscience,artificial intelligence / machine learning
Extended_Abstracts,163,pending,VAST: Visual Abstractions as Streams of Thought,"Visual understanding is as fundamental as language, anchoring how we reason about the physical world. Yet modern vision-language models (VLMs) reason primarily by producing language tokens and rely on pretrained language backbones consuming most parameters and compute. We introduce Visual Abstractions as Streams of Thought (VAST), a cognitively-motivated VLM that reasons through visual streams of thought: lower-dimensional abstractions (camera pose, depth, optical flow, point tracks, and text) disentangled from appearance and interpretable when predictions fail. VAST offers two capabilities beyond standard VLMs.
First, richly controllable world modeling: conditioning on any combination of modalities (e.g., optical flow, depth, text, point tracks) with patch-level independence for targeted object manipulations, enabling fine-grained counterfactual reasoning. Second, a single model unifies diverse visual-linguistic tasks, e.g., novel view synthesis, captioning, action-conditioned generation, by expressing each as a stream of thought. Together, VAST offers a path toward reasoning that is grounded in the physical world.",artificial intelligence / machine learning,computational cognitive science / cognitive modeling
Extended_Abstracts,164,pending,Comparing the Speech Processing Hierarchy in Early Blind and Sighted Individuals,"Early blind individuals typically develop intact language abilities in the absence of visual experience. However, it is unclear how this lack of visual experience affects the organization of language processing in the brain. In this work, we assessed how the organization of language processing differs between early blind and sighted individuals. We modeled brain responses using features extracted from a self-supervised speech network to identify regions that process different levels of linguistic information. Outside of occipital cortex, we found that the same brain regions are responsible for acoustic and semantic processing in early blind and sighted participants. Moreover, we found that parts of occipital cortex act as additional semantic regions in early blind participants. To assess whether these brain regions encode the same linguistic features in early blind and sighted participants, we then compared linguistic tuning across groups for each layer of the speech network. We found that most semantically selective regions outside of occipital cortex have shared tuning across participant groups, while occipital cortex has inverted tuning. Together, our results characterize the organization of language in early blind participants and demonstrate cross-modal plasticity for semantic processing.",experimental neuroscience (systems / cognitive),computational cognitive science / cognitive modeling
Extended_Abstracts,165,pending,Neural signatures of impaired semantic contextualization  in Autism Spectrum Disorder,"Social and communicative deficits are defining characteristics of autism spectrum disorder (ASD). Some theories suggest that these challenges, among other autistic traits, may arise from differences in predictive coding, or how the brain uses context to predict and interpret incoming information. This idea has the potential to link symptoms of autism to specific neurocomputational processes, and is especially promising for communication, whose impairment is a hallmark of ASD. Here we leveraged the ability of large language models (LLMs) to quantify semantic contextualization to analyze a unique dataset of responses from hippocampal neurons obtained during language listening in three mild-to-severe autistic individuals with comorbid epilepsy. Key elements of semantic coding were preserved in all three individuals with ASD: single-neuron response dynamics, representation of word-word semantic relationships, and patterns of context-dependent shifts in meaning. However, relative to controls, ASD resulted in reduced neural signatures of contextualization: (1) neuronal responses were aligned with earlier, less contextual layers of GPT-2, (2) ASD patients had lower effective dimensionality of the neural subspace predicting semantics, (3) neural representations of word meaning were less influenced by preceding context, and (4) neural signatures of lexical surprisal were reduced. Together, these results support theories of autism that emphasize impairments in contextualization, and highlight the power of LLMs as a tool for quantifying the computational basis of neurodevelopmental disorders.",experimental neuroscience (systems / cognitive),artificial intelligence / machine learning+theoretical / computational neuroscience
Extended_Abstracts,166,pending,Using Deep Neural Networks To Model The Relationship Between Internal Visual Representations And Aesthetic Appeal,"Aesthetic experience arises from the interaction between perceptual representations, cognitive processes, and affective evaluation. However, how internal visual representations give rise to aesthetic appeal remains unclear. In this study, we introduce latent distinctiveness as a computational measure of representational uniqueness and test its relationship to human aesthetic judgments using a pretrained deep neural network. Latent distinctiveness refers to the relative uniqueness of an image within a learned feature space, quantified as the distance between its embedding and those of other images, and capturing how much an image deviates from typical representations in the visual environment. Across multiple layers of a VGG16 model, latent distinctiveness shows a weak relationship with aesthetic ratings, with the strongest effects emerging in intermediate layers. This pattern is observed across external datasets, suggesting that aesthetic preference depends on the placement of images within broader visual environments. These findings provide a computational account linking hierarchical visual representations to aesthetic evaluation.",artificial intelligence / machine learning,artificial intelligence / machine learning+computational cognitive science / cognitive modeling+theoretical / computational neuroscience+experimental neuroscience (systems / cognitive)
Extended_Abstracts,167,pending,Deep Learning Models of Attention Reveal Peripheral Encoding as a Bottleneck for Selective Listening Through Cochlear Implants,"Humans can selectively listen to target sounds in noisy environments. This ability is limited in users of cochlear implants (CIs), which attempt to restore hearing in deaf individuals by electrically stimulating the auditory nerve. To investigate the underlying causes, we optimized deep neural networks to recognize speech from a cued talker in multi-talker mixtures, using simulated binaural auditory nerve input from either a normal cochlea or a simulated cochlear implant. Attentional selection was implemented via feature-based gains, allowing models to selectively enhance target features while suppressing distractor features. Models with normal cochlear input successfully used both spatial and voice cues to recognize cued talkers while ignoring distractors, mirroring the performance of normal-hearing humans. By contrast, models with simulated CI stimulation performed notably worse, showing much less benefit from both voice and spatial cues. The presence of these limitations in models optimized to recognize speech from CI input suggests that attention deficits in CI users reflect limitations in the information available from current CI devices, underscoring the importance of developing alternative stimulation algorithms.",theoretical / computational neuroscience,artificial intelligence / machine learning+psychological / behavioral research
Extended_Abstracts,168,pending,Unable to Forget: Proactive Interference Reveals Working Memory Limits in Large Language Models,"Large language models (LLMs) are increasingly used in settings that require retrieving and updating information from long contexts, yet most evaluations conflate two distinct retrieval challenges: search---locating a target in a vast context---and interference---identifying it when competing, outdated bindings to the same cue are present. Inspired by the proactive interference (PI) paradigm in cognitive science, where earlier associations for a repeated cue disrupt recall of newer ones, we introduce PI-LLM, an evaluation in which interleaved key--value updates are streamed and models must retrieve only the most recent value for each key. Because the target is always the last-presented binding, search difficulty is minimal and interference is isolated as the primary variable. Across 35+ models---from 0.6B open-weight to frontier-scale systems---retrieval accuracy declines approximately log-linearly as same-key updates accumulate, with errors dominated by outdated values. This degradation persists when total input length is held constant and emerges independently across multiple load dimensions, pointing to a working-memory-like bottleneck. Critically, neither explicit 'forget' instructions nor chain-of-thought reasoning alleviates the decline, revealing a dissociation between analytical reasoning and retrieval execution. Unlike the plateau observed in human PI studies, the LLM decline shows no sign of leveling off, suggesting that current models lack the flexible executive control that supports human resilience to interference.",artificial intelligence / machine learning,computational cognitive science / cognitive modeling
Extended_Abstracts,169,pending,Dynamical Neural Model of Establishing Perception-Action Coupling through Hebbian Learning,"Visual perception and action execution interact continuously, yet the mechanisms linking neural representations for vision and motion remain poorly understood.
We present a dynamic neural model for perception--action coupling, consisting of interconnected visual and motor neural fields together with a visual front end that maps hand-movement images onto the perceptual representation. 
The two fields represent perceived and executed actions as distributed activity patterns, and reciprocal visuomotor coupling is established through Hebbian learning from the co-activation of sensory and motor patterns.
Simulations show that the learned model captures key experimental findings on perception-action coupling within a unified framework. In particular, it shows delay-dependent modulation of visual responses during concurrent action execution, as well as the effect of visuomotor mismatch on stability of the visual-motor interaction.
These results suggest that perception-action interaction effects can emerge from learned coupling between visual and motor representations in a framework that allows mathematical analysis.",computational cognitive science / cognitive modeling,theoretical / computational neuroscience
Extended_Abstracts,170,pending,Generalized Attention Benefits that Outlast Neurofeedback Training,"Paying sustained attention produces rapid and specific changes in the neural state. Whether sustained attention abilities can be improved by making participants aware of these changes -- neurofeedback -- remains an open question. Here, we designed an EEG-based neurofeedback paradigm using steady-state visually evoked potentials (SSVEPs) to provide continuous readouts of attention levels in real time. To test improvements in sustained attention, participants performed a cued continuous performance “search” task (CPST), before and after neurofeedback training. Behavioral sensitivity (d’) increased after a single training session, compared to control participants, with generalized improvements across trained and untrained hemifields. Behavioral gains were correlated with increases in attentional modulation during neurofeedback. Furthermore, a linear classifier trained on evoked neural responses decoded the attended location more accurately post-neurofeedback, indicating better separability of attention-related neural states. These findings suggest that SSVEP-based neurofeedback can produce rapid and generalized attentional benefits across space and time, with potential therapeutic applications for attention disorders.",experimental neuroscience (systems / cognitive),computational cognitive science / cognitive modeling
Extended_Abstracts,171,pending,Cortical representations of timescales are longer in second than in first language,"Behavioral evidence suggests that humans process language more slowly and with greater effort in their second (L2) than in their first language (L1). However, the brain mechanisms underlying this difference remain unclear. To address this question, we compared functional magnetic resonance imaging (fMRI) recordings of L1 Chinese - L2 English bilinguals who read the same set of narratives in both languages. We extracted embeddings from a multilingual contextual language model and computed features that describe the narratives at different timescales. We used voxelwise encoding models to measure the timescale selectivity of each voxel, in each language separately. To disentangle effects of L1 and L2 processing from differences between English and Chinese, we also compared timescales representations between L1 English and L2 English speakers. Our results suggest that cortical representations of language timescales are longer in L2 as compared to L1.",computational cognitive science / cognitive modeling,artificial intelligence / machine learning
Extended_Abstracts,172,pending,When the Whole Shapes the Parts: Local-Global Interactions in Auditory Perception,"How does perceiving a unified whole affect our ability to track its individual parts? This question is fundamental to understanding perceptual organization, yet remains underexplored in auditory perception. Sine-wave speech offers a unique window into this problem: the same impoverished acoustic signal can be perceived as disconnected whistles or as intelligible speech, depending on prior knowledge. We discretized sine-wave speech into 50 ms tone pips and asked whether recognizing a global word form compromises sensitivity to local acoustic details. In a between-subjects design, participants judged which probe matched a reference stimulus. Critically, when one reference track was time-reversed, which contrasted local accuracy against global consistency, participants without linguistic context managed to track local elements, whereas those who perceived the stimulus as speech performed near chance. These findings demonstrate that top-down linguistic organization, while enabling the perception of a meaningful whole, comes at a cost: local sensory fidelity is sacrificed in favor of global coherence.",psychological / behavioral research,psychological / behavioral research
Extended_Abstracts,173,pending,Neural Representations of Speech and Music under Temporal Compression,"Both speech and music rely on structured temporal sequences, yet how neural representations of these sequences adapt or degrade under temporal compression remains less understood. Here, we address this question using an interpretable convolutional neural network (CNN) model previously validated for modeling human auditory processing. We recorded high-density electroencephalography (EEG) while participants listened to a 2-minute AI-synthesized Mandarin song presented at four playback speeds. For each condition, we extracted syllable-level features from the CNN and aligned them with EEG time courses to assess neural tracking of linguistic and musical information. We find that at slower playback rates, both speech and music features exhibited comparable activity in left temporal regions. In contrast, at higher compression rates, only musical features remained significantly correlated with EEG responses, primarily in the right temporal regions. These findings suggest that linguistic and musical processing rely on partially dissociable neural mechanisms that differ in their tolerance to temporal compression, with musical representations showing greater robustness at faster rates.",computational cognitive science / cognitive modeling,
Extended_Abstracts,174,pending,Evaluating Bayesian Representational Similarity Measures between Neural Networks,"Reliable comparison of representations remains an unresolved challenge in interpreting deep neural networks. Here, we propose and evaluate BayesCompare, a Bayesian framework that uses linear readout for measuring representational similarities of neural networks. We evaluate our method, comparing it to existing methods using 5 instances of six ImageNet-trained neural network architectures. Our methods perform best at matching layers across instances, match the order of layers well and yield more stable results across random image choice. These results establish BayesCompare as an effective way of measuring representational similarity while being easy and fast to compute.",artificial intelligence / machine learning,computational cognitive science / cognitive modeling
Extended_Abstracts,175,pending,The developmental trajectory of temporal dynamics in human visual representations,"Visual representations must support both robust and rapid object processing, yet how these representations develop remains unclear. Here, we used electroencephalography (EEG) and multivariate analyses to characterize visual representations emerging during passive viewing of everyday objects,  from infancy to adulthood (total N=190) from 0.5 years to adulthood in a cross-sectional study. We observed that the peak latency of object decoding decreased with age, indicating faster processing. Time generalization analysis revealed increasingly persistent representations with age. Together our results provide a first comprehensive cross-sectional view of the neural dynamics with which object representations emerge during development.",experimental neuroscience (systems / cognitive),artificial intelligence / machine learning+psychological / behavioral research+theoretical / computational neuroscience
Extended_Abstracts,177,pending,Process-Level Evaluation of Social Inference in LLMs,"Humans do not wait until an action sequence ends to infer another agent's goal. They update beliefs online as new evidence arrives. This process can be formalised as Bayesian inverse planning, where an observer maintains a posterior over possible goals and updates it according to each action's diagnostic value. Typical evaluation of Large Language Models (LLMs) on social reasoning through final judgments after a full observed sequence leaves open whether they actually track social evidence over time. We introduce an evaluation framework in which an agent produces actions under a known rational policy in a controlled set of hidden-goal environments. We compute trajectories of ideal-observer posteriors over goals at every step, and evaluate LLMs both on final accuracy and process-level properties of belief updating. Our results show that success on goal inference tasks need not imply human-like tracking of social evidence, and process-level evaluation reveals differences that final-answer metrics obscure.",artificial intelligence / machine learning,computational cognitive science / cognitive modeling
Extended_Abstracts,178,pending,Overparameterization symmetries determine representational geometry in nonlinear neural networks,"Representational comparisons are central to cognitive computational neuroscience as they are routinely used to gauge whether biological and artificial systems perform similar computations. Yet it remains unclear when shared computation constrains internal representation. In overparameterized nonlinear artificial networks, many different parameter settings implement the same input-output mapping. Here, we show that known symmetry families, all of which preserve this mapping, act on hidden activity through just three primitive transformations: addition, duplication, and scaling. This yields a closed-form description of the representational similarity matrix as a sum of a task-linked core and symmetry-induced nuisance terms, extending recent dissociation results from linear to nonlinear networks. More broadly, our results reveal when representational similarity can support inferences about shared computation and when it cannot.",artificial intelligence / machine learning,theoretical / computational neuroscience
Extended_Abstracts,179,pending,Representational similarity can dissociate from function and behaviour in task-optimised vision networks,"Building models that explain how biological brains process information is a central goal of computational neuroscience. A common way to evaluate such models is to ask how well they align with neural data. This alignment is routinely quantified by comparing model and brain representations using measures such as RSA and CKA. In doing so, high representational alignment is often taken as evidence of similar computation and behaviour. Here, we show that representational similarity can dissociate from both function and behaviour in task-optimised vision networks. Across architectures and datasets, including comparisons to macaque IT cortex, networks can match a target model's outputs, task performance, and trial-by-trial behaviour while exhibiting a wide range of representational similarity scores. Conversely, networks can closely match task performance and representational similarity, yet differ substantially in trial-by-trial behaviour. These findings show that representational similarity alone is insufficient evidence for shared computation and motivate stricter criteria for brain-model alignment.",theoretical / computational neuroscience,artificial intelligence / machine learning
Extended_Abstracts,180,pending,Memorability varies with how visual information is sampled by humans and models,"Humans consistently remember some images better than others—a phenomenon known as memorability. Computational models such as ResMem can predict image memorability from visual features, yet it remains unclear whether these predictions rely on the same spatial prioritization as humans. Here, we tested whether model–behavior agreement depends on shared attentional selection. Participants performed an old–new memory task with eye tracking on natural scene images containing faces, text, both, or neither, selected based on high or low ResMem scores. While ResMem distinguished high‑ from low‑memorability images overall, its performance varied across conditions and failed for text‑only images. Critically, model–behavior discrepancies showed a non-monotonic relationship with gaze-saliency alignment, with best prediction at intermediate levels of alignment. However, this relationship disappeared for images containing both faces and text, where predictions remained accurate irrespective of gaze–saliency alignment. These findings suggest that memorability depends not only on image features but also on how visual information is selectively sampled, highlighting the role of shared spatial prioritization in model–behavior alignment.
Keywords: image memorability; computational modeling; eye tracking; saliency",computational cognitive science / cognitive modeling,artificial intelligence / machine learning+psychological / behavioral research
Extended_Abstracts,181,pending,Using deep reinforcement learning to reveal neural representations of exploration,"A key aspect of learning and decision-making is balancing the exploitation of known options with the exploration of potentially better ones, a dilemma known as the exploration-exploitation trade-off. Reinforcement learning (RL) theory explains exploration behavior but not its neural representations. To address this, we leveraged deep reinforcement learning (Deep-RL). We used an LSTM-based actor-critic model and fMRI data from participants performing a restless three-armed bandit task. The model revealed a representational structure in which action representations were more similar following low outcome values and became increasingly separated following high outcome values, consistent with a transition between exploratory and exploitative states. This structure was expressed in value-sensitive regions, including dACC, anterior insula, and vmPFC, beyond simpler control models. Critically, value-dependent changes in across-action neural distance in vmPFC were linked to changes in exploratory behavior, suggesting a mechanism similar to that of the model.",theoretical / computational neuroscience,artificial intelligence / machine learning+computational cognitive science / cognitive modeling
Extended_Abstracts,182,pending,Memory Subspaces for Temporal Locations Across Timescales in the Monkey Precuneus,"Understanding how the brain organizes the temporal structure of experience across different timescales is central to episodic memory. Here, we examine neural population dynamics in primate precuneus during a temporal order judgment task spanning seconds to minutes, and cross-day retrieval of intertwined episodes. We recorded large-scale population activity ($\sim$3,000 neurons) across 3 days and analyzed it using generalized linear models and low-dimensional manifold methods. Single neurons showed consistent positive modulation for temporal locations (TLs) across both 2-s and 1-min delay conditions during retrieval. At the population level, neural activity formed structured low-dimensional manifolds in dPCA space, showing a maintained subspace with persistent encoding of TLs of the extracted frames during the TOJ period. Behavioral errors were associated with a collapse of these memory subspaces and a loss of dynamical synchrony between trajectories, while correct trials exhibited coherent, synchronized dynamics for different TLs. During cross-day retrieval, episodic states corresponding to the TL of clips viewed across both days, rapidly separated into day-specific clusters within a shared state space, and was absent in control conditions. The chronologically recent Day-2 subspace occupied a larger representational volume, which also corresponded to higher memory performance, compared to that of Day-1 clips. These results suggest that episodic time is encoded as a dynamically maintained neural manifold supporting episodic memory decisions.",experimental neuroscience (systems / cognitive),psychological / behavioral research+experimental neuroscience (systems / cognitive)
Extended_Abstracts,183,pending,Bayesian linear encoding to evaluate models on neuroimaging data,"Evaluating the similarity of deep neural networks to human brain data is a crucial method to test mechanistic models of cognition. Although several methods to perform these evaluations exist, they present a number of computational and practical disadvantages. We evaluate a Bayesian linear encoding model that allows for the computation of brain similarity without explicitly fitting the feature weights by operating on the kernel matrix. To assess the reliability of our method, we calculate the correlation of model rankings between subjects, for our method and other state of the art methods. Preliminary results show a slightly higher correlation across subjects for our method ($\tau=0.907$), than for a frequentist encoding model ($\tau=0.88$). Our proposed method constitutes an interesting addition to existing tools for brain similarity, achieving slightly better results while being much faster to compute and avoiding common steps such as dimensionality reduction and hyper-parameter setting through cross-validation.",computational cognitive science / cognitive modeling,artificial intelligence / machine learning
Extended_Abstracts,184,pending,Rule learning distorts memory for pre-learning decisions,"Remembering one's past decisions is critical for learning from delayed feedback and maintaining an accurate self-model. Across two gamified experiments, we find that learning a hidden rule leads to worse memory for one’s decisions made prior to rule learning, producing a trade-off between learning and memory. We suggest that this reveals an important principle: when reconstructing past decisions, people use their current behavioural policy as a model for how they behaved in the past.",psychological / behavioral research,computational cognitive science / cognitive modeling
Extended_Abstracts,185,pending,Dimensional  Doubt is Selectively Associated with Metacognition for Non-Occurrences,"Episodic memory is typically studied as memory for things that happened. Yet everyday decisions often require the opposite: concluding that something did not occur. Inference about non-occurrences cannot draw on recollective experience; instead, it relies on the absence of a memory trace together with a metacognitive belief that an occurrence would have been remembered. As a result,  distrust in one’s own cognition may disproportionately impair confidence when inferring that something did not happen. We tested this hypothesis in 460 participants who completed a recognition memory test with implicit and explicit measures of confidence. Dimensional  doubt was selectively associated with underconfidence for “new” judgments across both explicit and implicit  confidence measures, with no corresponding association for “old” judgments. These findings provide evidence that dimensional  doubt is selectively associated with inference about non-occurrences.",psychological / behavioral research,computational cognitive science / cognitive modeling
Extended_Abstracts,186,pending,Neural Representations of Target and Commonly Co-Occurring Objects Accessed Prior to Visual Search,"In our day to day lives we search for objects regularly. If you want to brush your teeth, you need to find a toothbrush and some toothpaste. When you search for the toothpaste, you do not search the entire bathroom, you use your knowledge of how scenes are structured—toothbrushes and toothpaste are often found on the sink—to narrow down your search space and quickly find the toothbrush. Our knowledge of how scenes are structured is typically referred to as scene grammar (Võ, 2021) and is hypothesized to follow a specific hierarchical structure: At the lowest level are smaller, local objects (e.g. a soap), followed by “anchors”, larger objects (sink) which predict both the identity and location of local objects. Together they form a “phrase”, a meaningful and functionally organized subset of a scene. Multiple phrases combine to form a scene (Võ, 2021; Wolfe, 2020; Yu et al., 2023). Prior work has investigated this at a behavioural level, however, how scene grammar knowledge is represented hierarchically on a neural level, and how it is dynamically accessed, remains unknown. To examine this, we presented participants with an isolated target object (local or anchor) either as a word label, image, or target word in the context of a search task, followed by a blank period while we recorded MEG. Using representational similarity analysis (RSA) and cross-decoding approaches, we analysed each stimulus presentation and blank period to determine whether, prior to search, participants also access phrase and scene representations, in addition to objects representations, to help guide their search. During the stimulus period we found peaks for object, and phrase category models. This suggests that even when seeing isolated objects, participants automatically also access representations of local and phrasal information to guide search.",experimental neuroscience (systems / cognitive),computational cognitive science / cognitive modeling
Extended_Abstracts,187,pending,The STS Responds Selectively to Communicative Signals,"Our ability to perceive communicative signals---whether directed toward us or others---is central to social behavior. In the current fMRI study, participants viewed videos in which the same people in the same setting engaged in communicative interactions, non-communicative social interactions, or independent actions. A social-interaction-selective region of the superior temporal sulcus STS (SI-STS) responded more to communicative interactions than to either comparison condition. This effect was not limited to observing two people: SI-STS responded similarly when participants viewed a single person communicating with the viewer or an unseen partner. Ratings from separate observers further showed that SI-STS responses were explained by perceptual correlates of social communication including mouth movement, gesture, and emotional expressions. Together, these findings suggest that SI-STS encodes the perceptual correlates of communicative events.",experimental neuroscience (systems / cognitive),
Extended_Abstracts,188,pending,Neural Encoding of Syntactic Movement in English but Not Chinese,"Syntactic movement is a central construct in generative linguistics to account for word-order variation and long-distance dependencies. In this framework, movement derives the ""surface"" representation of a sentence from its underlying ""deep"" structure, displacing elements and leaving ""traces"" in their original positions. In this study, we examine the neural basis of movement in English and Chinese by correlating brain activity during naturalistic listening with syntactic features derived from X-bar-style parse trees, including node counts, traces, and word embeddings based on surface and deep structures. We find that measures reflecting deep structure significantly predict neural responses in English but not in Chinese, offering partial support for movement-based theories while highlighting clear cross-linguistic differences.",computational cognitive science / cognitive modeling,
Extended_Abstracts,189,pending,Latent-fMRI: Latent Neural Representations in Naturalistic fMRI using Contrastive Learning,"Functional Magnetic Resonance Imaging (fMRI) studies of naturalistic, within-subject analyses commonly rely on event segmentation methods such as Hidden Markov Models (HMM) and pattern-based approaches like Multivoxel Pattern Analysis (MVPA) and Representational Similarity Analysis (RSA). However, these methods often struggle to capture key aspects of neural dynamics, including geometric structure, trajectories between brain states, non-linear representations, temporal continuity, and noise robustness. To address these limitations, we explore Consistent Embeddings of High-Dimensional Recordings using Auxiliary Variables (CEBRA), a contrastive learning–based framework for modeling within-subject Blood Oxygen Level Dependent signals. While CEBRA may not precisely resolve individual time points due to the temporal smoothing imposed by the hemodynamic response function in fMRI data, it instead identifies clusters of time points associated with similar neural activations. In this study, we reanalyzed an audio-based naturalistic fMRI dataset using CEBRA. Our objectives were to estimate an optimal temporal offset for naturalistic fMRI data and to investigate the resulting latent representations in a 3D space. We then annotated these representations with narrative labels to assess whether the learned embeddings align with meaningful story events. Overall, CEBRA is a promising approach for naturalistic fMRI that can uncover new insights into brain function.",computational cognitive science / cognitive modeling,artificial intelligence / machine learning
Extended_Abstracts,190,pending,Discovering Functionally Selective Brain Regions with Deep Topographic Multimodal Models,"Neurons in cortex are organized such that nearby neurons share similar response profiles, giving rise to systematic spatial organization across sensory and cognitive systems. While topographic artificial neural network models have begun to capture this structure, existing approaches apply spatial constraints layer-wise, yielding fragmented maps that do not reflect the contiguity of cortical processing streams or their integration across modalities. We introduce Topo-Omni, a topographic multimodal model in which visual, auditory, and language–cognitive processing are implemented as contiguous cortical sheets spanning multiple model layers. This architecture gives rise to category-selective clustering consistent with human neuroimaging: including faces, voices, and language. These emergent functional clusters are further validated by causal tests of cortical organization: suppressing them produces selective behavioral impairments that parallel human deficits, while artificially driving cluster activity biases perception towards the corresponding functional category. Finally, we screen for novel clusters in-silico and discover a new *nature* cluster which we validate in human data. By unifying spatial organization across modalities and processing stages in a contiguous in-silico cortical sheet, Topo-Omni provides a platform for both validating known cortical structure and generating predictions about previously uncharacterized functional regions.",artificial intelligence / machine learning,computational cognitive science / cognitive modeling+experimental neuroscience (systems / cognitive)
Extended_Abstracts,191,pending,Emergent Eye Movements for Scene Understanding in a Model of Ventral and Dorsal Visual Processing,"We continuously move our eyes to sample high-acuity information from the visual world around us. Computational models aiming to replicate this behavior are typically trained on eye-tracking data to mimic the fixation patterns of people looking at, for example, natural scenes. While such models achieve remarkable predictive performance, they do not address the question of what eye movements are made for and may therefore fail to capture the actual computations that give rise to them. Here, we introduce a normative model that predicts semantic caption embeddings by actively selecting where information is sampled from in a scene. The network comprises two processing streams, akin to the ventral and dorsal pathways in the visual system: one integrates glimpses over time to predict scene caption embeddings, while the other determines where to fixate next. Importantly, the glimpse selection policy is optimized solely for performance on the scene understanding task and receives no supervision from empirical eye-tracking data. We find that the emergent fixation strategy generalizes to novel scenes and resembles human fixation density maps on two datasets, under both free-viewing and scene-description conditions. This result suggests that predicting scene caption embeddings provides an ecologically motivated objective for fixation modeling, in which human-like eye movements emerge as an efficient sampling strategy rather than serve as the explicit target of optimization.",computational cognitive science / cognitive modeling,artificial intelligence / machine learning
Extended_Abstracts,192,pending,The Role of Prior Precision and Prior Probability in Voice Perception,"Perception is often described as Bayesian inference, yet it remains unclear
  how prior precision and prior probability shape inference when multiple 
  latent causes compete. We address this question in voice perception, where listeners 
  infer speaker identity from variable acoustic input. 
  Across two behavioral setups, participants learned distributions over speaker priors
  in a perceptual space. When prior probabilities were constant, 
  participants preferentially attributed ambiguous stimuli to low-precision priors, 
  aligning with normative Bayesian inference. 
  Computational modeling further revealed that participants acquired idiosyncratic prior distributions.
  When prior probability of latent causes was manipulated, 
  participants biased their inferences toward more probable 
  causes, with stronger effects under higher cue reliability leading to faster response times. 
  Together, these findings show that perceptual inference reflects a structured competition 
  between probabilistic hypotheses, shaped jointly by prior precision and prior probability.",computational cognitive science / cognitive modeling,psychological / behavioral research+experimental neuroscience (systems / cognitive)
Extended_Abstracts,193,pending,How Prior Beliefs Distort the Integration of Information in Sequential Decision-Making,"A central challenge for human cognition is integrating information from sources that vary in reliability with our prior beliefs. Normative Bayesian accounts provide a benchmark on how those should be combined, but it remains unclear how humans compare to this ideal, particularly when unreliable evidence supports prior beliefs. Here, we examined how prior beliefs influence the integration of explicit reliability samples in a sequential decision-making task. Participants observed sequences of evidence samples (red and blue squares), each associated with an explicit reliability expressed as a percentage (50%, 55%, or 65%), and judged which option was more likely to be correct. We manipulated prior belief by introducing a base rate bias in the overall likelihood of each colour that participants could learn through feedback or were explicitly told. We fitted a computational model of sequential evidence integration in log-odds space capturing key sources of suboptimality in the decision process and the learning of base rate. Each sample was assumed to be weighted according to its position in the sequence (recency parameter) and its potentially distorted reliability (probability distortion parameter). Belief about the base rate was updated through biased learning (learning parameter). Participants treated all sources as more reliable than they were, replicating previous findings (Ota et al., 2025). Participants also showed a consistent tendency to choose the option aligned with their belief about the base rate. Awareness of the bias in the base rate was associated with more adaptive belief updating. Importantly, there was no evidence of an interaction between prior belief and evidence reliability, suggesting these distortions operate independently. We also found no evidence for selective amplification of belief-congruent evidence. Together, these findings indicate that prior beliefs bias decision-making primarily by shifting decision criteria rather than altering the weighting of information, revealing multiple, dissociable sources of bias in human inference.",computational cognitive science / cognitive modeling,psychological / behavioral research
Extended_Abstracts,194,pending,Different Features Shape Category Selectivity in Human Visual Cortex and Deep Neural Networks,"Category-selective responses to faces, bodies, and scenes are well established in human visual cortex and computational models. However, most studies test only a limited number of categories, leaving unclear whether selectivity is robust under broader sampling and whether similar features shape selectivity in cortex and models. Here, we measured selectivity for hundreds of categories in ventral temporal cortex (VTC) and deep neural networks (DNNs), and tested which behaviorally relevant dimensions best explain the degree of selectivity across categories. We found that under broad category sampling, selectivity remains robust but varies continuously. In VTC, the most selective categories aligned with classical domains (i.e., faces, bodies, scenes), and variability in selectivity was explained by primarily semantic dimensions. In DNNs, by contrast, the most selective categories were visually distinctive animals and objects, and variability in selectivity was explained by mixed visual-semantic dimensions. These findings suggest that selectivity remains robust across a broad category space but is largely shaped by different features in human visual cortex and current computational models.",theoretical / computational neuroscience,artificial intelligence / machine learning+experimental neuroscience (systems / cognitive)
Extended_Abstracts,195,pending,Biophysical modeling of inter-brain synchrony during social and non-social interaction,"Inter-brain synchrony (IBS) during social interaction is well documented but lacks a mechanistic explanation. Autism spectrum disorder is characterized by affected social interactions and reduced inter-brain synchrony, but underlying biophysical mechanisms remain unclear. We present a coupled whole-brain model of interacting individuals to investigate IBS across brain regions and its modulation by excitation–inhibition imbalance, hypothesized to be affected in autism. We compare social and non-social conditions and find that E/I imbalance systematically modulates IBS. Social interactions consistently exhibit higher synchrony, showing a network hierarchy with the strongest effects to E/I imbalance in the salience network and dominant contributions from low-frequency bands (0.1–10 Hz). This framework further enables future integration with autism datasets for personalized modeling of inter-brain dynamics.",computational cognitive science / cognitive modeling,theoretical / computational neuroscience
Extended_Abstracts,196,pending,Localizing excitation-inhibition imbalance in schizophrenia with virtual brains informed by white-matter microstructure,"Schizophrenia symptoms are believed to emerge from cellular-level excitation-inhibition imbalance. Yet, where imbalance may be localized in the brain to potentially cause brain dynamical differences underlying altered cognition in each patient remains unclear. To investigate cellular mechanisms underlying brain function and dysfunction at the individual level, personalized whole-brain models provide promising tools. However, their applicability to psychiatry is still limited as models fail to account for inter-individual differences in brain dynamics. We hypothesize that models can be substantially enhanced by incorporating any information about white matter microstructure. Here, we systematically compare metrics of white matter structure and microstructure to inform personalized simulations of brain activity in schizophrenia and controls. To do so, we infer regional parameters of whole-brain mean-field models with The Virtual Brain (TVB) to account for individual functional connectivity (FC) from resting-state functional magnetic resonance imaging (fMRI) data. Our results show that models informed by white-matter microstructure metrics drastically outperform models informed by white-matter fiber count and density as in the state of the art at reproducing empirical FC. The findings support that the regional specificity, but not individual specificity of white-matter microstructure metrics, influence data-model fit. Next, we reveal E/I imbalance localized in the posterior cingulate and paracentral areas in schizophrenia patients. Finally, we demonstrate that inferred E/I maps are meaningful in that they can enhance diagnostic classification. Our approach provides a white-matter-microstructure-informed platform to model brain activity at the individual level in health and pathology, allowing us to introduce and validate tools to map E/I balance, supporting machine-learning-based diagnostics and potentially treatment simulation for personalized intervention recommendations.",theoretical / computational neuroscience,artificial intelligence / machine learning
Extended_Abstracts,197,pending,Neural Encoding and Reinstatement of Multimodal Information during Naturalistic Viewing,"Video comprehension requires the integration of visual, auditory, and linguistic information, yet how these multimodal streams are jointly represented and later reconstructed from memory remains unclear. Here, we analyzed functional magnetic resonance imaging (fMRI) data from 30 participants during naturalistic viewing and subsequent mental replay. We extracted text, audio, and video embeddings from a multimodal large language model and used them to build encoding models that predict cortical activity during viewing. We observed modality-specific spatial patterns, with each modality correlating with activity in its corresponding cortical regions. We then assessed the reinstatement of the modality-specific representations by comparing predicted brain activity with neural responses during the replay period. We observed a systematic reverse temporal structure across modalities during replay, with early recall aligning more strongly with later encoding moments. These findings suggest that multimodal information may be supported by closely coupled mechanisms during both encoding and retrieval, reflecting a common representational framework across perception and memory.",computational cognitive science / cognitive modeling,
Extended_Abstracts,198,pending,Temporal dynamics and location tolerance of object category representation are unaffected by the presence of multiple objects,"Recognizing objects across locations and amid other objects is a core visual challenge. When viewing single objects, high-order visual cortex extracts object category rapidly and with partial location tolerance (i.e. responding similarly to objects in different locations), but whether these properties hold for multiple objects is unknown. During electroencephalography (EEG) recordings, participants viewed objects of different categories at four peripheral locations, in two conditions: single objects in isolation or multiple objects in groups of four. We trained classifiers to decode category in each condition to characterize the temporal dynamics of category representation, and used cross-decoding across locations to quantify the location tolerance of category representation, since cross-decoding depends on similar representations across locations. Decoding accuracy peaked at the same time and was similarly reduced by cross-decoding for single and multiple objects, suggesting that the temporal dynamics and location tolerance of category representation do not change for multiple objects.",experimental neuroscience (systems / cognitive),computational cognitive science / cognitive modeling+psychological / behavioral research
Extended_Abstracts,199,pending,Exaggerated Volatility Beliefs Drive Social Hallucinations in Paranoia,"The social content of paranoid delusions (that others are ‘out to get me’) has led some to propose that paranoia stems from specific abnormalities in social cognition. For instance, in ‘social hallucinations’ paranoid perceivers are more likely to falsely attribute harmful intention and agency to unstructured, randomly moving visual patterns. However, recent work has revealed that paranoia is marked by domain-general changes in belief updating that affect learning and inference across all contexts. Whether domain-general changes in paranoid cognition are sufficient to explain social hallucinations—without invoking breakdowns in specifically-social cognitive processes—has not been systematically investigated. To test this possibility, across two experiments we examined probabilistic reversal learning and perceived animacy in chasing displays in individuals with high and low levels of paranoia. Participants completed one of four probabilistic reversal learning pre-training conditions (social/non-social × easy/hard) before a perceived animacy task where high confidence false alarms indicated an individual’s proneness to social hallucinations. High-paranoia participants showed increased win-switching in probabilistic reversal learning and elevated high-confidence false alarms in perceived animacy, with atypicalities in general learning behaviour predicting the severity of social hallucinations —suggesting linked mechanisms. Hierarchical Gaussian Filter modeling revealed context-dependent mechanisms: when volatility was salient, prior volatility beliefs (μ₃) linked win-switching, social hallucinations, and paranoia; when social context was salient, meta-volatility learning rates (ω₃) mediated these relationships. These findings are consistent with a picture where social hallucinations have their genesis in domain-general belief updating deficits, advancing our mechanistic understanding of how paranoid percepts and cognitions arise.",computational cognitive science / cognitive modeling,psychological / behavioral research
Extended_Abstracts,200,pending,Assessing Value Normalization and Habit Explanations in the Reward Pairs Task: a Simulation Study,"Choice frequency effects in the Reward Pairs Task were previously attributed to habit learning, but value normalization provides an alternative explanation. We simulated five reinforcement learning (RL) models, with and without habit learning and value normalization, using a Diffusion Decision Model (DDM) to predict choices and response times (RTs). Models with value normalization failed to capture observed choice behavior or the inverted U-shaped RT-value relationship. Only combined RL and habit learning model, without value normalization, matched choice and RT data in both equal- and unequal-reward trials. Our findings refute the value normalization explanation and support the habit learning explanation for behavior in the Reward Pairs Task.",computational cognitive science / cognitive modeling,psychological / behavioral research
Extended_Abstracts,201,pending,Uncertainty minimization generates hippocampus-like dynamics in learning and prediction signals in statistical learning,"The hippocampus (HC) has been implicated in learning as well as predicting perception, but how it balances the two functions is unknown. Based on a Bayesian Brain framework, we hypothesized that uncertainty minimization could unify the two modes in one system, and could generate the dynamics found in BOLD activity of HC during Statistical Learning (SL). We tested this hypothesis by training a hierarchical probability learner during SL, and by comparing the learned parameters to HC dynamics. We found that precision-weighted prediction errors resemble hippocampal representations during invalidly predicted trials – decreasing while learning completes, while precision-weighted prediction errors resemble invalid trials – increasing as prediction become more certain. Taken together, we show that uncertainty minimization generates HC-like dynamics, and we conclude it is a plausible mechanism for combining prediction and learning in HC during SL.",theoretical / computational neuroscience,computational cognitive science / cognitive modeling
Extended_Abstracts,202,pending,Dissecting Thalamic Uncertainty Management with Transcranial Ultrasound Stimulation,"To make informed choices, our brains must monitor and manage uncertainty that originates from diverse sources. Examples include impoverished perceptual inputs (""perceptual uncertainty"") and ambiguous goal relevance of task rules or stimulus features (""task uncertainty""). Systems neuroscience indicates that transthalamic circuits possess architectural features that may support unified principles of uncertainty-guided control across functional domains. However, thalamic contributions remain difficult to causally establish in human cognitive neuroscience. Here, we leverage the spatial precision and deep reach of low-intensity Transcranial Ultrasound Stimulation (TUS) to test thalamic contributions to the management of perceptual and task uncertainty in humans. In multiple stimulation sessions, we apply TUS to either the mediodorsal (MD) or pulvinar (PUL) thalamus — anatomically adjacent subregions that serve as major nodes of structurally distinct transthalamic circuits. Across two studies, we assess TUS effects on sensitivity to perceptual and task uncertainty via multimodal assessment of behavior, choice computations, cortical excitability (EEG), and circuit engagement (3T fMRI). To support stimulation planning and targeting validation of ultrasound interventions in cognitive neuroscience, we introduce PRESTUS, an open-source toolbox for individualized TUS simulations.",experimental neuroscience (systems / cognitive),psychological / behavioral research
Extended_Abstracts,203,pending,Rethinking the inversion effect as a graded phenomenon across object categories,"The inversion effect—poorer recognition of upside-down stimuli—has often been reported for faces and interpreted as evidence for face-specific processing. But is inversion sensitivity truly face-specific, or does it reflect more general visual properties? Here, we use deep neural networks (DNNs) to measure inversion sensitivity across a broad range of object categories and identify the features that predict it. We find that inversion sensitivity varies continuously and reliably across categories, with faces falling toward the upper range but not constituting qualitative outliers. This graded pattern was more pronounced in trained than in untrained DNNs, indicating a key role of visual experience. Feature-encoding based on image properties, particularly horizontal and vertical symmetry, strongly predicted inversion sensitivity. These findings suggest that inversion effects may emerge from the natural statistics of visual inputs rather than reflecting a face-specific mechanism.",theoretical / computational neuroscience,artificial intelligence / machine learning+computational cognitive science / cognitive modeling+theoretical / computational neuroscience
Extended_Abstracts,204,pending,Neural Signatures of Evidence Accumulation in Continuous Estimation,"Real-world actions, such as sailing, require both categorical choices (e.g., whether to jibe or tack) and continuous estimation (e.g., steering towards a target) while monitoring the environment. Although both processes rely on evidence accumulation, continuous estimation has received far less attention, and whether they share common neural mechanisms remains an open question. Here, we address this gap by developing a model-based framework to characterize how sequential visual information is integrated into a continuous judgment, and by linking it to EEG signals recorded during the task. Participants (N = 48) estimated the average position of seven patches briefly presented along a circle. We modeled evidence integration as the vector sum of stimulus directions, accounting for systematic biases and internal noise, and fit this model to single-trial behavioral data. This revealed three distinct integration biases: (i) a temporal bias whereby early stimuli were overweighted relative to later ones (primacy); (ii) an anisotropic spatial bias favoring horizontal over vertical locations; and (iii) a surprise-dependent bias, in which stimuli deviating from the running average received systematically greater weight. Crucially, centro-parietal positivity (CPP), a well-established EEG marker of evidence accumulation, was modulated by the model-predicted stimulus update weights, providing a direct neural correlate of these suboptimal integration strategies. In ongoing work, we extend the same framework to a categorical version of the task to elucidate how the neural bases of evidence accumulation differ between continuous and categorical choices.",computational cognitive science / cognitive modeling,theoretical / computational neuroscience
Extended_Abstracts,205,pending,Stable Selectivity to Social Interactions Across Visual Perspective in the Human Brain,"In the natural social environment, humans
experience social interactions from both first- and
third-person perspectives. Previous studies of social
interaction have mostly used videos that show
social interactions from a third person perspective.
These studies have identified Superior Temporal
Sulcus (STS) as a key region for representing social
interactions. Here, we used natural videos of people
engaged in interactive and non-interactive actions in
both first- and third-person perspective to test
whether STS selectivity to social interactions
generalizes across visual perspectives. The videos
were first behaviorally validated to ensure that
participants could make reliable judgments of
interactiveness and visual perspective. Participants
then viewed these videos in an fMRI experiment.
Results showed stronger responses to interactive
than non-interactive actions in STS that remained
stable across visual perspectives.",experimental neuroscience (systems / cognitive),psychological / behavioral research
Extended_Abstracts,206,pending,Computational Modeling of Stop Processes Captures Violations in Response Inhibition,"Action inhibition is crucial for cognitive control. This type of response inhibition is commonly measured with the stop-signal task (SST), and the dominant framework for the SST is the Independent Race Model. Recent work has unveiled violations of independence assumption of the Independent Race Model, but no new model has been validated to supplant the Independent Race Model. To address this gap, we compared candidate models and found that all key aspects of stopping behavior could be fit by adding trial-by-trial variability in the potency of inhibition, which is lacking in existing models of response inhibition. This work establishes the response inhibition literature on new theoretical ground for understanding human behavior.",computational cognitive science / cognitive modeling,computational cognitive science / cognitive modeling+psychological / behavioral research
Extended_Abstracts,207,pending,Flexible inference of history-dependent learning rules in de novo learning,"Understanding how animals learn new tasks from scratch is a central challenge in cognitive neuroscience. Existing models typically impose fixed parametric forms on learning rules, which may miss richer dynamics used by animals. More flexible approaches exist, but are largely limited to bandit settings rather than learning new input-output mappings (i.e., *de novo* learning).
Here, we infer learning rules directly from behavioral data during *de novo* task learning using a hybrid modeling framework that separates the decision policy from the learning rule. We model the decision policy with a generalized linear model (GLM), providing an interpretable parameterization of choice behavior, while parameterizing trial-by-trial updates of the GLM weights with a neural network.
We introduce TinyRNNGLM, a recurrent extension with only two hidden units, whose low dimensionality enables direct interpretation of the latent state. It outperforms a feedforward, memoryless variant by capturing cross-trial dependencies, and also outperforms a low-dimensional RNN policy model that predicts choice directly, highlighting the benefit of separating the decision policy from the learning rule. In mice, the latent state encodes recent reward history, with larger updates following rewarded sequences.
Overall, these results indicate that hybrid models support both flexible inference and interpretability in *de novo* learning, while a low-dimensional recurrent extension reveals reward-history-dependent structure in the learning process.",computational cognitive science / cognitive modeling,artificial intelligence / machine learning+computational cognitive science / cognitive modeling+theoretical / computational neuroscience
Extended_Abstracts,208,pending,"Analogical Reasoning Abilities of MLLMs, Children and Adults on Bongard Problems","Bongard problems are visual concept learning tasks that require abstract reasoning and the generation of novel visual concepts (Bongard, 1968, 1970). Despite advances in multimodal large language models (MLLMs), these problems remain challenging for AI. We compare human and MLLM performance using a child-friendly classification version of Bongard Problems. Adults (N=111) outperform all tested MLLMs. Children (N=156, 4-9 years, M=6.19, SD=1.57) perform below adults, but better than Claude and Pixtral and at a similar level as GPT and Gemini models. This is the first study comparing humans and state-of-the-art AI models on a child-friendly format of the Bongard Problems. This study sheds new light on MLLM's (in-)abilities to abstract and generalize in the visual domain compared to adults and children.",psychological / behavioral research,artificial intelligence / machine learning
Extended_Abstracts,209,pending,Directed connectivity mapping through a self-attention mechanism in the human brain foundation model,"Brain foundation models pretrained on large-scale human fMRI data recently demonstrate an unprecedented performance in predicting neural signals across diverse brain states, yet what these models learn about functional dynamics remains largely unknown. Here, we leveraged a ‘self-attention (SA)’ mechanism, a computational core of these models to yield a spatiotemporally weighted sum of past brain signals to explain that of a targeted brain area, for mapping of their connectome directionality (effective connectivity; EC). We have thoroughly validated accuracy of our framework in both simulation and empirical settings. In simulation with known ground-truth directed networks, SA-derived EC outperformed classical algorithms (VAR, GC, rDCM) across all evaluation metrics. Next, applying our method to empirical fMRI (HCP) revealed hierarchically characteristic EC patterns in the human brain, suggesting that the SA of brain foundation models could be reformulated as an efficient in-vivo marker for a non-linear mapping of directed brain interactions.",theoretical / computational neuroscience,artificial intelligence / machine learning+experimental neuroscience (systems / cognitive)
Extended_Abstracts,210,pending,Foraging minds: computational and neural foundations of perceptual flexibility,"Adaptive behavior depends on flexible perception, the capacity to continuously revise internal representations in changing or uncertain environments. Perceptual multistability, in which perception spontaneously alternates between competing interpretations of an ambiguous stimulus, offers a unique opportunity to isolate the internal mechanisms that support such flexibility. Because the sensory input remains constant while subjective experience changes, these transitions reveal an active inferential process through which the brain updates its current hypothesis about the world. The broad presence of multistability across species further suggests that it reflects evolutionarily conserved computational principles. Yet its ecological and functional significance has remained unclear. Here, we propose that perceptual multistability emerges from an internal foraging strategy: an ancient normative mechanism that adaptively explores alternative interpretations to reduce uncertainty and mitigate risk. Using a reinforcement learning framework, we model each perceptual interpretation as an informational patch. The value of the currently dominant percept gradually declines over time, while the value of suppressed alternatives increases. A perceptual switch occurs when the expected reward of an alternative percept outweighs that of the current percept after accounting for switching cost, analogous to travel time in foraging. This simple principle captured a wide range of experimentally observed temporal signatures of multistable perception, including gamma-like dominance duration distributions, task-dependent modulation of perceptual dynamics, multi-timescale switching behavior, and reward-driven asymmetries in perceptual dominance. To identify the neural substrate of these value computations, we analyzed population spiking activity in the ventrolateral prefrontal cortex of monkeys engaged in a multistability task. Neural population dynamics in this region encoded the evolving values of competing perceptual patches in close agreement with model predictions. Together, these findings provide a unified mechanistic account of perceptual multistability as value-based internal foraging, linking ecologically grounded decision processes with higher-order cognitive functions and offering a principled explanation for flexible perception across species.",computational cognitive science / cognitive modeling,theoretical / computational neuroscience
Extended_Abstracts,211,pending,Scaling Behavioral Probes of Face Processing: Inversion and Thatcher Effects in Deep Networks,"People recognize faces across dramatic variations in appearance—changes in viewpoint, lighting, age, makeup, and even caricaturization. Holistic processing—the contextual interaction between features producing a unified representation where the whole exceeds the sum of its parts—is the dominant proposed mechanism underlying this ability. Yet no image-computable account broadly explains the behavioral signatures of holistic processing, including the Inversion Effect (degraded recognition for inverted faces) and the Thatcher Effect (heightened sensitivity to feature distortions in upright versus inverted faces). Here we developed a large-scale Thatcher stimulus set
drawn from VGGFace2 (75 identities × 15 images × 4 conditions) and two complementary geometric measures that independently quantify Inversion and Thatcher effects. We evaluated these probes across deep neural networks varying in architecture (CNNs, ViTs) and training objective (face identification/discrimination versus general object classification/discrimination). Consistent with prior work, both Inversion and Thatcher effects emerged in the output embeddings of face-trained models regardless of architecture, but were absent in general-purpose vision models. These results establish a suite of image-computable behavioral probes deployable on both humans and models,
enabling precision psychophysics studies and fine-grained model–human alignment analyses.",computational cognitive science / cognitive modeling,psychological / behavioral research
Extended_Abstracts,212,pending,Different cognitive phenotypes in multi-level learning,"Humans can learn at multiple levels of abstraction, but it is unclear whether most learners learn these in parallel or adopt more idiosyncratic, level-specific strategies. We developed Cosmic Connections, a gamified four‑armed bandit task that simultaneously rewards response‑based, stimulus dimension‑based, and voluntary switch‑based contingencies. Across 38 participants, average reward rate gradually increased over time, with average choice behavior suggesting a primary reliance on the response contingencies. However, individual difference analyses in task performance and strategy reports revealed distinct ‘cognitive phenotypes’, with some people showing strong prioritization of simpler response-level contingencies, while others relied more on dimension-level information, or a combination of both. Together, our findings indicate that most learners do not uniformly integrate multi-level contingencies, even when all contingencies are able to be learned in parallel.",psychological / behavioral research,
Extended_Abstracts,213,pending,An Excessive-Demand Measure Outperforms in Explaining Lab Asset-Market Price Changes: Toward a Neuroeconomic Marker of Excessive Demand,"Dynamic stochastic general equilibrium models have been criticized for failing to forecast the Global Financial Crisis. This and other flaws of neoclassical economics are proposed to arise partly from the failure of equilibrium-based models to capture excessive demand, which exceeds the balanced excess demand in general equilibrium theory. Excessive demand is defined as demand that promotes disequilibria in asset or goods markets and drives prices above fundamental values (e.g., an asset-price bubble). Neuroimaging studies are elucidating the neuroeconomics of asset-price bubbles. However, these studies have been limited in characterizing individual-level brain-behavior relationships due to the lack of a subject-level excessive-demand measure (EDM). The present study makes such a measure available. In a standard lab asset-market design, nine experiments each included nine subjects. Experiments consisted of 15 2.5-minute periods of trading cash and a risky asset. To capture excessive demand, the end of each Period 1-14 was followed by a survey that elicited each subject’s number of asset shares that they want to hold at the end of the next period. This measure was designed to tap into anticipatory affect that may drive price bubbles. Two other predictive measures included excess bids and price-change momentum. A market-level EDM, which explained 34.5% of the variance in asset-price changes, outperformed the excess-bids and momentum measures, which each explained less than 10% of this variance. The EDM’s outperformance in predicting price changes aligns with numerous other findings that underscore the predictive power of measures related to anticipatory affect. For example, neuroimaging-measured activity in nucleus accumbens, an area implicated in anticipatory affect, performed better than choice behavior in forecasting crowdfunding outcomes. Similarly, the survey-elicited EDM, which may reflect anticipatory affect, was a better price-change predictor than the behavioral excess-bids measure. Therefore, the presently introduced EDMs may facilitate finding an excessive-demand biomarker with market-price predictive power.",psychological / behavioral research,
Extended_Abstracts,214,pending,Revealing the geometry of duration space,"Is there a geometry of time in the human mind? Here, we asked whether the experience of duration can be reduced to a simple mental timeline, or whether it is better described as a richer representational space. To address this question, we tested the same participants in two experiments: a behavioural similarity judgement task, in which participants rated the similarity of duration pairs, and an electroencephalography (EEG) experiment in which they detected oddball durations in a sequence. Behavioural and EEG data were used to construct representational dissimilarity matrices, whose geometry was compared against theoretical models of duration organisation. Behavioural similarity judgements revealed a three-dimensional duration space structured by monotonic magnitude, contextual encoding, and a periodic component. These three dimensions were jointly consistent with a latent generalised helical model, which provided excellent fit to the behavioural data. At the neural level, the geometry unfolded dynamically in two successive stages: a strong logarithmic encoding of durations peaking around 150 ms after duration offset, followed by a spring-like geometry, converging with the behavioural structure, from around 300 ms onward. Together, these findings support a multidimensional and dynamic representational geometry of duration.",computational cognitive science / cognitive modeling,psychological / behavioral research+experimental neuroscience (systems / cognitive)
Extended_Abstracts,215,pending,Representational Neighborhoods and Multi-Agent Optimization  for Creative Concept Combination in Large Language Models,"Here is the abstract with TeX formatting:

Conceptual combination (CC), merging distinct concepts into novel, coherent wholes, is central to creative cognition yet systematically fails in large language models (LLMs). Given the pair *slipper--bed*, state-of-the-art models produce generic bedroom descriptions while omitting ""slipper"" entirely; the genuinely creative blend, *a bed shaped like a slipper*, is never generated. We attribute this to **representational collapse**: internal circuits converge to high-probability default framings, rendering emergent, metaphorical, and relational combinations unreachable.

We present a three-part framework. First, we formalize **Neighborhood Graphs**, where nodes are CC sentences and edges encode input perturbation ($\Delta_{\mathrm{in}}$), neural circuit divergence ($\Delta_{NN}$), and output difference ($\Delta_{\mathrm{out}}$), as an explicit map of an LLM's concept combination space. Analysis across 47 concept pairs reveals small-world topology (clustering coefficient $0.64$, path length $2.3$) and neutral sets of ${\approx}3.7$ semantically equivalent sentences, echoing evolvability structures in biological fitness landscapes.

Second, we develop **multi-scale metrics** bridging neural-circuit measurements to output quality: a composite MI exploration score $\Phi$, built from Sparse Autoencoder (SAE) feature distances and cross-layer coherence, discriminates CC types that behavioral metrics conflate (metaphorical: $\Phi = 0.664$; concept-2-dominant default: $\Phi = 0.621$).

Third, a closed-loop **three-agent system** (Generator, Behavioral Validator, Representational Probe) that optimizes

$$J = \alpha Q + \beta \Phi$$

outperforms behavioral-only optimization: quality $Q$ rises from $86.1$ to $88.4$, novelty $\Phi$ from $0.631$ to $0.648$, and joint score $J$ from $0.762$ to $0.790$. These results demonstrate that mechanistic interpretability tools can actively guide creative generation, connecting AI systems research to the cognitive neuroscience of conceptual combination.",computational cognitive science / cognitive modeling,artificial intelligence / machine learning+theoretical / computational neuroscience
Extended_Abstracts,216,pending,Hyperalignment Reveals Shared Information in Monkeys’ Idiosyncratic Fine-Grained Movie fMRI Patterns,"Hyperalignment (HA) maps individual brain activity into a shared high-dimensional representational space, allowing finer cross-subject comparison than anatomical alignment. Although HA has been widely used in humans, its application in non-human primates remains limited. Here, we applied HA to fMRI data from 12 rhesus monkeys watching Monkey Kingdom. We used the first half of the movie to build a common template and to estimate individual transformation matrices and evaluated performance on the second half. HA improved inter-subject correlation, especially in occipital, temporal, and lateral prefrontal cortex, and increased between-subject movie timepoint classification accuracy by about 80% relative to anatomical alignment. HA also enabled prediction of idiosyncratic functional topographies from other monkeys’ movie-watching and localizer data. Applying the same framework to 24 humans watching the same movie showed similar results. Together, these findings show that HA supports robust cross-subject alignment of fine-grained functional organization in both monkeys and humans.",computational cognitive science / cognitive modeling,
Extended_Abstracts,217,pending,Neural signatures of event prediction in novel videos,"Prior knowledge about typical sequences of events can enable meaningful predictions even when in novel situations. Here, we compare neural activity and behavior underlying recalls based on episodic memory and predictions relying on prior knowledge, or event scripts. Participants viewed the first event of instructional videos, a subset of which they had watched earlier in the experiment, and then verbally recalled or predicted subsequent events. We found that participants could make reasonable predictions of events even on their first viewing, though these predictions were more semantically variable compared to recalls based on episodic memory. Preliminary fMRI results show that intersubject correlation while viewing the first event was higher in visual cortex for participants making predictions but higher in posterior cingulate cortex for participants recalling memories.",experimental neuroscience (systems / cognitive),psychological / behavioral research
Extended_Abstracts,218,pending,A Benchmark for Object Spatial Relationship Perception in Humans and Machines,"We introduce a benchmark dataset of synthetic 3D-rendered 
images spanning five object spatial relationships (Attach, 
Contain, Cover, Occlude, Support), each instantiated across 
varied objects, materials, viewpoints, and backgrounds, and 
measure human and model performance on a triplet matching 
task requiring cross-object generalization. Humans perform 
near-ceiling (97.2\%) while all models fall significantly 
short, with the best model (V-JEPA2) reaching only 83.5\%. 
Moreover, human and model error patterns across relationship 
pairs are uncorrelated, suggesting fundamental differences 
in how the two systems solve the task and pointing to 
important limitations in current visual representations 
of spatial relationships.",computational cognitive science / cognitive modeling,artificial intelligence / machine learning+psychological / behavioral research+experimental neuroscience (systems / cognitive)
Extended_Abstracts,219,pending,Dissociating spatial frequency reliance from adversarial robustness advantages in neurally guided deep convolutional neural networks,"Deep convolutional neural networks (DCNNs) have approached and even surpassed human-level performance on many visual tasks, yet they remain strikingly vulnerable to near-imperceptible perturbations generated by adversarial attacks. Recent studies demonstrate that aligning DCNN representations with human visual cortex activity improves adversarial robustness, but the mechanisms driving such advantage remain yet to be understood. One line of research suggests that neural alignment confers robustness by biasing models towards the low spatial frequencies (LSF). However, recent work indicates that human object recognition critically depends on a narrow, mid-frequency ""human channel"" which was partially preserved in prior LSF-focused studies. Here, we aim to explicitly test whether a spectral bias towards the LSF or the human channel is the primary driver of adversarial robustness observed in neurally aligned DCNNs. We first demonstrate that DCNNs aligned to higher-order regions of the human ventral visual stream systematically increase their reliance on both the LSF and the human channel. However, explicitly steering DCNNs towards either channel fails to confer adversarial robustness. These results suggest that both LSF and human-channel biases are emergent correlates of learning human-like representations rather than the driving mechanism conferring adversarial robustness.",computational cognitive science / cognitive modeling,artificial intelligence / machine learning
Extended_Abstracts,220,pending,"Probabilistic World Models Provide a Shared Account for Learning from Surprise, Schemas, and Imagination","According to predictive coding, the brain predicts sensory inputs and updates an internal world model based on prediction errors. In discrete settings, a world model can generate predictions for a finite set of possible observations. This becomes challenging in continuous environments, where observations cannot be enumerated. Stochasticity exacerbates this problem because the same observation may lead to multiple plausible futures, without a single ``best'' prediction. We introduce a probabilistic world model that generalizes predictive coding to continuous, stochastic settings and identify potential correlates in the brain. The model maximizes the likelihood of the observed data instead of minimizing pointwise prediction error. Crucially, we model the environment’s probability distribution using normalizing flows, an architecture hitherto not used in these settings. Empirical data suggest that probability computation may be mapped onto the medial prefrontal cortex (mPFC), which has been implicated in schema formation and abstract task representations. In this algorithmic mapping, the probabilistic world model corresponds to the hippocampal system, here modeled as an RNN that encodes temporal context and interacts with the mPFC-like component. The fact that the model can quantify the likelihood of an episode can then be used to guide the generation of novel imagined episodes. The model learns sequence probabilities in a self-supervised manner without a biologically implausible reconstruction loss and provides a shared account for learning from surprise, schemas, and imagination.",artificial intelligence / machine learning,computational cognitive science / cognitive modeling+psychological / behavioral research+theoretical / computational neuroscience
Extended_Abstracts,221,pending,Coffee or Date? A Bayesian account of Indirect Disclosure in High-Stakes Social Interactions,"We present a computational model of how people navigate high-stakes social interactions in which they want to disclose sensitive information but are unsure how the other person will react. We show that indirect communication emerges from recursive pragmatic inference over a simple endorsement structure: asking someone for coffee entails both friendship and romance, while a date rules out friendship alone. People's actions are guided by utilities resting on inferences over the belief states of others, and these goals can be at odds. In romantic settings, people only acted directly when certain their feelings would be reciprocated; otherwise they chose indirect actions to probe the other while protecting their own intimacy. Our model captures these trade-offs via two quantities beyond a desire for a positive response: strategic ambiguity, a motivation to obscure one's true goal, and motivated search for alignment, an interest in learning about the other's goal insofar as it matches one's own. Together, these components closely match participants' behaviour across 6 cover stories and 6 levels of uncertainty over the listener's belief state, providing evidence that high-level social goals are represented as information-theoretic quantities computed over a Bayesian Theory of Mind.",computational cognitive science / cognitive modeling,computational cognitive science / cognitive modeling+psychological / behavioral research
Extended_Abstracts,222,pending,Partitioning Signal and Noise (PSN): A modality-general denoising technique for neural responses,"Large-scale neural datasets typically contain only a few repeated trials per stimulus, resulting in substantial residual noise even after trial averaging. This noise limits our ability to characterize neural tuning, assess representational geometry, and evaluate computational models. We introduce Partitioning Signal and Noise (PSN), a low-rank denoising method applicable to any repeated-trial dataset. Unlike standard PCA, which retains dimensions with high total variance and therefore conflates signal with noise, PSN uses a generative model to explicitly estimate the signal and noise covariance structure of the data. This enables low-rank reconstruction that targets signal-rich dimensions while suppressing noise-dominated ones. Applied to human fMRI data from the Natural Scenes Dataset, PSN substantially improves voxel reliability, stability of ROI tuning profiles and representational geometry, and encoding model performance relative to both trial averaging and PCA denoising. Because PSN can operate on any repeated-trial data matrix, it extends naturally to intracranial EEG, scalp EEG, electrophysiology, and calcium imaging, suggesting its utility as a general-purpose tool for improving signal fidelity across neural recording modalities.",experimental neuroscience (systems / cognitive),artificial intelligence / machine learning+theoretical / computational neuroscience
Extended_Abstracts,224,pending,"Mapping Social Trait Judgments on the Human Cerebral Cortex Using Naturalistic, Dynamic Stimuli","Humans rapidly form impressions of trustworthiness, dominance, and attractiveness from faces in everyday life. While prior work has identified brain regions involved in face processing, it remains unclear how social trait judgments are represented across the human cerebral cortex under naturalistic conditions. Here, we modeled neural responses to dynamic face videos using a multi-trait encoding framework. Leveraging hyperaligned fMRI time series, we tested how well social trait ratings predict cortical responses. The cross-validated variance partitioning analysis revealed that attractiveness mainly explained the variance in occipital and ventral temporal cortex, dominance showed stronger contributions along the superior temporal sulcus, and trustworthiness was associated with lateral and frontal regions. We then compared these results with models based on trait values predicted by a state-of-the-art face-trained deep neural network (DNN). Although DNN-derived traits achieved comparable predictive performance, they engaged a distinct set of cortical regions. Together, these findings demonstrate that social trait representations are distributed across the cortex and differ systematically between human- and DNN-derived judgments.",theoretical / computational neuroscience,artificial intelligence / machine learning+computational cognitive science / cognitive modeling
Extended_Abstracts,225,pending,Fast dynamical similarity analysis,"To understand how nonlinear dynamical systems process information (e.g., artificial neural networks and neural circuits), it is essential to compare the underlying dynamics of diverse systems at scales (e.g., a large pool of neural networks with diverse architectures and large-scale recordings from neural circuits). Existing similarity methods remain inadequate for this purpose: geometric methods are computationally efficient but fail to capture the governing dynamics, whereas dynamical similarity methods are more faithful but often too computationally expensive. Here, we introduce \emph{fast Dynamical similarity analysis (fastDSA)}, a computationally efficient and accurate method for comparing nonlinear dynamical systems. FastDSA combines automatic rank detection, efficient alignment of dynamical flow fields, and Koopman embeddings. Across benchmark nonlinear systems and recurrent network models, it is insensitive to arbitrary coordinate choices but sensitive to real differences in system dynamics, extending the practical scope of dynamical similarity analysis.",theoretical / computational neuroscience,artificial intelligence / machine learning
Extended_Abstracts,226,pending,Mechanistic Model of Salience-Gated Memory Consolidation via the Anteromedial Thalamus,"New memories are formed in the hippocampus and later stabilized in cortex through memory consolidation, but the mechanism that determines which memories are selected remains unknown. Experimental evidence identifies the anteromedial thalamus (AMT) as a key gating structure, despite its small size and predominantly feedforward connectivity. Here, we present a mechanistic model, in which the AMT filters salient memories through interactions with a high-capacity entorhinal–hippocampal memory system and cortical attractor dynamics. Reverse replay exposes outcome-related signals early, enabling the AMT to generate a sustained modulatory signal that gates cortical plasticity through a three-factor rule, thereby selectively consolidating only salient memories. The model reproduces the full spectrum of experimental findings, including region-specific perturbation effects and the bidirectional control of consolidation via AMT–cortex pathway modulation. These results show that a small feedforward circuit can implement scalable and selective consolidation across a large memory space, while yielding concrete functional implications and experimental predictions.",theoretical / computational neuroscience,artificial intelligence / machine learning+experimental neuroscience (systems / cognitive)
Extended_Abstracts,227,pending,An Episodic Memory Model Can Account for Reinforcement Learning in Humans,"Multiple models have been proposed for how people solve reinforcement learning tasks, with the general conclusion that people may implement a mixture of ""model-free"" and ""model-based"" strategies. Here, we sought to investigate whether a process-based episodic memory model (called EGO) can account for human behavior in two inference tasks, the classic and revaluation 2-step tasks. The EGO model was able to mimic the behavior of humans and multiple RL models solely through its parametrization. While the parameters to mimic the same RL models across tasks differed, those to mimic human behavior were similar. These results suggest that rather than through a mixture of distinct processes, people may instead implement a single memory-based process to solve inference problems. The default parametrization of this process may reflect a global optimum for the average statistics of daily life, and may be adjusted through experience and control.",computational cognitive science / cognitive modeling,psychological / behavioral research
Extended_Abstracts,228,pending,Common Representation Similarity Metrics Have Dimension-Free Error Bounds,"Methods like centered kernel alignment (CKA), representational similarity analysis (RSA), and Procrustes shape distance have become popular tools for quantifying similarity in the geometry of neural population codes, with well-characterized asymptotic behavior.
However, neural recording techniques with single-cell resolution can only access a small fraction of cells within a brain region of interest.
Moreover, recordings are inherently limited in duration, and one can therefore only measure responses to a small subset of possible experimental conditions (e.g. natural images).
Here, we present novel, non-asymptotic error bounds to quantify how estimates of representational similarity \textit{simultaneously} depend on the number of sampled neurons ($N$) and experimental conditions ($M$). 
Under mild assumptions, we show that estimation error decays in proportion to $1/M + 1/N$ for several measures related to CKA and RSA.
Strikingly, this bound does not depend on the dimensionality of the space of experimental conditions.
Thus, similarity estimation does not suffer from the curse of dimensionality, which plagues similar problems in high-dimensional statistics. 
We verify our results empirically in random shallow neural networks.",theoretical / computational neuroscience,artificial intelligence / machine learning
Extended_Abstracts,229,pending,Serial Dependence in Value-based Decisions Is Gated by Uncertainty,"Human decisions are systematically influenced by recent history, a phenomenon known as serial dependence.
  Theories from the perceptual domain suggest that serial dependence reflects Bayesian integration of past experience and current input by their respective uncertainty.
  Here, we test the hypothesis that serial dependence in subjective preference-based valuation is governed by a similar computational process.
  Participants performed a value estimation task with trial-wise uncertainty reports.
  We observed an attractive bias, with current valuations drawn toward those of the previous trial. Critically, this serial dependence was modulated by the relative uncertainty between trials, consistent with the predictions of a Bayesian integration model.
  Neural uncertainty decoded from fMRI activity in the parietal cortex predicted this modulation.
  These results provide behavioral and neural evidence for Bayesian integration over time in preference-based valuation.",experimental neuroscience (systems / cognitive),computational cognitive science / cognitive modeling
Extended_Abstracts,230,pending,Model-based Characterization of the Lateral Visual Stream,"While neural responses to static scenes have been characterized extensively, much less is known about dynamic visual processing. Here, we use a state-of-the-art brain-encoding model based on V-JEPA 2 as a digital twin to infer the preferred stimuli along the lateral visual stream. Screening over 700k naturalistic videos reveals a progression from low-level features to body motion, physical interactions, and language-related content. These findings are further supported by a searchlight-based representational similarity analysis. Since the co-occurrence of low- and high-level features can obscure region-specific representations, we disentangle them via a novel modulation objective that maximizes responses in a target region while suppressing others. These results reveal distinct features such as communicative signals in pSTS beyond motion and language-related content in aSTS. Taken together, we develop a scalable framework for probing dynamic visual processing which can be applied to model-based synthesis for neural modulation.",artificial intelligence / machine learning,experimental neuroscience (systems / cognitive)
Extended_Abstracts,232,pending,Adversarial construction for efficient experiment design in large task-spaces,"A central obstacle to task-general cognitive modeling is experiment design: if behavior is studied over a large task space, which tasks should be run to reveal the underlying algorithm most efficiently? We propose \emph{adversarial construction} (AC), an iterative procedure that fits a behavioral model to the data collected so far and then selects the next task to maximize the model's regret relative to a normative reference. We evaluate AC in a binary sequence-prediction task family generated by two-state hidden Markov models, using human data from 1{,}400 participants across 14 environments. AC converges within roughly six iterations to a compact set of diagnostic task types, including deterministic alternation, stochastic alternation, sticky regimes, and oddball structure. Models trained on AC-selected data show lower worst-case generalization error than models trained on randomly sampled tasks at every matched dataset size, despite using less data overall. AC-trained models also better capture held-out trial-level choice dynamics and acquire internal representations aligned with bigram statistics, the minimal representation sufficient for this task family. These results suggest that machine learning tools can be exploited for efficient task-space experiment design and AC provides a promising route toward more general computational theories of cognition.",computational cognitive science / cognitive modeling,artificial intelligence / machine learning+psychological / behavioral research
Extended_Abstracts,233,pending,Artifacts as Memory Beyond the Agent Boundary,"Agents routinely use their environment to compensate for cognitive limitations. Here, we begin formalizing this intuition with artificial Reinforcement Learning~(RL) agents. We introduce a mathematical framing for how the environment can functionally serve as an agent's memory, and prove that certain observations, which we call artifacts, reduce the information needed to represent history. We corroborate our theory with computational experiments showing that when agents observe spatial paths, the memory required to learn a performant policy is reduced. Interestingly, this effect arises unintentionally and implicitly through the agent's sensory stream. We also show our findings satisfy qualitative properties previously used to ground accounts of external memory. Moving forward, we anticipate further work on this subject could reveal principled ways to exploit the environment as a substitute for explicit internal memory.",artificial intelligence / machine learning,computational cognitive science / cognitive modeling
Extended_Abstracts,234,pending,Hippocampal representations of temporal context during visual statistical learning,"Temporal patterns embedded in sequential stimuli can facilitate the perception and memory of these stimuli after brief exposure. The role of the hippocampus in such a statistical learning (SL) process remains unclear. We investigated this problem with a functional magnetic resonance imaging (fMRI) dataset acquired from participants performing a visual SL task. We found that temporal context rather than stimulus features shape hippocampal representations in the course of SL. Moreover, faster learning was observed for stimuli with linguistic information compared to those without. Correspondingly, the hippocampal representations separated faster for the linguistic stimuli with embedded temporal structure from those without. These findings suggest an active role of the hippocampus in SL, rather than being a passive storage for learning outcome.",experimental neuroscience (systems / cognitive),psychological / behavioral research
Extended_Abstracts,235,pending,Divisive normalization masquerades as predictive processing in visual cortex,"Neural responses in visual cortex are shaped by the temporal structure of sensory input: stimuli that conform to recent patterns are often suppressed, while surprising deviations elicit enhanced responses. These dynamics are typically attributed to predictive processing, in which the brain generates top-down expectations to minimize prediction error. However, the specific mechanisms underlying such modulations remain debated. Here, we combine ultra-high-field fMRI with a modified population receptive field (pRF) mapping paradigm to test whether temporal response modulations typically attributed to predictive processes can instead be explained by postdictive tuned normalization alone. We find a robust gradient across visual areas: early cortex exhibits response suppression, while higher areas show enhanced responses to unexpected stimuli. Crucially, this surprise-modulation gradient closely tracks spatial tuning, particularly pRF size and surround suppression strength. We show that these effects can be accounted for by feature-selective, delayed normalization without invoking top-down predictive mechanisms. Our findings offer a mechanistically grounded account of context-sensitive visual responses, reframing expectation effects as emergent properties of complex spatiotemporal tuning.",computational cognitive science / cognitive modeling,experimental neuroscience (systems / cognitive)
Extended_Abstracts,236,pending,Neural implementation of temporal difference error via meta reinforcement learning,"Dopamine response has been thought to encode the temporal difference error in reinforcement learning. Recent experimental studies captured the key aspects of temporal difference error in the dopamine response, leading to an evidence for a hard-wired circuit computing the temporal difference error in the brain. However, a neural network model for computing the temporal difference error within the framework of reinforcement learning has not been developed yet. Here, we develop such model by learning to produce the temporal difference error and using the approximate error for reinforcement learning. Our model performance was comparable to the standard models. Analysis of trained networks predicts that the correlation between reward and value increases with layer depth. In sum, our work provides a reinforcement learning framework to generate dopamine response in a network, opening the door to develop realistic models to understand dopamine activity.",theoretical / computational neuroscience,artificial intelligence / machine learning
Extended_Abstracts,237,pending,More shape bias does not mean more human-like visual representations,"Deep neural networks (DNNs) are widely used as mod-
els of human perception, often evaluated based on their
performance on specific behavioral benchmarks such
as shape–texture cue-conflict tasks. However, it re-
mains unclear whether alignment with human behavior
on such tasks implies alignment in underlying represen-
tations. Here, we introduce a representational screen-
ing approach to identify diagnostic stimuli from a large
naturalistic image set that maximize representational dif-
ferences between two competing models. We apply
this method to a standard ImageNet-trained DNN and a
Stylized-ImageNet variant previously reported to exhibit
a more human-like shape bias in object classification,
and then measure human perceptual similarity using a
multi-arrangement task. Contrary to expectations, human
representational geometry aligns more closely with the
standard ImageNet model on these diagnostic stimuli. A
variance partitioning analysis further suggests that this
alignment is substantially associated with shared color
information. Together, these results suggest that similar-
ity judgments and object recognition can rely on different
image features, and that increasing shape bias in DNNs
does not necessarily translate into representational align-
ment. Moreover, our findings highlight the importance
of diagnostic stimulus selection for evaluating computa-
tional models of perception.",computational cognitive science / cognitive modeling,artificial intelligence / machine learning
Extended_Abstracts,238,pending,Aligning DNN Representational Spaces with Shepard’s Law,"According to Shepard's (1987) universal law of generalization, generalization strength between two stimuli decays as a non-linear function of their distance in psychological space. Recent work suggests that this law may also hold in the representational spaces of deep neural networks (DNNs). However, it remains unclear how reliably DNN representations capture Shepard's law or approximate human psychological space, two distinct targets of alignment. We tested whether a lightweight three-layer perceptron head trained to predict human triplet odd-one-out judgments from DNN representations could improve alignment with both targets. Training consistently increased Shepard-like structure in the transformed representations. However, gains in alignment with human psychological spaces depended on the specific DNN and training data. These results suggest that lightweight alignment methods can sharpen Shepard-like structure in DNNs, but their success in capturing human representations depends critically on the choice of model and data.",artificial intelligence / machine learning,computational cognitive science / cognitive modeling+psychological / behavioral research
Extended_Abstracts,239,pending,Learning to see via predictive exploration of a 3D environment enhances visual representation of scene geometry,"In seminal work, Held & Hein (1963) showed that active visual exploration, versus passive viewing, is essential for normal visual development, implicating vision-action integration as a key driver of representation learning. Here, we ask whether predictive navigation training shapes visual feature representations in a world model (tiny-JEPA: ConvNet backbone + LSTM), trained end-to-end to predict its own latent visual responses given its current latent and actions (dx, dy, dθ). After training, we evaluated CNN and RNN latent representations using linear probes to decode viewpoint from frozen weights. Following environment warmup, agents performed a structured rotation sequence in different environments. In environments where individual frames were geometrically ambiguous (16 evenly-spaced steps, preserving 4-fold room symmetry), only the LSTM's recurrent state supported viewpoint decoding, consistent with temporal integration of heading. In environments with subtle but distinct per-view scene geometry (21 steps, breaking room symmetry), the navigation-trained CNN backbone also supported decoding, while a similar AlexNet architecture trained on ImageNet performed near chance. These results suggest that predictive navigation training drives the emergence of geometry-sensitive visual features absent in standard object-recognition models, and that recurrent world-model states encode sequential heading information that the backbone alone cannot provide",computational cognitive science / cognitive modeling,artificial intelligence / machine learning+psychological / behavioral research
Extended_Abstracts,240,pending,B$^3$ net: Brain-Body-Behavior model of attention fluctuations in humans,"Attentional lapses arise from spontaneous fluctuations in brain state, but tracking these fluctuations from noninvasive signals remains challenging. To bridge this gap, we developed a deep latent dynamical model that infers attentional state from peripheral physiology. The model decodes lapse versus attend trials from autonomic signals and reconstructs trial-level whole-brain blood oxygen level dependent (BOLD) dynamics from the learned latent representation, outperforming single-channel linear baselines. These results suggest that attentional fluctuations are expressed in coordinated, low-dimensional brain-body dynamics.",artificial intelligence / machine learning,experimental neuroscience (systems / cognitive)
Extended_Abstracts,241,pending,Parallel synapses and divisive normalization enhance classification capacity,"Classic results on the computational power of neural networks modeled neurons as perceptrons, ‘point neurons’ that sum inputs linearly. However, real neurons can exploit nonlinearities at synapses or dendrites. In recent work, Song and Benna (2025) explored a model with parallel synapses, multiple contacts between a pre- and postsynaptic neuron, each applying a sigmoidal transformation with learnable parameters in the absence of other dendritic nonlinearities. Under these assumptions, they observed that the effective transmission function from pre- to postsynaptic neuron is constrained to be monotonic, but otherwise flexible. They found in simulations that such neurons achieve a higher classification capacity than perceptrons: the critical capacity -- the threshold ratio between number of input patterns to input dimension where a random labeling is at least 50% likely to be separable -- appears to grow with the logarithm of the input dimension. For a perceptron, the critical capacity is constant. 

We extend this work with a geometric characterization of separable and inseparable patterns, giving an analogue to the ``XOR problem"" for this model. We use our characterization to show that the classification capacity is higher for divisively normalized input. We prove that when normalization is exact and the number of parallel synapses grows with the number of input points, every labeling of the input is separable. In numerical simulations, we observe that this increased capacity remains when normalization is approximate.  Finally, we reduce the classification capacity problem for this neuron model to a standard perceptron capacity problem with correlated input. Based on this result, we find a lower bound on the classification capacity for this neuron model using classical statistical mechanics techniques (Gardner and Derida, 1988).  Overall, this work gives us insight into the computational role of both parallel synapses and divisive normalization.",theoretical / computational neuroscience,artificial intelligence / machine learning
Extended_Abstracts,242,pending,Orthogonal Neural Subspaces in Working Memory Circuits Support Interference Protection and Flexible Updates,"Flexible cognitive behavior requires simultaneously protecting internal representations from distraction and selectively updating them when new information becomes relevant. How neural circuits balance this stability-flexibility trade-off remains unclear. Here, we test whether the orthogonalization of neural subspaces underlies this balance. In both macaque peri-arcuate cortex (PAC) and task-optimized recurrent neural networks (RNNs), we find that neurons exhibit heterogeneous tuning shifts between encoding and delay periods. Analyses of neural geometry reveal that sensory and memory representations occupy orthogonal subspaces, reducing interference. When new sensory information needs to be incorporated, updating is achieved via a rotation transferring representations from the sensory into memory subspace. These findings provide a mechanistic account of how neural circuits reconcile stability and flexibility in working memory.",theoretical / computational neuroscience,artificial intelligence / machine learning+computational cognitive science / cognitive modeling+psychological / behavioral research+experimental neuroscience (systems / cognitive)
Extended_Abstracts,243,pending,Toward a Shared Sensorimotor Language:  Affordances in a Global Workspace,"Perception and action are deeply intertwined: effective behavior depends on building a common representational language between sensory and motor information. Gibson (1979) argues that biological agents naturally structure perception around affordances (i.e., action possibilities). In contrast, artificial models often rely on modality-specific encodings, limiting their ability to flexibly couple perception and action in complex environments. The Global Workspace Theory (GWT; Baars, 1988) proposes a shared informational space through which cognitive systems broadcast task-relevant signals across functional modules. In this paper, we use a deep-learning architecture leveraging principles from GWT to learn a shared sensorimotor latent space jointly representing vision and action. We analyze the structure of this space, comparing visual representations within our Global Latent Workspace (GLW) to those learned by a (unimodal) variational autoencoder. We show that the GLW can organize visual representations according to action-relevant structures, yielding improved clustering and downstream visual object classification performance.  These results provide a pathway towards building sensori-motor systems that are grounded in action possibilities and provide embodied knowledge of the world.",artificial intelligence / machine learning,computational cognitive science / cognitive modeling+theoretical / computational neuroscience
Extended_Abstracts,244,pending,Hierarchical Temporal Expectations,"Predictive coding theory suggests that the brain continuously generates and updates predictions about sensory inputs across multiple modules and hierarchical levels. Prediction errors occur when the actual sensory information does not match the prediction, and these errors are propagated bottom-up to signal the correct input and update the statistical representation. Prediction error has several neural correlates, including mismatch negativity (MMN), an auditory event-related potential evoked by the automatic detection of violations of expectations, typically occurring 100–150 ms after stimulus onset, and the P3b (a subcomponent of the P300), which peaks between 250–500 ms and reflects attentive, task-relevant global errors within a broader context.
Here we contrast violations of local vs. global predictions. Local deviants consist of a deviation from a local prediction (e.g., xxxxY). These local deviants can themselves become predictable in repeating sequences, creating a situation in which the local standard (e.g., xxxxx) can be considered a violation in the global context (Bekenstein et al. 2009). Global–local paradigms based on manipulations of pure-tone frequency failed to show MMN in the global context under unattended conditions. Here, we applied a similar local–global paradigm to investigate the hierarchical organization of temporal expectations by manipulating the ISI instead of the frequency. Using this approach, we can explore the hierarchy of neural mechanisms underlying the processing of expectations in the temporal domain. In addition to the EEG recording, participants are asked to report the number of global deviations they detect during each sequence. This way, we can examine whether the subjects are conscious of these deviations, and whether the neural markers emerge automatically.",computational cognitive science / cognitive modeling,artificial intelligence / machine learning+psychological / behavioral research+theoretical / computational neuroscience+experimental neuroscience (systems / cognitive)
Extended_Abstracts,245,pending,Goal-pursuit strategies in volatile environments,"Effective goal pursuit requires balancing commitment against flexibility: focusing on a single goal is cognitively efficient but risks missing better alternatives, especially as environments change. Here, we formalise this trade-off as a problem of state-space selection, asking when committing to and representing a single goal (a goal construal) outperforms tracking all goals (full construal) as a function of environmental volatility. We model goal pursuit in a Pac-Man-inspired task, in which agents navigate a maze to capture ghosts whose reward values evolve as independent Markov chains. Simulations show that the advantage of flexibility (tracking all goals throughout pursuit) follows an inverted-U pattern: full construal is most beneficial at intermediate volatility, while committing to a single goal is favorable when environments are either very stable or very volatile. These results suggest that adaptive goal pursuit will depend jointly on environmental statistics and the cognitive costs of flexibility – generating testable predictions about how humans might adapt goal pursuit strategies across environments.",computational cognitive science / cognitive modeling,artificial intelligence / machine learning+psychological / behavioral research
Extended_Abstracts,246,pending,Emergent Functional Circuits in Embodied Foragers,"Effective brain-body interactions are crucial for survival in natural environments.
To achieve this, the brain continuously monitors internal bodily states to regulate homeostasis and balance energy intake with cognitive and motor functions.
However, the computational and neural mechanisms linking physiological states to neural dynamics and behavior remain poorly understood.
To better understand this connection, we developed an embodied artificial neural network (ANN) agent to adaptively forage in a realistic environment, while maintaining physiological homeostasis.
Specifically, the agent was trained with homeostatic reinforcement learning, which applies a homeostatic objective (minimizing the distance to an ideal homeostatic set point) instead of simply maximizing reward. 
We found that the agent learns to forage adaptively in the environment, i.e., the agent adapts its extent of exploration and movement velocity to its satiety state, with broader and faster exploration occurring at higher hunger levels, consistent with recent observations in rodents.
With behaviorally guided analysis of neural dynamics, we found distinct clusters of neurons encoding movement, internal state, and action inhibition. 
Furthermore, our ablation analysis of these clusters revealed their causal role in the adaptive behavior of the agent.
The observed coupling between body physiology, neural dynamics, and exploration patterns highlights how internal states modulate both cognitive and neural functions. 
Our findings offer a novel computational framework to uncover the role of brain-body interactions in adaptive behaviors.",computational cognitive science / cognitive modeling,psychological / behavioral research
Extended_Abstracts,247,pending,Experience shapes strategy via embedded network dynamics,"We learn by adapting and reusing elements of prior experience, suggesting a key role of curriculum in shaping skills for novel problems. However, it remains unclear how the knowledge for complex tasks is built into neural networks for later reuse. This challenge is compounded by the fact that complex tasks unfold over specific timescales, requiring actions to be suppressed or initiated depending on context and sensory input. Using Recurrent Neural Network (RNN) models trained on a context-dependent timing task, we identify distinct experience-dependent strategies, and find that curriculum-trained RNNs outperform those trained directly on the full task, especially under increasing noise. We then identify signatures of prior experience in both network connectivity and activity. Finally, using Neuropixels recordings from the Medial Entorhinal Cortex (MEC) of mice, we show that these dynamics align with those observed in animals trained on the same curriculum.",experimental neuroscience (systems / cognitive),artificial intelligence / machine learning+theoretical / computational neuroscience
Extended_Abstracts,248,pending,Univariate and Multivariate ERP Signatures of Division Verification in Adolescents: Evidence for N400-LPC Effects,"Understanding the neural dynamics underlying arithmetic verification during adolescence provides important insight into the development of symbolic cognition and higher‑order numerical reasoning. Although Event-related Potentials (ERP) research has extensively examined addition and multiplication, division remains underexplored despite its curricular centrality and reliance on multiplication fact retrieval and semantic transformation. This study examined ERP signatures distinguishing correct from incorrect single‑digit division quotients in early adolescents (n = 22; $age_{mean}$ = 13.72) using a rapid serial visual presentation (RSVP) verification paradigm. A full‑epoch mass‑univariate t‑max analysis (0–796 ms) identified extended intervals of significant activity over centro‑parietal regions, including an early negative deflection and a later sustained positivity. Cluster‑based permutation testing confirmed a robust N400‑type negativity (180–320 ms) and a parietally distributed late positive complex (LPC; 460–540 ms). Trial‑level multivariate pattern classification (MVPC) further revealed above‑chance decoding in both windows, indicating reliable single‑trial discriminability. Together, these convergent univariate and multivariate results demonstrate that division verification during adolescence recruits sequential mismatch‑detection and evaluative processes analogous to those observed in other arithmetic domains, extending mechanistic accounts of symbolic numerical cognition.",computational cognitive science / cognitive modeling,artificial intelligence / machine learning+computational cognitive science / cognitive modeling+psychological / behavioral research+theoretical / computational neuroscience+experimental neuroscience (systems / cognitive)
Extended_Abstracts,249,pending,Large Language Models Infer Hidden Preferences from Gaze but Fail to Exploit Response Times,"Large language models (LLMs) are increasingly deployed in interactive
settings, in which systems must infer a user's preferences not only
from explicit instructions but from observed behaviour. To test this, we
evaluated three LLMs (llama 3.1, the cognition-tuned Centaur,
and GPT-5) as interaction partners in a multi-round negotiation task where
human preferences must be inferred from choices, gaze, and response
times (RT). Despite lacking cognition-specific training, the frontier model \gptfive{} substantially outperformed both open-source models,
suggesting that increasing scale and adding reasoning contributes more to preference
inference than behavioural fine-tuning. However, none of the models
exploited RT as effectively as humans did, highlighting a
gap in LLM social cognition. Furthermore, humans remained superior at recovering true preference weights, though models translated
imperfect estimates into competitive offers, pointing to their better quantitative abilities. Traces of decision processes therefore help LLMs only selectively: Whereas gaze improves preference inference, RT are so far of limited use.",artificial intelligence / machine learning,psychological / behavioral research
Extended_Abstracts,250,pending,Adaptive estimation of individual sensory representations,"Sensory representations of the same physical stimuli vary across individuals. 
We propose a Bayesian adaptive procedure to estimate individual sensory representations using targeted perceptual discrimination judgments.
Key to our approach is identifying stimulus distortions for which observers differ most in Fisher-information-predicted sensitivity. 
As a proof of concept, we simulate observers with cone fundamentals drawn from a population model and demonstrate that our approach can recover them with a feasible number of forced-choice trials. 
With real observers, this approach could enable efficient, personalized characterization of sensory representations from a modest number of trials.",psychological / behavioral research,computational cognitive science / cognitive modeling+psychological / behavioral research+theoretical / computational neuroscience
Extended_Abstracts,251,pending,Measuring Internal Representational Alignment between Conceptual Metaphor Domains,"The shared structure of neural representations is commonly quantified using representational alignment metrics like Centered Kernel Alignment (CKA). A similar notion of shared structure appears in Conceptual Metaphor Theory, where one group of concepts (a “conceptual domain”) is understood in terms of another through shared relational structure. We propose using representational alignment metrics to compare conceptual-domain word embeddings to detect metaphor and, more generally, to measure structural similarity *within* a representation space. We further explore graph-based metrics such as Graph Edit Distance (GED) to extend methods like CKA by comparing the topology of sparse graphs instead of dense similarity matrices. We demonstrate and compare the effectiveness of CKA and GED in detecting alignment internal to a representation.",computational cognitive science / cognitive modeling,artificial intelligence / machine learning+theoretical / computational neuroscience
Extended_Abstracts,252,pending,Prospective Planning and Retrospective Integration: Distinct Neural Signatures of Future and Past in Naturalistic Conversations,"In natural conversations, the past, present, and future are inextricably entangled, with each word shaped by the preceding context and, in turn, influencing what follows. This study disentangles the neural signals associated with immediate word content from those supporting contextual memory (past) and planning or prediction (future). We recorded intracranial EEG during spontaneous conversations. Encoding models predicted brain activations using nonoverlapping information about the conversational past (sentence embeddings), present (word embedding), and future (sentence embeddings). Our results captured distinct neural signals for single words, memory, planning and prediction varying in their times and location. Overall, speech comprehension appears to involve sustained processing of the conversational past, while speech production emphasizes strong representations of the conversational future. Planning of upcoming words was most pronounced in the left inferior frontal gyrus. The study takes a step toward clarifying the underlying dynamic processes that support natural conversations.",theoretical / computational neuroscience,computational cognitive science / cognitive modeling+psychological / behavioral research
Extended_Abstracts,253,pending,Parallel biases in affective reactivity and learning from counterfactual feedback,"To effectively navigate complex environments, people can learn from both the outcomes of their choices as well as from the counterfactual outcomes of alternative options. Attending to counterfactual feedback often improves subsequent decision making while also eliciting feelings of regret and relief, which in turn may further influence learning. Here, we present a novel task to measure how counterfactual feedback influences both affect and reinforcement learning strategies. Our initial results (N = 28) indicate that both the extent to which participants’ happiness is influenced by counterfactual feedback and the extent to which they learn from it are biased upward, suggesting a potential relationship between feelings of regret and counterfactual learning strategies.",psychological / behavioral research,computational cognitive science / cognitive modeling
Extended_Abstracts,254,pending,Towards Inference of Hidden Causes with Assemblies,"The cortex is a formidable learning engine, but what does it learn?  One hypothesis is that it creates a hidden Markov model of its input, to perform probabilistic inference about the hidden causes of the input stimuli. However, prior work focused on sequences of inputs with precise timing and occurring in quick succession, with stimulus events represented by single spikes. When inputs arrive more slowly and with realistic variability in timing, meaningful structure is often lost. We explore how assemblies of neurons can overcome this issue in a cortical network model. We show that, under certain STDP rules, distinct assemblies form to represent a given stimulus depending on other recently-seen stimuli. Crucially, these assemblies are a persistent form of short-term memory, capable of keeping themselves active indefinitely until a new stimulus arrives and then biasing the neural response to that stimulus, thus bridging the gap between neural and behavioral events. We apply this model to stimuli generated by movement along a linear track where instantaneous stimuli do not disambiguate position, and observe the emergence of assemblies which encode specific locations, necessarily using context.",theoretical / computational neuroscience,artificial intelligence / machine learning
Extended_Abstracts,255,pending,Timing of Guidance Shapes Experiential Learning,"People effortlessly integrate guidance from others into their direct learning experiences. In this study, we investigate how the time at which this guidance is provided, in the form of a hint, shapes learning in multi-armed bandit tasks. Across two task types (stationary and patch-foraging), we show that hints delivered earlier generally produce larger performance gains, though this pattern varies with task structure. We propose a hierarchical Bayesian model that incorporates hint timing and show that it captures key patterns in human choice behavior. Our results suggest that the value of linguistic guidance depends jointly on its content and on how much prior experience a learner has already accumulated.",psychological / behavioral research,computational cognitive science / cognitive modeling
Extended_Abstracts,256,pending,Signatures of discrete action representations emerge in a task-optimized neuro-symbolic model,"Key to intelligence is the ability to flexibly compose and combine atomic concepts into representations that guide behavior, making ""infinite use of finite means"".
However, modeling often assumes discrete concepts exist and focuses on their _use_,
leaving it unclear how they are _learned_ from complex sensory inputs and mapped to motor outputs.
To address this limitation,
we build on a drawing-like task and behavioral metrics that indicate discrete structure in motor behavior from Tian et al. (2025).
Importantly, these discrete concepts were encoded in neural recordings from non-human primates that exhibited these behavioral metrics, validating the metrics.
Here, we use this task and behavioral metrics as a modeling target, to
quantify how discrete structure arises in a task-optimized neuro-symbolic model (Liang et al., 2022).
Our model recapitulates these behavioral metrics,
offering a foundation to compare with neural data and understand what drives the emergence of discrete conceptual structure.",computational cognitive science / cognitive modeling,artificial intelligence / machine learning+psychological / behavioral research
Extended_Abstracts,257,pending,Concept Manifold Geometry Explains Asymmetry in Model–Brain Bidirectional Predictivity,"Strong prediction of brain responses by model features does not guarantee that models capture the true structure of biological visual representations. Moreover, model–brain alignment is not fully characterized by one-directional comparisons; asymmetry between bidirectional mappings may provide a more informative measure. Using activations of deep neural networks and human fMRI data, we systematically examined the bidirectional mappings between the models and human brains, and found forward predictivity consistently exceeding reverse predictivity. Furthermore, we tested whether geometric properties of model concept manifolds account for the variation in forward, reverse predictivity, and their asymmetry. Critically, we found that manifold geometric properties explained substantially more variance in reverse predictivity and asymmetry than in forward predictivity, with Effective Dimensionality, Signal, and Correlation emerging as key predictors. These findings suggest that bidirectional mapping provides a more complete and diagnostic measure of alignment, and manifold geometry accounts for the extent to which the representational properties of models and brains are recoverable from each other. Together, this framework offers a principled path toward models that are more faithfully aligned with the human visual system.",theoretical / computational neuroscience,artificial intelligence / machine learning+experimental neuroscience (systems / cognitive)
Extended_Abstracts,258,pending,Slow mapping in word learning as local search in “definition space”,Slow mapping---the process by which learners refine word meanings over time---is poorly computationally understood. We test a model of slow mapping which assumes learners adapt word meaning hypotheses in the face of surprising evidence by generating and selectively retaining edits to their definitional structure. We model this as Markov Chain Monte Carlo approximation to Bayesian inference over an open space of word meanings defined by probabilistic context free grammar. We show that this approach outperforms several alternatives in modeling participants' evolving generalizations and definitions for novel words in a 'nonsense' domain.,computational cognitive science / cognitive modeling,psychological / behavioral research
Extended_Abstracts,259,pending,Human Attention During Localization of Memory Bugs in C Programs,"This paper presents a study of human visual attention during localization of memory bugs in C. Human visual attention refers to the
mechanical processes by which we selectively process and prioritize information. Visual attention is important to study because it is
central to what information people (who are sighted) use to solve a particular problem. Meanwhile, memory bugs are among the most
common types of bugs in C programs that manifest as a variety of program faults. In this paper, we study human visual attention
while people attempt to locate memory bugs in code. We recruited 21 programmers to locate between one and eight memory bugs in
three C programs for 1.5–2 hours each. In total we collected observations of 31 hours of programmer effort. The bugs in our study
cover memory leaks, overflows, and double frees. We analyze the task outcomes in
terms of success rate and related factors, patterns of visual attention overall such as what lines and functions are read. Finally, we
explore differences of visual attention patterns during success versus failure cases.",experimental neuroscience (systems / cognitive),
Extended_Abstracts,260,pending,Tracing Sparse Feature Circuits in Vision Transformers,"This work implements a pipeline for cross-layer circuit analysis in Vision Transformers (ViTs), combining sparse feature learning, candidate filtering, relation analysis, and intervention-based tests. Sparse autoencoders are trained on intermediate activations, candidate units are filtered using statistical and visual criteria, and retained units are analyzed through cross-layer consistency, feature-to-output edge strength, preliminary feature-to-feature relations, and targeted interventions. The current results already produce units and local structures that can be used for early circuit analysis in ViTs, and provide a workable basis for broader cross-layer circuit reconstruction.",artificial intelligence / machine learning,theoretical / computational neuroscience
Extended_Abstracts,261,pending,Planning and remembering in partially observable settings,"Decision making under partial observability requires both remembering what happened in the past and reasoning about what to do in the future. But remembering and reasoning are processes that tax people's limited cognitive resources. Previous work has shown that humans cope with complex planning environments by selectively attending to a subset of objects in the environment. In this work, we explore an analogous idea in the partially observable domain, where attention over the observation history manifests as selective encoding and forgetting of memories. We introduce a new partially observable task called KeyRooms, and find that people engage in a spectrum of strategies spanning the trade-off between memory costs and task performance.",computational cognitive science / cognitive modeling,
Extended_Abstracts,262,pending,A baby-step toward belief updating constructs: generalizability across two task variants,"Belief updating, defined as the process of revising one's expectations in the face of new evidence, is crucial for adaptive behavior and its disruption is implicated in many psychiatric conditions. Hence, different studies have used a wide range of tasks in order to operationalize the same underlying construct and link it to underlying neural mechanisms (Gibbs-Dean et al., 2023). However, it is unclear to what extent individual differences measured in the lab will generalize to individual differences in real-world belief updating. Here, we take a first step towards addressing this question by assessing whether individual differences in belief updating generalize across two close variants, namely the helicopter (McGuire et al., 2014) and the predator task (Satti et al., 2025).  
We asked participants recruited through Prolific (N=276) to complete both these task in one experimental session where the task order was counterbalanced. We hypothesized therefore that participant-level model-agnostic metrics and model-based parameters would correlate across task variants. Our preliminary results show that performance measures correlate across tasks along with mean single-trial learning rates and absolute estimation errors while mean absolute updates do not correlate. These results show that descriptive belief updating metrics, with the exception of absolute updates, do generalize across two task variants, laying the groundwork for a model-based analysis as well as more demanding tests of convergent validity using more dissimilar tasks, naturalistic and clinically relevant measures.",computational cognitive science / cognitive modeling,psychological / behavioral research
Extended_Abstracts,263,pending,Task context shapes strategy for memory-guided decision in a neural network,"Episodic memory enables flexible decision-making by encoding specific past experiences and retrieving them when needed, yet the computational principles governing how memories are encoded and retrieved across different task contexts remain poorly understood. We developed a neural network model to investigate how task context shapes episodic memory processes. Our model was trained via reinforcement learning on a set of memory and decision tasks. The model learned to strategically encode memories and adaptively control retrieval time when solving novel decision problems. We found that encoding strategies depended on both the breadth of training tasks and whether the task context was known at encoding. Training on a wider range of memory tasks shifted the model toward encoding items as separate memories rather than encoding a summary of the whole sequence. When the task context was unknown at encoding, the model encoded raw stimulus information; when context was known in advance, it selectively encoded and retrieved task-relevant information. These findings provide a mechanistic account of how episodic memory can adaptively balance encoding specificity against retrieval flexibility to support decision-making under varying contextual demands.",computational cognitive science / cognitive modeling,artificial intelligence / machine learning
Extended_Abstracts,264,pending,Brain-Tuning Language Models on Task fMRI,"Fine-tuning language models on neural recordings has been shown to improve brain alignment in naturalistic settings, but whether this approach extends to task-based fMRI remains unclear. We apply LoRA brain-tuning to LLaMA-3.1-8B and Centaur-8B, a cognitive foundation model (Binz et al., 2025), using fMRI from the HCP Gambling Task (N = 1,057). Brain-tuning changes the nature rather than the overall magnitude of alignment—prediction accuracy decreases in visual cortex while increasing in reward- and decision-related areas such as amygdala, nucleus accumbens, and orbitofrontal cortex, where frozen models showed near-zero or negative correlations. These results indicate that brain-tuning on task fMRI reduces reliance on low-level visual features and gains sensitivity to reward- and decision-related neural activity absent from pretrained representations.",computational cognitive science / cognitive modeling,artificial intelligence / machine learning
Extended_Abstracts,265,pending,Using Motion-guided Foveation to Improve Physical Prediction in Latent Representation Video Models,"There has been increasing research on video models that use latent representations to predict physical interactions in large video datasets. Inspired by the biological visual system, we investigate whether incorporating motion-guided foveation improves physical prediction in video models. Unlike standard approaches that process full-resolution frames uniformly, human vision selectively samples high-acuity information around fixation while compressing peripheral detail, dynamically shifting overt attention through saccades and smooth pursuits. To test whether these constraints are beneficial, we construct modified versions of the Physion dataset with fixed-center and motion-guided (optical flow) foveation. We evaluate our datasets on R3M+CTRNN  and V-JEPA representations using linear and attentive probes. We find that foveation consistently improves representation quality, with fixed-center foveation yielding substantial gains in per-scenario performance (+9.8% AUROC), while optical-flow-driven foveation provides the strongest improvements in holdout generalization (+4.3% AUROC). Additionally, fixed-center and motion-guided foveation more closely resemble human behavior compared to the baseline. These results indicate that reducing peripheral information and guiding foveation toward task-relevant regions can improve physical reasoning, supporting the hypothesis that human-like visual constraints provide computational advantages for dynamic physical predictions.",artificial intelligence / machine learning,computational cognitive science / cognitive modeling
Extended_Abstracts,266,pending,A new code for position: flat neural maps in mouse medial frontal cortex,"Spatial navigation requires both direct representations of location and abstract representations of relational structure that enable extrapolation from explored to unexplored regions of space. Hippocampal place cells in mice encode the animal's position, but a localized code does not support extrapolation. Here we identify a novel neural code for position in the mouse medial frontal cortex that has the geometrical properties of a flat map in neural space, and, hence, supports extrapolation. We performed calcium imaging of excitatory neurons in medial frontal cortex, hippocampal dorsal CA1, and lateral orbitofrontal cortex as mice explored a square arena with salient corner landmarks. Position could be decoded from both medial frontal cortex and CA1 populations. In medial frontal cortex, linear decoders trained to predict horizontal or vertical nose position in one half of the arena generalized to the other half (extrapolation), indicating that the two coordinates of the animal's position are represented in a disentangled manner. In contrast, CA1 representations showed markedly reduced extrapolation. At the single-cell level, medial frontal neurons exhibited elongated, broad spatial fields as well as axis-aligned ramps – where activity ramps along one spatial direction while remaining invariant along the orthogonal direction. Our results provide evidence for a low-dimensional, map-like representation in the mouse frontal cortex that supports extrapolation, preserves distances, and allows for planning.",experimental neuroscience (systems / cognitive),theoretical / computational neuroscience
Extended_Abstracts,267,pending,Mid-level Motion Statistics as a Model for Dynamic Visual Perception in the Lateral Stream,"The lateral visual stream supports dynamic social perception. While motion energy models have successfully characterized neural representations in early and mid-level motion-sensitive visual regions, interpretable computational models for higher-level lateral stream areas are still lacking. Here, we present an image-computable model, derived from first principles, to characterize social motion responses across the lateral stream. We derive second-order motion features inspired by work in static textures to construct mid-level motion statistics. Visualizations revealed that these features captured meaningful visual patterns, such as periodicity, curved contours, and biological motion. We next fit this model to existing fMRI data from participants viewing short social video clips, and found that second-order motion features explained significantly more variance in mid- and high-level lateral regions (e.g., EBA, pSTS) than first-order motion energy features. These findings suggest that second-order motion statistics derived from first-principles in computational neuroscience can capture complex motion information, analogous to their static image counterparts, and may support social perception along the lateral stream.",theoretical / computational neuroscience,experimental neuroscience (systems / cognitive)
Extended_Abstracts,268,pending,Graded Representation of Feature Salience in Neural Feature Dimension Maps,"Visual attention is automatically directed to salient stimuli, such as a suddenly moving dog. This is reflected within  'feature dimension maps', which prioritize specific locations based on factors such as feature-specific image salience (motion map would prioritize moving dog). High-priority locations are more likely to be selected by attention for further processing than low-priority locations. Even though previous work identified retinotopic regions of cortex that preferentially respond to feature-defined salient stimuli (color or motion), consistent with neural correlates of feature dimension maps, it is unclear if these regions compute the relative level of salience across contrasts. Here, we tested if neural feature dimension maps, as measured using image reconstruction techniques with fMRI, contain graded salience representations by presenting displays where a location was made salient by adjusting either the color or motion stimulus contrast. Neural feature dimension maps tracked relative stimulus salience in a manner consistent with feature preferences. Furthermore, salient motion and color had different neural response profiles, where color contrast was represented monotonically and motion was represented non-monotonically. These results indicate that computations of salience occur within specialized cortical areas, informing models of visual attention by characterizing where feature salience is neurally represented.",computational cognitive science / cognitive modeling,psychological / behavioral research+theoretical / computational neuroscience+experimental neuroscience (systems / cognitive)
Extended_Abstracts,269,pending,Interleaved Learning Blurs Both Direct and Indirect Associative Memory,"Memory theorists have debated to what extent and under what conditions memories of distinct experiences become integrated. Further, when integration does occur, theories differ as to whether this integration comes at the expense of fidelity of the memories for the individual experiences. Prior work has found that interleaved learning of object pairs (AB and BC) leads to integrated representations of distinct items (A and C) akin to those of a conventional neural network model exposed to information in interleaved order. Such a model would also predict a relatively low fidelity representation of the constituent individual memories relative to a model specialized for episodic encoding. Here we sought to replicate the prior finding and test whether constituent memories do show this blurring under conditions in which episodic retrieval is unlikely, using a paradigm where memory for perceptual details of the direct memories can be easily assessed. We found that interleaved learning indeed led to integrated representations, as measured by false alarms in recognition memory to indirectly associated item pairs (AC). We also found that interleaved learning led to impaired recognition of the details of the AB and BC direct associates. These findings support the idea that simple neural network models provide a useful account of certain kinds of memory formation under conditions of interleaved learning.",psychological / behavioral research,computational cognitive science / cognitive modeling
Extended_Abstracts,270,pending,Representational dynamics in inferotemporal cortex depend on image manifold scale,"Understanding how natural images are represented in IT cortex has long been a central goal of visual neuroscience, with work increasingly focused on uncovering the principles that govern their extended temporal dynamics. Given views of cortical tuning as a structured map of image space, one source of insight into a region’s dynamics may lie in the image manifold itself: probes with broadly sampled image sets emphasize global structure, whereas preferred image subsets concentrate on local sectors of image space. Using time-resolved macaque electrophysiology from the Triple-N dataset, we compared representational geometry across global and local manifold scales in 35 functionally distinct patches of IT cortex. At global scale, IT representations evolved smoothly over time. In contrast, local-scale geometry showed sharper temporal reconfiguration ~100–250 msec after image onset. Our results suggest that IT subregions have relatively stable and smooth tuning in global image space, whereas the local image code shows structured and often dramatic reconfiguration over time.",experimental neuroscience (systems / cognitive),computational cognitive science / cognitive modeling
Extended_Abstracts,271,pending,Multimodal Scaling Laws for Task & Data-Optimized Models of Visual Cortex,"Task-optimized deep neural networks are the current leading models of visual cortex, but how to build more predictive models remains unclear. 
We here ask to what extent model-brain alignment is driven by 
i) scaling generic visual pretraining, 
ii) fine-tuning with neural supervision, and 
iii) improving the final mapping from model features to neural responses. 
We analyze these three levers in a unified pipeline across 600+ vision models trained under controlled conditions, and eight public datasets spanning macaque electrophysiology and human fMRI, EEG, and MEG. 
Across modalities, scaling pretraining compute and data reliably improve alignment, but gains saturate. 
In contrast, hybrid task+neural fine-tuning yields consistent improvements that generalize across modalities. 
The strongest within-dataset gains arise from the mapping stage: increasing the number of paired stimulus--response samples to fit the readout yields robust, near log-linear improvements. 
Finally, we introduce a subject-shared attention-based readout that matches or exceeds standard per-subject linear probes while using an order of magnitude fewer parameters. 
Together, these results suggest that progress in modeling the brain will likely come from targeted neural supervision, richer multi-subject mappings, and larger neural datasets.",artificial intelligence / machine learning,theoretical / computational neuroscience
Extended_Abstracts,272,pending,A thalamocortical RNN architecture for flexible and robust motor sequencing,"The ability to learn an extendable library of motor motifs that can be flexibly strung together without rehearsing transitions between motifs is a hallmark of biological motor control, as exemplified by phoneme production during speech. Motor cortical regions are thought to rely on preparation and trigger mechanisms for this process, but how such mechanisms might be used in machine learning models remains unclear. Here, we show that standard RNNs cannot robustly learn transitions between motifs drawn from an extendable library. Although many parameter-segregated architectures support continual learning of motifs without interference, we find that these simple architectures are not robust to motif transitions. We then show that a transition module inspired by neural preparatory and trigger mechanisms enables networks to transition robustly between motor motifs.",theoretical / computational neuroscience,artificial intelligence / machine learning
Extended_Abstracts,273,pending,Learning what matters: Discovering reward-indicative dimensions from naturalistic objects,"In the naturalistic environment, how do humans discover which properties of naturalistic objects predict reward? Objects possess structure across dozens of dimensions simultaneously, and which dimensions matter for reward is unknown to the learner. We introduce an object collection paradigm using stimuli from the THINGS dataset, where reward is determined by a single latent dimension that participants must infer through trial-and-error feedback. Pilot data ($N$=12) demonstrate that humans successfully discover reward-indicative dimensions in this high-dimensional space: we observe progressive improvement in decision value, increasing sensitivity to the reward dimension, and successful generalization to novel objects during a post-learning arrangement task. Preliminary evidence suggests that a dimension's contribution to the global similarity structure modulates learning efficiency. These findings provide initial behavioural evidence that humans can extract task-relevant structure from naturalistic object representations and use it to guide future decisions.",psychological / behavioral research,computational cognitive science / cognitive modeling
Extended_Abstracts,274,pending,Neural coding of complex behavior in humans: from widespread engagement to microtask tuning,"Complex human behavior, such as driving a car, involves flexible sequencing of many brief tasks in order to achieve a goal. Much previous research has studied isolated tasks; however, how the brain combines these ""microtasks"", controls their sequence, and integrates them into longer goal-directed behaviors remains unknown. Here, we report single-neuron recordings from human subjects engaged in a naturalistic, goal-directed behavior: driving a simulated car. We found that across 7 brain areas, 71\% of neurons are modulated by this activity, with distinct subsets tuned to specific behavioral events and track locations. Neural dynamics span from sub-second bursts to minute-long ramps. Clustering of neuronal tuning profiles revealed consistent neural response patterns across subjects and brain regions. In conclusion, a complex behavior like driving engages widely distributed neural populations with interpretable, structured activity across multiple timescales. These observations pave the way for human single-neuron recording to test specific circuit models for how the brain controls goal-directed behaviors.",experimental neuroscience (systems / cognitive),computational cognitive science / cognitive modeling+psychological / behavioral research+theoretical / computational neuroscience
Extended_Abstracts,275,pending,Learning Language by Listening: A Computational Learnability Account,"Humans learn language from continuous speech, yet most large language models learn from pre-tokenized text and therefore bypass the problem of extracting linguistic structure from raw acoustic input. We present AuriStream Multi-Token Prediction, a fully textless self-supervised model trained to predict future acoustic inputs from continuous speech. By systematically varying the model’s prediction horizon (5–400 ms), we ask what timescale of prediction over continuous speech bootstraps linguistic structure.  In these models, lexical abilities (word knowledge) are strongest at intermediate horizons around 200 ms, whereas lower-level acoustic abilities such as pitch are not. These results identify a privileged temporal scale of prediction as a key pressure for learning words from speech and position AuriStream as a perceptually grounded model system for studying the emergence of language from continuous input.",computational cognitive science / cognitive modeling,artificial intelligence / machine learning
Extended_Abstracts,276,pending,Long-lasting working memory emerges from the dynamics of hierarchical neural assemblies,"Working memory is essential to many cognitive functions and requires a persistent neural signal that can maintain information over time. Classical models associate memory persistence with fixed firing rates (e.g., Hopfield 1982, Amit and Brunel 1997, Rmasauer et al. 2020) in discrepancy with the dynamic nature of cortical activity (Romo et al. 1999, Stokes et al. 2013, Murray 2017, Buschman and Miller 2022, Pereira-Obilinovic et al. 2023). Alternative frameworks propose that working memory is maintained through trajectories of population activity (Laje and Buonomano 2013, Rajan et al. 2016, Schuecker et al. 2018). However, these models often lack clear mechanisms for information readout, and achieving long memory timescales requires training (Barak et al. 2013, Cueva et al. 2020, Masset et al. 2025).

Here, we show that neural circuits with clustered connectivity, where neurons are organized into assemblies with strong intra-assembly connections, naturally generate long intrinsic timescales that support working memory without the need for parameter tuning. We demonstrate that neural assemblies can store transient inputs within their baseline population activity, which enables reliable decoding long after the input has ceased. This architecture allows individual neurons to remain dynamic and responsive, permitting persistent memory signals to coexist with complex, time-varying activity. 

We further examine how information propagates through circuits with progressively stronger clustering. We find that memory can be transferred across such a chain, remaining decodable in downstream circuits long after it is no longer accessible in the initially stimulated neurons.

This architecture supports temporal filtering, robustness to noise, and sensitivity to new inputs, while preserving memory over long timescales. Because clustered assemblies are common in cortical organization, our results suggest that working memory is an inherent property of cortical circuits. Together, these findings provide a circuit-level mechanism for working memory that reconciles persistence, dynamic activity, and efficient readout within a biologically plausible architecture.",computational cognitive science / cognitive modeling,theoretical / computational neuroscience
Extended_Abstracts,277,pending,Interpretable Language-Model Encoding of Voxel-Level Tuning During Language Comprehension,"What are the fine-grained neural population response profiles that support language comprehension? Using a high-field 7T fMRI dataset from eight participants listening to spoken sentences, we leverage recent advances in mechanistic interpretability to develop encoding models that explain a voxel's response by linear combinations of interpretable, small feature sets. Our contributions are three-fold: (1) we recover a known dissociation between neural populations tuned to predictability and those tuned to content, and further show that content-tuned populations are organized into distinct (and interpretable) abstract and concrete subspaces, (2) we identify reliable voxel populations whose feature tuning does not generalize strongly across participants, revealing participant-specific structure, and (3) show that the fronto-temporal language network regions are explained by predictability and content, with some differences among regions. Together, these results provide a framework for studying and interpreting how linguistic information is organized within and across individual brains.",theoretical / computational neuroscience,artificial intelligence / machine learning
Extended_Abstracts,278,pending,From Single Neurons to Networks: Fundamental Trade-Offs in Information Processing Systems with Limited Resources,"The human brain operates under resource constraints, requiring trade-offs between competing goals. Recent work suggests that large-scale cortical organization spans a Pareto front balancing energetic efficiency, external responsiveness, and internally directed processing and memory. However, the origin of these specific trade-offs remains unclear. Here, we investigate their emergence in neural systems across scales. Recurrent neural networks trained under a triadic objective converge to a low-dimensional manifold with interpretable axes. We show that this structure is captured by input-driven Hopfield networks, where recurrent and feedforward coupling define a Pareto-optimal trade-off between memory and responsiveness. Finally, we demonstrate that the same trade-off arises in a single nonlinear unit, reflecting low-dimensional dynamics balancing internal stability and external drive. These results suggest that memory, responsiveness, and efficiency reflect general constraints on neural computation, providing a mechanistic account of Pareto-optimal organization in brain networks.",theoretical / computational neuroscience,computational cognitive science / cognitive modeling
Extended_Abstracts,279,pending,Learning a Max-Entropy Diffusion Model for Visual Textures,"Visual textures, defined as spatially homogeneous image regions  containing repeated elements (e.g. a field of grass or the bark of a tree), are  prevalent in visual scenes and provide important cues for recognizing materials and objects. Existing texture models extract essential features from a single texture image, and can then generate high-quality samples that are visually similar to the original. However, their features are either hand-designed or based on a network pretrained for another purpose (e.g., object recognition). We develop a novel principled method for unsupervised learning of a set of statistics that are used to constrain a maximum entropy density model for the texture. We use training and sampling procedures derived from generative diffusion models. Our trained model is more compact (512 features), but generates texture images whose quality is as good as, and often better than, previous methods. We also demonstrate qualitative convexity of the representation space by generating samples that interpolate between two given textures.",artificial intelligence / machine learning,theoretical / computational neuroscience
Extended_Abstracts,280,pending,Encodings of multimodal conversational behavior predict trait impressions,"Stylized mannerisms during social interaction make people's personalities visible to others. However, the dynamic, fine-grained, and multimodal nature of these signals makes quantifying their role in shaping trait impressions difficult to determine. We present an approach for decomposing multimodal social signals—dynamic facial expression, body gesture, vocal prosody, and speech semantics—into translation-invariant encodings of conversational style using the wavelet scattering algorithm. From audiovisual recordings of in-person group conversations (N=120), we extracted multivariate time series for each modality and decomposed them into scattering coefficients weighted by inter-participant discriminability. Using representational similarity analysis (RSA), we found that people with more similar expressive styles were rated as having more similar personalities on the Big-5 Personality Index (BFI), with different modalities contributing differently to each dimension. These results lay groundwork for understanding how the brain exploits statistical regularities in social signals to derive stable personality representations.",psychological / behavioral research,computational cognitive science / cognitive modeling
Extended_Abstracts,281,pending,Neural attractor dynamics predict relapse after rapid pharamacological perturbation of mood in difficult-to-treat depression,"Over half of individuals with major depressive disorder develop difficult-to-treat depression (DTD). Although subanaesthetic ketamine produces rapid antidepressant effects, relapse is common; predicting relapse may enable timely intervention. We propose that depression arises from a pathologically stable neural attractor state. Here, ketamine acts as a controlled perturbation that destabilizes this attractor; we hypothesized that larger perturbations may yield more durable antidepressant responses. In a randomized, double-blind, cross-over pilot study, adults with DTD (N=22) received single doses of intravenous ketamine and midazolam. Resting-state EEG, depression and anhedonia measures were collected. We applied recurrence quantification analysis to source-localized EEG to measure changes in dynamical features indexing attractor stability. Exponential curves were numerically fitted to depression scores post-infusion, placing individuals along a continuum from deterministic to stochastic relapse patterns. Greater post-infusion neural destabilization predicted lower depression severity two weeks later only in individuals with a deterministic relapse trajectory. Furthermore, post-infusion improvements in anhedonia predicted both deterministic relapse trajectory and associated neural de-stabilization. Together, these findings support a dynamical systems account of DTD while highlighting neural attractor de-stabilization as a potential biomarker of antidepressant durability in ""endogenous"" forms of depression.",experimental neuroscience (systems / cognitive),psychological / behavioral research+theoretical / computational neuroscience
Extended_Abstracts,282,pending,Deafness and Sign Language Experience Uniquely Shift Visual Category Representations,"The human visual cortex is shaped by experience, but the degree of its adaptability remains uncertain. We investigated how sustained reliance on visual communication, particularly attention to faces and hands in sign language, alters cortical organization in deaf signers, hearing expert signers, and non-signing controls. Using functional MRI and a visual category localizer, we quantified the cortical surface area devoted to processing hands, faces, and places. We find that both deaf and hearing signers show significant expansions in hand representations relative to controls, with distinct spatial distributions across groups. Importantly, we find no change to the size of face-selective regions, suggesting that greater demands on hand processing do not seem to compete with face representations among sign language users. Deaf signers additionally exhibited changes in hemispheric organization on the lateral surface, including reduced rightward lateralization for face processing, and increased rightward bias for place representations. Together, these findings indicate that cortical organization remains adaptable, with experience reshaping visual maps to meet changing demands, likely through competitive interactions that adjust functional boundaries.",experimental neuroscience (systems / cognitive),computational cognitive science / cognitive modeling+psychological / behavioral research+experimental neuroscience (systems / cognitive)
Extended_Abstracts,283,pending,Interactions of Hippocampal Category Learning with Prior Knowledge,"There is increasing evidence that the hippocampus plays a central role in rapid novel category learning, where prior knowledge is unrelated to the new category structure. In natural settings, however, category learning often builds on rich, structured semantic spaces shaped by prior experience. Here we investigated how humans integrate new category information with existing knowledge during learning and provide a hypothesis for how the hippocampus builds from prior knowledge to support this integration. We created categories of known stimuli (e.g. daily foods) that were either congruent or incongruent with the similarity structure of their word embeddings. In simulations using a neural network model of the hippocampus, we demonstrated how different pathways within the hippocampus differentially benefit from congruence. Preliminary results from human behavior were consistent with the model’s account. Together, the work  advances our understanding of the neural computations that may support the interaction between prior knowledge and new learning.",computational cognitive science / cognitive modeling,artificial intelligence / machine learning
Extended_Abstracts,284,pending,A parametric guidance law model of hunting in mice,"Mice have poor vision, yet much of their food comes highly motile insects in the wild. While there has been much interest in hunting in mice, a basic description of hunting pursuit has not been made. Here we describe hunting pursuit as a parametric guidance law model, and relate this guidance law to multiunit brain activity. We found that of two common guidance laws, parallel navigation and proportional pursuit, parallel navigation best fits the behavior. How a sight-limited animal implements such a strategy necessitated an investigation into how behavioral variables relevant to hunting were represented in the brain. We investigated the superior (SC) due to its dual role as sensory and motor region. We found rich representations of the hunt in SC through multilayer Neuropixel probe recordings. Linear decoding yielded accurate reconstructions of such variables as distance, ground speed and turning speed in a state-dependent manner. These results indicate SC as a promising avenue for understanding complex and naturalistic sensorimotor behaviors such as hunting, and that there are state-dependent representational shifts in SC.",experimental neuroscience (systems / cognitive),
Extended_Abstracts,285,pending,Unlearnability of Symmetry-based Visual Relations by Deep Neural Networks,"Relational reasoning, a fundamental ability of the human mind, remains an important challenge for visual deep neural network (DNN) systems. In this work, we present a new set of visual relational reasoning tasks with varying levels of relational complexity and show that, for a series of convolutional neural networks and vision transformers, a third-order relational task is not learnable---in the sense that extensive hyperparameter search and model training do not yield in-distribution above-chance performance on the test set. Our results highlight the limitations of current visual DNN architectures and suggest a path towards developing reliable methods to discriminate between human and visual DNN system responses.",computational cognitive science / cognitive modeling,artificial intelligence / machine learning
Extended_Abstracts,286,pending,Characterizing Temporal Dynamics of Sleep as a Function of Heart Rate Variability: A Digital Mental Health Approach,"Sleep disruptions are a well-known phenotype of mental illness, often precipitated by daily life stress and cardiovascular changes. Yet, the mechanisms that underlie this association are poorly understood, due to limitations the time-limited window in which physiological measures are captured in the lab (e.g., electrocardiogram, polysomnography). Here, we leverage passive wearable technology (Oura ring) to continuously sleep and heart rate in 49 participants (as a part of a larger pharmacology lab study). We characterize the various sleep metrics after a 7-day period after a stress night (quantified as low HRV thresholded by a spline function) and observe that post-stress nights are associated with decreased sleep efficiency and decreased deep sleep. Our results suggest that stress (quantifed as low nightly hrv) primarily affects sleep quality, providing novel insight into the impact of daily stress on the temporal dynamics of real-world sleep biometrics.",psychological / behavioral research,computational cognitive science / cognitive modeling
Extended_Abstracts,287,pending,Selective attention modulates the flow of information between visual- and lexical-semantic networks in the human brain,"Goal-directed behavior relies on the ability to selectively prioritize relevant streams of information. For example, when communicating about the visual world, both visual and lexical information are relevant, whereas during introspection, only lexical information is relevant. Given the brain flexibly supports both these behaviors, we hypothesized that selective attention acts as a gating mechanism, controlling the information flow between visual and lexical functional networks. To assess this, we designed a functional MRI (fMRI) experiment in which eight participants watched compilations of movie clips while either describing the content of the movies (attend-external), or while ignoring the movies and describing the content of their thoughts (attend-internal). Visual and lexical features were extracted from the movies and the participant’s speech, and these features were used to fit voxelwise encoding models to the fMRI data separately for each attention condition and for every participant. The prediction accuracy of the semantic models revealed that task demands dramatically affected the interaction between cortical visual- and lexical-semantic networks. In both conditions, regions in anterior visual cortex were well predicted by the visual-semantic models, and regions in higher-order association cortex were well predicted by the lexical-semantic models. When participants described the movies (attend-external), both semantic models predicted activity in regions that border both networks. However, when participants ignored the movies and described their thoughts (attend-internal), these border regions represented one or the other modality, but not both. These results suggest that attention flexibly modulates the flow of information between functional brain networks in service of behavioral goals.",experimental neuroscience (systems / cognitive),psychological / behavioral research
Extended_Abstracts,288,pending,Towards Modeling Recurrence in Biological Vision with Recurrent Vision Transformers,"Creating performant computational models of biological visual perception which are capable of capturing properties of recurrence is a long-standing challenge and central to investigating observed experimental phenomena. Vision transformers offer a flexible framework in which a fixed embedding dimension naturally supports recurrence, enabling recurrent application of a single layer with fixed weights rather than the typical feedforward stack of distinct layers. However, it is not well understood how such recurrent models perform for computer vision tasks and their relative brain similarity. In this work, we find that recurrent vision transformers can match performance of non-recurrent counterparts, despite having an order of magnitude fewer parameters. Furthermore, we find that recurrent vision transformers have qualitative differences in their brain similarity as compared to non-recurrent versions, which suggests differences in the functional computation of these networks.",theoretical / computational neuroscience,artificial intelligence / machine learning
Extended_Abstracts,289,pending,Mixed effects modeling of belief updating: The importance of separating evidence evaluation from memory reconstruction,"Belief updating is often modeled as a direct transformation from prior to posterior belief, but such accounts obscure intermediate processes linking evaluation, memory, and final judgment. Different research traditions have identified key components of belief updating, such as cue-based evaluation, misinformation persistence, and reconstructive memory, yet these are typically studied in separate paradigms with partially overlapping measures. The present study introduces a stage-sensitive behavioral framework that measures baseline belief, evidence evaluation, memory for prior belief, and later belief within a single task. Using mixed-effects models, we construct an evaluation-derived update signal (evidential shift) capturing the discrepancy between baseline belief and the belief implied by evidence evaluation. This signal predicts both memory distortion (b = .168, t = 5.64, p < .001) and belief change (b = .124, t = 6.83, p < .001), with belief change largely mediated by reconstructed memory (b = .773, t = 42.63, p < .001). These findings demonstrate how intermediate representations propagate across stages and provide a framework for jointly modeling evaluation and retrieval processes in belief updating.",psychological / behavioral research,computational cognitive science / cognitive modeling+psychological / behavioral research
Extended_Abstracts,290,pending,How losses change the way we search: valence effects on generalization-guided exploration,"Gaussian Process (GP) regression models capture how individuals balance exploration and exploitation by generalizing from rewarding experiences to guide search. However, it remains unclear whether people generalize similarly from losses, and how the presence of losses might alter exploration strategy. Across two pilot studies, participants completed 24 blocks (8 per valence) of a valenced spatially correlated bandit task. Reward values were either all positive, all negative, or mixed, with valence manipulated within subjects across blocks. Distances between sequential clicks were greater in negative and mixed conditions than positive and local search was less frequent. These effects replicated across studies and were not associated with differences in performance, suggesting the framing of losses alters the spatial structure of search rather than its breadth or effectiveness. Preliminary modelling extends GP-UCB models to investigate whether the observed behavioural differences are better explained by asymmetric weighting of negative versus positive outcomes, or by shifts in the prior mean over expected rewards, whereby people hold more optimistic expectations for unobserved options in loss environments.",psychological / behavioral research,computational cognitive science / cognitive modeling
Extended_Abstracts,291,pending,Understanding explicit sensorimotor learning as a process of hypothesis testing,"Multiple learning processes contribute to successful goal-directed actions under changing physiological states and environmental demands. Amongst these, explicit strategies are essential, rapidly recalibrating our movements to achieve precise, accurate performance. Yet how explicit strategies are discovered during sensorimotor adaptation remain unknown. To answer this question, we developed a behavioral paradigm that isolates strategy discovery in response to a visuomotor rotation. Rather than exhibiting a smooth, gradual learning curve, behavior was characterized by extensive, multimodal exploration that culminated in an “aha” moment, as participants converged on the solution. To account for these findings, we propose a mechanism in which strategy discovery emerges through the generation and testing of discrete action–outcome hypotheses. This “Hypothesis Testing” model captures a broad range of unexplained phenomena in the literature and outperforms alternative computational accounts. Together, these results define a new computational mechanism by which humans discover effective strategies during sensorimotor learning.",psychological / behavioral research,computational cognitive science / cognitive modeling+experimental neuroscience (systems / cognitive)
Extended_Abstracts,292,pending,A Fundamental Tradeoff between Computational Flexibility and Spiking Variability in Recurrent Neural Networks,"Neural responses are notoriously variable: when the brain is presented with identical stimuli or generates stereotyped movements, the underlying neural activity can differ substantially across repeated trials. This trial-to-trial “spiking noise” shapes how we design experiments, how we analyze neural data, and how we interpret neural codes. Despite spiking noise being a critical aspect of neural data, we lack a circuit-level understanding of how it arises and what constraints it imposes on neural computation. Building on recent theoretical work, we hypothesize that spiking noise emerges as a consequence of a neural circuit learning to perform many computations, reflecting a fundamental tradeoff between flexibility and noise. By training spiking neural networks (SNNs) to perform a variety of pattern generation tasks, we demonstrate such a tradeoff, providing a new perspective on an incompletely understood but ubiquitous property of neurons.",theoretical / computational neuroscience,computational cognitive science / cognitive modeling
Extended_Abstracts,293,pending,Spatial Structure Facilitates Category Learning through Structured Representations,"The spatial organization in which objects are learned may influence how they are later categorized. Participants first learned object-location associations in grid configurations with either a structured one-dimensional (1D) layout or an Interdigitated (pseudorandom) layout, and then categorized the same objects in a subsequent task containing no spatial information. Categorization was more accurate following learning in the structured 1D configuration, suggesting that spatial structure facilitates subsequent category learning.
To account for this effect, we trained neural networks to learn object embeddings during the object-location association task and subsequently use those embeddings for categorization. In a rich learning regime (small embedding weights), representations preserved spatial structure, resulting in lower loss for 1D relative to Interdigitated conditions. In contrast, a lazy regime (large embedding weights) produced less structured representations and no difference between conditions.
These results suggest that spatial structure shapes the geometry of learned representations, facilitating category learning. This framework generates testable predictions for ongoing fMRI work examining whether similar structure is reflected in neural representations during learning.",computational cognitive science / cognitive modeling,artificial intelligence / machine learning+psychological / behavioral research
Extended_Abstracts,294,pending,Emergent Demand-Driven Precision in Neural Networks Optimized for Multiple Object Tracking,"Humans can reliably track multiple objects moving among visually identical distractors, a task known as multiple object tracking (MOT). This suggests that the brain continually updates estimates of the locations of the tracked objects. However, neither real-world tracking nor the MOT task requires precise location estimates throughout, only correct identification of targets at the end. Previous work has found that tracking precision in the MOT task is dynamically modulated by task demands, such as the distance between a target and its nearest distractor. To better understand the underlying computations, we trained neural networks with two distinct objectives: a classification objective, which mirrors the actual requirement of MOT: to identify the targets correctly, and a regression objective, which drives the model to precisely predict the target locations. We found that classification models generalized more effectively to larger target sets than regression models. Furthermore, only classification models reproduced the demand-driven tracking precision observed in human behavior. These results suggest that demand-driven precision emerges when neural networks learn to keep track of the objects rather than their precise locations.",computational cognitive science / cognitive modeling,artificial intelligence / machine learning+psychological / behavioral research
Extended_Abstracts,295,pending,Neural Indices of Language Processing are Enhanced during Interactive Conversation,"Language is inherently social. However, neuroimaging studies typically assess language processing and social interaction from different perspectives, either focusing on fine-grained, hierarchical responses to the speech stimulus, or coarse-grained interpersonal metrics like inter-subject correlation, respectively. Here, we combine these strategies to better understand how conversational interaction (vs. passive listening) impacts language processing and speaker-listener neural synchrony. We recorded EEG from 11 pairs of ""interactors"" having conversations and 11 respective ""observers"" listening to recorded pairs. Based on forward encoding models predicting EEG activity from the speech stimulus during listening, interactors tracked higher-level, semantic features of speech more strongly than observers, but we found no difference for lower-level acoustic features. Our current measures of neural synchrony show minimal differences  by listener role, but ongoing analyses investigate additional metrics of synchrony and their relation to speech feature tracking.",experimental neuroscience (systems / cognitive),computational cognitive science / cognitive modeling+psychological / behavioral research
Extended_Abstracts,296,pending,Evaluating spatial perception in humans and machines,"Humans perceive spatial structure in the environment. This ability supports a range of downstream behaviours---from navigation to memory retrieval---and is thought to rely on a network of 'scene-selective' cortical structures. Feedforward deep learning models are often thought to provide a suitable approximation of this perceptual ability. This human-model correspondence, however, has largely been evaluated in classification settings. Here we develop a novel behavioural assay which reveals a substantial gap between these vision models and human spatial perception. We procedurally generate a large set of scenes and format them into 'oddity' tasks: participants are presented with two viewpoints from one tabletop ($A$), along with an image from a different tabletop ($B$), and must identify the odd-one-out ($B$). Through a series of experiments, we find that humans substantially outperform state-of-the-art vision models on this benchmark, and that human reaction times scale linearly with task difficulty. These data highlight the temporal dynamics of spatial perception, challenging common assumptions about the feedforward underpinnings of this foundational human ability.",psychological / behavioral research,artificial intelligence / machine learning+computational cognitive science / cognitive modeling
Extended_Abstracts,297,pending,Representational Structure of Ordered Contexts,"Animals and humans adjust their behavior depending on the context, which is associated with a restructuring of neuronal population activity (representation) in the Prefrontal Cortex (PFC) and Hippocampus (HIPP). To efficiently switch between contexts, the brain must know how their representations are structured relative to one another.  Much has been studied about this representational structure using simplified context-dependent decision-making tasks. However, in the real world, contexts often share interesting relations. For example, a casual, a business-casual, and a business event (context) are ordered by their level of formality. Here, we specifically ask how the brain organizes such ordered contexts. We designed a categorization task, where the decision boundary (rule) is shifted to create three contexts. Human participants ($n=6$) and task-trained neural networks ($n=30$) exhibited behavioral shifts along this context space, also reflected in the networks' hidden layer activities. Accurate context-dependent readout of behavior required de-shifting representations to align them in context space. Overall, we show that neural networks can flexibly switch between ordered contexts by shifting their readouts along context space. Next steps involve validation of these neural predictions on human single-neuron recordings from the PFC and HIPP of neurosurgical patients performing the task.",theoretical / computational neuroscience,computational cognitive science / cognitive modeling+psychological / behavioral research+experimental neuroscience (systems / cognitive)
Extended_Abstracts,298,pending,Inferring the Role of Neuromodulators in Credit Assignment Using Recurrent Neural Networks,"How the brain assigns credit to individual neurons during learning 
remains a fundamental open question. Neuromodulators such as dopamine 
and noradrenaline are prime candidates for carrying learning signals, 
yet their diffuse release raises a key question: how do global signals 
generate selective plasticity at individual cells? One candidate 
mechanism is that heterogeneous G protein-coupled receptor (GPCR) 
expression transforms broadcast modulatory signals into distinct 
per-neuron feedback. However, because recurrent dynamics obscure the 
relationship between a neuron's activity and the feedback it receives, 
such receptivity has remained unobservable from population activity alone. 
Here, we develop a computational framework to infer neuron-specific 
neuromodulatory receptivity from trial-by-trial changes in recurrent 
population dynamics, and show that ground-truth receptivity can be 
accurately recovered even under nonlinearities and imperfect error 
estimates. Applied to calcium imaging data from motor cortex with 
paired MERFISH-derived GPCR profiles, this framework opens a path 
toward identifying which neuromodulators and their cognate receptor combinations determine how 
individual neurons learn.",theoretical / computational neuroscience,artificial intelligence / machine learning
Extended_Abstracts,299,pending,Estimating the generative model underlying stochastic processes drives auditory perception,"Making sense of noisy sensory information is challenging. The brain makes use of what it has learnt in the past to aid this process. The use of prior information in perception has been traditionally formalised within the Bayesian framework, which proposes that the brain estimates the generative model underlying sensory inputs to compute optimal prior beliefs on their latent causes. Correct priors yield posterior beliefs with lower uncertainty, potentially leading to faster and sharper perceptual decisions.
Previous work investigated the effect of priors in perceptual decision-making using tasks where the statistics of the generative model were either explicitly communicated to participants or held fixed across trials. In such settings, participants do not need to estimate the parameters of the generative model: they can rely on a fixed prior, bypassing the inference process that characterises perception in dynamically evolving environments.
Here we investigate whether participants can estimate and deploy internal models of an ambiguous environment during perception. We designed a stochastic auditory paradigm that requires estimating the parameters of the generative model underlying the data. The paradigm is an extension of the classical oddball, where regularly presented standards are sampled from a linear Gaussian dynamic process. Participants are instructed to detect the deviant tone, which is sampled from a process with a slightly different mean.
We recorded reaction times in participants responses and enquired whether they estimated the parameters of the generative model underlying the sampling of the standards. We used a Kalman filter to model optimal estimation of the generative model. Reaction times correlated closely with the optimal likelihood estimates derived from the Kalman filter, suggesting that participants learn the statistical structure of the sensory environment, exploit this knowledge to generate predictions, and respond with a speed that reveals surprise about the incoming stimulus.",computational cognitive science / cognitive modeling,psychological / behavioral research+theoretical / computational neuroscience
Extended_Abstracts,300,pending,Origins of Category Selectivity: Natural Image Statistics Are Necessary but Not Sufficient,"How do category-selective responses arise in primate visual cortex? We used artificial neural networks to ask what conditions are necessary for category selectivity to emerge. We define three increasingly stringent measures of selectivity, the strictest of which isolates category information beyond low-level visual features. We compare untrained, self-supervised, and supervised ResNet-18 networks, with the latter two trained on Ecoset. By less stringent measures, all trained networks show more selectivity above untrained networks. By our strictest measure, primate ventral visual cortex contains clear category selectivity and supervised networks approach primate levels, but self-supervised networks show weaker selectivity, and random networks show none. To determine what drives the residual selectivity in self-supervised networks, we manipulated the training data in three ways. Removing a category from the training set eliminates residual selectivity, showing that experience with that category is necessary. Training on isolated objects stripped of their scene context significantly reduces residual selectivity, suggesting that scene structure contributes to the category signal. Training on grayscale images does not reduce selectivity. These results show that natural image statistics give rise to partial category selectivity without supervision, but closing the gap to primate levels requires a category-level learning signal.",theoretical / computational neuroscience,artificial intelligence / machine learning+theoretical / computational neuroscience
Extended_Abstracts,301,pending,Deep reinforcement learning predicts neural algorithms and geometry underlying human risky choices,"We used deep reinforcement learning (RL) agents to predict behavioral strategies and underlying neural population geometries during a risky decision-making task. We demonstrate that deep RL predicts neural algorithms and geometries underlying human behavior, suggesting shared low-dimensional representations support adaptive decision-making under uncertainty.",computational cognitive science / cognitive modeling,artificial intelligence / machine learning+psychological / behavioral research+experimental neuroscience (systems / cognitive)
Extended_Abstracts,302,pending,Attentional Alignment in Abstract Reasoning across Developing Minds and Machines,"Abstract reasoning is fundamental to human intelligence and develops through a shift from surface-based responding to relational reasoning. For example, on problems like ""$\blacklozenge \bullet \bullet \blacklozenge \blacktriangle \blacksquare \blacksquare ?$"" young children tend to duplicate the last term, responding $\blacksquare$, whereas older children use relational reasoning and respond $\blacktriangle$. Based on eye-tracking studies we see not only a shift in behavior, but also a shift in children's attention, where duplicators focus on salient or recent elements, whereas relational reasoners focus more on positions diagnostic for the underlying rule. Recent work shows that large language models (LLMs) also shift from duplication to relational responding on abstract reasoning tasks over the course of their training. In this study, we investigate whether this is accompanied by a similar shift in attentional focus in LLMs. Eye-tracking data from duplicating children, relational reasoning children and adults on a simple abstract pattern completion task are compared to self-attention patterns in OLMo 3 Base 32B at pre- and post-shift checkpoints. This comparison tests whether the direction and shape of OLMo’s attentional change follows the human developmental trend and introduces a novel process-level method for relating human eye-movements to LLM attention weights.",psychological / behavioral research,artificial intelligence / machine learning+computational cognitive science / cognitive modeling+psychological / behavioral research
Extended_Abstracts,303,pending,Causal Multiscale Models of Temporally Resolved Auditory Processing in Human Cortex,"Most existing neuroconnectionist models of sound recognition assume access to the full spectrogram and predict a single class for the duration of the sound. However, human auditory processing is inherently online and causal, i.e., decisions about categories can only depend on past information and happen in real-time. To better align with these constraints, we propose a time-resolved multiscale convolutional recurrent neural network model of auditory cortex, explicitly designed to process acoustic information sequentially, generating temporally evolving predictions. We show that by processing the sound along multiple temporal scales, a design choice motivated by neuroanatomical evidence, the model can overcome performance limitations introduced by the causality constraint.",theoretical / computational neuroscience,artificial intelligence / machine learning
Extended_Abstracts,304,pending,From Empirical to Simulated Brains: Using Digital Twin Models to Identify Therapeutic Targets in MCI,"Brain stimulation techniques offer promising non-pharmacological interventions for improving cognitive function in mild cognitive impairment (MCI), yet optimal stimulation targets remain unclear. Here, we built a digital twin brain (DTB) model that integrates multimodal neuroimaging data to simulate individual brain dynamics and identify regions that promote recovery from MCI toward healthy states via virtual perturbation. We analyzed data from 30 MCI and 26 healthy participants by modeling regional dynamics with a Hopf oscillator coupled via structural connectivity, using probabilistic metastable substates (PMS) to capture functional dynamics, and optimizing the model to minimize discrepancies between simulated and empirical data. Systematic perturbation revealed that increasing excitability in default mode, memory-related, reward, and sensorimotor regions, and decreasing excitability in executive control, language, and sensory regions, shifted MCI brain dynamics toward healthy patterns. These findings provide causal insights into MCI neural mechanisms and may guide targeted brain stimulation therapies.",theoretical / computational neuroscience,artificial intelligence / machine learning+computational cognitive science / cognitive modeling+experimental neuroscience (systems / cognitive)
Extended_Abstracts,305,pending,A Minimal Model of Bounded Trade-Off Screening in Multi-Attribute Choice,"Human decision-making often involves choosing between multi-attribute alternatives, yet classical models assume fully compensatory utility aggregation despite evidence that people reject options with poor performance on critical attributes. We propose a bounded trade-off reasoning framework in which decisions are governed by a screening process that evaluates the balance between gains and losses across attributes. The model introduces a trade-off tolerance parameter that controls acceptable imbalance and can vary across contexts. Through simulation, we show that this mechanism produces preference patterns that differ from standard utility-based models and captures context-dependent variation in trade-off behavior. These results suggest that multi-attribute choice can be modeled as trade-off screening under bounded tolerance, providing a simple and cognitively interpretable account of non-compensatory behavior.",computational cognitive science / cognitive modeling,computational cognitive science / cognitive modeling
Extended_Abstracts,306,pending,A novel paradigm for examining social influences on neural representations guiding memory,"Social recall, or the act of using cues from others to aid memory retrieval, is known to influence individual memory. However, the factors determining the strength of this social influence and the mechanism behind its effect on memory remain poorly understood. In this work, we present a novel paradigm for characterizing how social interactions modulate the recognition of previously seen stimuli. Specifically, we operationalize social influence through partners whose memory judgments are either largely accurate or largely inaccurate. In doing so, we probe the influence of reliability on participant recall, and demonstrate that in pilot runs, participants are implicitly influenced by reliable partners. Moving forward, we also aim to examine single-neuron recordings and local field potentials from participants to determine the impact of social influence on neural representations of stimuli during memory retrieval.",psychological / behavioral research,computational cognitive science / cognitive modeling+experimental neuroscience (systems / cognitive)
Extended_Abstracts,307,pending,Shared and Distinct Neural Responses at Event Boundaries and Task Transitions,"Our mental lives are punctuated by transitions: we complete one chore and turn to the next, or we finish reading one chapter and begin the next. In what ways do our brains re-organize at such transitions? The two most studied forms of mental transitions — event segmentation and task-set switching — have been investigated independently. Here, we ask whether there are common neural processes operating at boundaries between narrative episodes and boundaries between goal-directed subtasks. We collected fMRI data from seven participants across three tasks: movie watching, word generation, and explanation generation. We observed boundary-locked BOLD increases in all three tasks both in the default mode network and in prefrontal regions. However, while the boundary-associated voxel patterns in default mode network regions generalized across all task pairs, the prefrontal boundary patterns were more task-selective. We conclude that the activity in the DMN likely reflects a context-updating process which is common to movie boundaries and subtask boundaries. Conversely, the more selective patterns in the PFC may track differences in control demands between movie viewing and active generation tasks.",experimental neuroscience (systems / cognitive),computational cognitive science / cognitive modeling+psychological / behavioral research
Extended_Abstracts,308,pending,Reading & Writing Visual Cortex: Sparse Autoencoders as a Semantic Interface to the Brain,"Deep vision models predict cortical responses to natural scenes with striking accuracy, yet their dense feature spaces remain opaque. Sparse autoencoders (SAEs) can factorize these features into interpretable concepts that support causal intervention: they can be modulated at inference time to *steer* the model and alter its outputs. Are these latent concept dimensions driving the alignment with the visual cortex? Do they map to semantically-relevant brain regions, and if so, can we leverage them to edit the representations encoded in brain activity? We investigate by composing an SAE dictionary learned from DINOv2 with ridge encoding weights fit to 7T fMRI (Natural Scenes Dataset), yielding a concept-by-vertex alignment matrix $\Phi$ mapping each of 10,000 SAE concepts to its spatial recruitment profile across the cortex. This single object ($\Phi$) supports three applications: (1) *interpretation*--cortical profiles reveal structured, retinotopically organized concept recruitment, with leverage scores ranking concepts by cortical impact; (2) *stimulus retrieval*--correlating measured fMRI with concept profiles retrieves semantically appropriate natural images (brain-side most-eliciting inputs); (3) *causal steering*--modulating concept activations via $\Phi$ and decoding through a diffusion model produces targeted semantic edits, demonstrating fine-grained compositional control of neural features. Our results suggest that AI concept directions are causally grounded in cortex representations, bridging mechanistic interpretability and neuroscience.",artificial intelligence / machine learning,theoretical / computational neuroscience
Extended_Abstracts,309,pending,Minds as machines: Evaluating utility and plausibility,"The metaphor of the mind as a machine has guided cognitive science, artificial intelligence, and computational neuroscience for decades. Critics argue that it is reductionist and fails to capture subjective experience (Brette, 2019; Chemero, 2013; Dreyfus, 1992; Hoel, 2021; Searle, 1980), while practitioners rely on it to construct predictive and testable models. This paper introduces a two-dimensional framework for evaluating computational models along the axes of instrumental usefulness and theoretical plausibility. The application of this framework is demonstrated through case studies of backpropagation and human memory to show that models can be highly effective despite limited biological realism, and conversely how phenomenological richness can resist formalization.",computational cognitive science / cognitive modeling,theoretical / computational neuroscience
Extended_Abstracts,310,pending,Do you see what I see?: Mobile eye-tracking in natural environments reveal similar social-visual inputs but different visual engagements in children and teens,"Face recognition and word reading improve during childhood and adolescence alongside increasing cortical selectivity for faces and words, while selectivity for hands decreases. These developments may be linked to changes in visual diet, yet no study has characterized the naturalistic visual diet of children and teenagers. For the first time, we use mobile eye-tracking to compare the visual diet and gaze behavior of children (4–6 yrs) and teenagers (14–17 yrs) in home and classroom environments. We find that the social-visual information available to both age groups is similar, but how they engage with it differs. Moreover, different contexts lead to different visual statistics and gaze behaviors, even within the same age group. Together, our findings suggest that despite similar visual input, children and teenagers fixate and interact with the world differently, with visual field biases continuing to develop into adolescence and social contexts shaping gaze behavior across development.",psychological / behavioral research,computational cognitive science / cognitive modeling+experimental neuroscience (systems / cognitive)
Extended_Abstracts,311,pending,Trading Generalization for Working Memory Capacity in Neural Network Representations,"Why can we hold so few items in mind at the same time? Recent theoretical work suggests this owes to a tradeoff between generalization and working memory capacity in representation learning systems. This approach provides a potential explanation for observations of capacity limits in both humans and artificial neural networks. In the present study, we seek to validate this theory by modeling behavior in the change detection task that is commonly used to evaluate human working memory capacity. Modeling is based on artificial neural networks that we evaluate in terms of the change detection task, their ability to generalize, and their representational structure. Applying various learning objectives during training allows us to probe the predicted tradeoff.
We show that generalization-optimized models develop structured representations that strongly limit working memory capacity. Models trained to avoid representational structure through orthogonal representations do not show these limitations but fail to generalize.
Finally, models that are optimized for high working memory capacity form orthogonal representations and also fail to generalize. Together, these findings provide evidence that one set of representations cannot serve both generalization and working memory capacity, further strengthening evidence for shared limitations in artificial and human cognition.",computational cognitive science / cognitive modeling,artificial intelligence / machine learning+psychological / behavioral research+theoretical / computational neuroscience
Extended_Abstracts,312,pending,The Architecture of Cortical Timing: From Local Clustering to Global Hierarchies,"Cortical circuits exhibit spontaneous activity characterized by a hierarchy of timescales that reflects the anatomical hierarchy of cortical regions (Murray et al., 2014). Such long-ranging intrinsic dynamics, which extend beyond the duration of typical sensory stimuli, are thought to facilitate the integration of information over multiple temporal scales. Stern et al. (2023) have shown that clustered network architectures can intrinsically generate heterogeneous timescales and support long temporal fluctuations when the local clustering of neurons is substantial. We propose that variations in clustering strength across cortical areas contribute to the observed hierarchy of intrinsic timescales. To test this, we model a feedforward chain of neural networks, each representing a local circuitry, endowed with neural assemblies (clusters). Within each local network, the clustering affects the autocorrelation of the local population activity, generating local timescales that are also transmitted downstream as temporally correlated (colored) input noise. We examine how the intra-areal structured activity is propagated and interacts with the downstream population, and under which conditions these interactions can give rise to a gradient of intrinsic timescales across the chain. Our analysis reveals that a hierarchy of intra-clustering strengths, corresponding to increased clustering in strength and size, is essential to reproduce the cortical gradient of intrinsic timescales. In contrast, stronger feedforward coupling reduces the diversity of timescales. Increased local gain beyond the necessary level for sustaining activity, or added uncorrelated noise, shortens timescales and hence also hinders the development of hierarchical timescales. Finally, analyses of neuronal activity recordings show that deeper cortical layers display stronger functional clustering and longer intrinsic timescales, consistent with our model’s predictions. Together, these results provide a framework linking local recurrent architecture with inter-areal connectivity to the emergence of hierarchical cortical timescales, offering insight into how transient stimuli are integrated and transformed into long neural trajectories needed for cognitive functions.",theoretical / computational neuroscience,artificial intelligence / machine learning
Extended_Abstracts,313,pending,Hierarchical Representational Transformations of Working Memory in Brains and Machines,"Working memory (WM) maintains past inputs while processing new ones, yet how representations transform between perceptual input and retrieved memory remains unclear. Here, we analyzed human 7T fMRI data from the Natural Scenes Dataset and activations from artificial neural networks (ANNs) performing a 1-back task. Using decoding, representational similarity, and subspace geometry analyses, we quantified the general, rotational, and non-rotational changes of representations between WM encoding and retrieval phases. We found a hierarchical trend of WM coding strategy in human brains: early and intermediate visual regions exhibited larger representational changes, whereas higher-order regions maintained more stable representations. ANNs optimized to perform the same task showed a similar gradient trend, with WM stability increases along model layers, independent of model architecture and visual encoder training objective. These results established hierarchical shifts between flexibility and stability in WM representations for both biological and artificial systems.",theoretical / computational neuroscience,artificial intelligence / machine learning+experimental neuroscience (systems / cognitive)
Extended_Abstracts,314,pending,Characterizing and modeling time-varying object percepts evoked by naturalistic video,"How do our brains continuously construct and update rich perceptual states from dynamic sensory input? While computational models can now explain how humans perceive objects in images, we lack an analogous understanding of how sensory history modulates object perception.  Here, we make two contributions: (1) a high-throughput online psychophysics paradigm that quantifies human perceptual states in continuously unfolding everyday scenes (0.1–15s), yielding highly reliable reports across 12 object categories and implying that observers build time-varying and persistent perceptual states that extend beyond what is currently visible; and (2) initial computational models combining frame-based vision encoders with transformer-based attentional pooling. Our results demonstrate that models that integrate high-level visual representations over time best account for human object perception across timescales of up to 15s.",psychological / behavioral research,artificial intelligence / machine learning+computational cognitive science / cognitive modeling
Extended_Abstracts,315,pending,Modularity maximization reveals network-level organization and synaptic localization,"The \emph{Drosophila} brain is compact, yet it is able to perform computations that integrate information from various sensory and other neuronal circuits to produce complex behaviors. The advent of connectome data now makes it possible to investigate the relationship between neural connectivity on a full brain scale and synaptic localization at a biophysically-relevant scale. We performed community detection on the network of presynaptic inputs to a target neuron and found that the neurons within a community cluster their synapses onto the dendrites of the target neuron. These results suggest that community detection at the network level can reveal nanoscale structure that has biophysical relevance for individual neurons, which may have implications for understanding dendritic processing and for inferring neuronal and circuit computations from the connectome.",theoretical / computational neuroscience,
Extended_Abstracts,316,pending,Uncovering Multi-Regional Inputs Using Input-Driven Switching Recurrent Neural Networks,"A central goal in neuroscience is to understand how neural dynamics give rise to flexible, context-dependent behavior. The brain functions as a nonlinear dynamical system, where neural population activity evolves along structured trajectories that vary across states. To understand these state-dependent transitions, it is crucial to identify not only the latent neural dynamics, but also the factors that modulate them. Previous models, such as recurrent neural networks and switching dynamical systems, have revealed latent dynamics linked to cognitive or behavioral states, but often neglect the external or internal inputs driving transitions. Input-driven models like LFADS and iLQR-VAE infer external inputs from neural recordings, yet they still treat neural dynamics as autonomous processes and do not explicitly model behaviorally relevant switching. To address this gap, we introduce Input-driven Switching Recurrent Neural Networks (iSRNNs), a framework that disentangles intrinsic dynamics from input-driven modulations. iSRNNs model baseline or resting-state dynamics with a base RNN and infer unobserved, time-varying inputs that trigger transitions into distinct, behaviorally relevant dynamical regimes. Applied to both simulated and real neural data from different species, i.e., macaques and marmosets, iSRNNs reconstruct observed activity, uncover behaviorally-relevant dynamic states, and identify interpretable inputs. Surprisingly, iSRNNs fit to primary motor cortex recordings successfully recover activity from premotor cortex. Together, we develop iSRNNs as a principled and interpretable framework for uncovering how input-driven computations enable flexible neural dynamics and cross-regional coordination.",theoretical / computational neuroscience,
Extended_Abstracts,317,pending,Reservoir Network Model of Asymmetric Acoustic Priming reveals Recurrent Dynamics in Auditory Brainstem,"Auditory scene analysis requires the segregation of concurrent sound sources, yet how subcortical circuits use acoustic context to facilitate this process remains poorly understood. Frequency following responses (FFRs) from 24 non-musician adults were recorded while they listened to sequences consisting of a solo instrument tone (guitar or piano) immediately followed by a combined guitar-and-piano tone. Guitar priming selectively enhanced stimulus-to-response correlations, while piano priming produced comparatively weaker modulation. To investigate the biological mechanisms underlying this asymmetry, we modeled this perceptual process as a leaky-integrator recurrently connected reservoir network. Sweeping the network's time constant ($\tau$) and spectral radius ($g$) revealed that a ($\tau$) value of approximately 70 ms and ($g$) value of 1.2 was required to reproduce the empirically observed priming asymmetry. This provides computational support for the hypothesis that brainstem processing is dynamic rather than passive stimulus encoding alone.",experimental neuroscience (systems / cognitive),artificial intelligence / machine learning+computational cognitive science / cognitive modeling+experimental neuroscience (systems / cognitive)
Extended_Abstracts,318,pending,Neural priority maps encode behavioral relevance independently across multiple attended locations,"Behavioral studies often demonstrate costs to dividing attention across multiple simultaneously relevant locations, yet it remains unclear whether these costs reflect degraded early sensory representations or limitations at later processing stages. Neural priority maps — retinotopically organized representations of stimulus salience and behavioral relevance — provide an ideal substrate for investigating this question. If relevance signals are capacity-limited, map activation should scale inversely with the number of attended locations; if relevance is encoded independently, activation should remain equivalent regardless of how many locations are concurrently task-relevant. We measured fMRI BOLD responses while participants performed a selective attention task at fixation, one cued location, or two simultaneously cued locations, with stimulus salience equated across conditions. Using spatial IEMs across retinotopic cortex, relevance-related map activation was statistically equivalent for one versus two attended locations across all regions and stimulus contrasts — indicating that task relevance is encoded categorically: once a location is designated as behaviorally relevant, it receives equivalent attentional enhancement regardless of whether another location is simultaneously selected.",experimental neuroscience (systems / cognitive),computational cognitive science / cognitive modeling+psychological / behavioral research+theoretical / computational neuroscience
Extended_Abstracts,319,pending,Predicting Sound Detection in Auditory Scenes Using Task-Optimized Neural Networks,"Detecting sounds that occur in the world is a fundamental task for our auditory system. Much is known about what limits detection of sounds in stationary noise. However, the factors that constrain detection of sounds in everyday scenes remain poorly understood. The combinatorial complexity of natural scenes makes exhaustive behavioral investigation impractical, motivating the use of computational models to generate hypotheses and targeted predictions. Here, we ask whether artificial neural network (ANN) representations optimized for environmental sound recognition predict human detection of individual sources within multi-source scenes. We randomly generated scenes in which the ANN model and a baseline spectrotemporal filter model made divergent predictions about which sources were most and least detectable, and tested these predictions against human behavioral performance. Human listeners showed the highest detection accuracy for sources predicted to be most detectable by the ANN model and the lowest accuracy for sources it predicted to be least detectable. By contrast, the spectrotemporal baseline model was not predictive of human performance. These findings suggest that representations optimized for sound recognition capture information relevant to human sound detection that is not available in traditional auditory models, and point to recognition-optimized models as a promising framework for studying auditory detection and salience.",computational cognitive science / cognitive modeling,psychological / behavioral research
Extended_Abstracts,320,pending,What Does the Global Latent Workspace Learn?,"Cognition requires more than parallel processing of separate sensory streams. It demands shared representations that can support integration and flexible reuse across perception, memory, and action. Global Workspace Theory offers a framework for how this is achieved: specialized processors operate in parallel while a shared workspace broadcasts selected information across brain areas. Recent deep learning architectures make this idea concrete by connecting modality-specific modules through a common latent space. Yet, it remains unclear what structure these training procedures actually produce and when the resulting workspace is genuinely multimodal rather than merely compressive. We develop a theoretical framework in a simplified linear setting, a regime where the problem admits closed-form solutions. We show that the nature of the learned workspace depends critically on what it is trained to do. If each module only reconstructs its own input, the workspace compresses each modality independently. If modules translate into each other's format, the workspace aligns with the statistical structure common to both modalities. This suggests that a workspace becomes integrative only when training pressures translation across modalities, not compression within each modality alone.",theoretical / computational neuroscience,artificial intelligence / machine learning
Extended_Abstracts,321,pending,Predictive learning explains emergence of objects in infants,"How do young animals learn to parse visual scenes into objects with so little experience? Human infants initially rely on motion cues to segregate objects, while sensitivity to static shape cues emerges only later --- mirroring the earlier maturation of the dorsal visual stream relative to the ventral stream. Here we introduce a two-stream neural network in which a shape pathway and a motion pathway cooperate to predict future visual input. Trained on videos of moving objects, the model first discovers objects through coherent motion, then develops sensitivity to static shape cues, recapitulating the developmental trajectory observed in infants. These results demonstrate that cross-stream predictive learning is sufficient to produce object representations from a realistic amount of visual experience, without requiring innate perceptual priors.",computational cognitive science / cognitive modeling,artificial intelligence / machine learning+theoretical / computational neuroscience+experimental neuroscience (systems / cognitive)
Extended_Abstracts,322,pending,The Geometry of Drifting Spatial Representations,"Neural representations of environmental variables are seldom stable, a phenomenon called representational drift. Drift is ubiquitous in the brain, and the pattern of representational drift places key constraints on the compensatory mechanisms needed to maintain stable behavior. Yet, whether the pattern of drift is similar or different across brain regions is not known. To address this, we characterized and compared the geometry of drift in spatial representation using longitudinal neural recordings in the posterior parietal cortex (PPC) and the hippocampus (HIP) of mice navigating in virtual reality. For each brain region, we used an optimal linear transformation that combined rotation and scaling to align the low-dimensional neural manifolds of spatial position from different pairs of days. Prior to this transformation, the degree of cross-day misalignment was not significantly different in the PPC and HIP suggesting that the magnitude of drift is similar in these regions. Interestingly, linear transformation substantially reduced the degree of misalignment in PPC but left significantly larger residual misalignment in the HIP. Notably, pure rotation or scaling transforms alone also did not reveal any regional differences. These findings suggest that whereas representational drift in the PPC is largely linear, drift in the hippocampus is not. Maintaining a stable readout might therefore require region-specific mechanisms tuned to properties of the drift in the local circuit, rather than universal Hebbian-like mechanisms proposed in previous works.",theoretical / computational neuroscience,artificial intelligence / machine learning+experimental neuroscience (systems / cognitive)
Extended_Abstracts,323,pending,How do we learn what to believe and which sources to trust?,"In daily life, media exposes us to information ranging from personal matters to global issues. Encountering a news piece may prompt belief updates about the source (""Is it credible?""), the topic (""Is the new law effective?""), or both. These updates may not be independent: a source's credibility may shape how we interpret its claims, and those claims could color our assessment of the source. To capture this interdependence, we developed a Bayesian model that jointly updates both sets of beliefs. Simulations show that belief-aligned information boosts perceived credibility and trust across topics, illustrating how credibility transfers and shapes belief updating about other topics. These simulations gave two predictions: (1) belief-consistent information increases perceived credibility regardless of true reliability, while inconsistent information reduces it (H1); and (2) increased perceived credibility amplifies belief updating, while reduced credibility attenuates learning (H2). As mechanisms of real-world belief updating remain relatively unknown, we developed a news-based inference task using authentic media content to track participants' beliefs about topics and sources. We use high and low levels actual credibility of a source and alignment. Our preliminary results (N = 30) show that sources aligning with participants' initial beliefs were perceived to be more credible in comparison to a low alignment source, irrespective of its actual credibility (H1). Next, people updated their beliefs to a lesser extent when they were being informed by a low alignment source than a high alignment source (H2), although the difference was not significant. Overall, we introduce a modeling framework that, while grounded in rational principles, captures the loop that arises when individuals jointly infer source credibility and topic-related beliefs, potentially resulting in biased belief formation, and our preliminary findings suggest that belief updating reflects an interaction between content and perceived source credibility, with alignment potentially influencing how both beliefs are updated.",computational cognitive science / cognitive modeling,psychological / behavioral research
Extended_Abstracts,324,pending,Complementary model-free and model-based motor learning systems unify experimental results across scales and species,"Mammals acquire flexible motor skills that go well beyond species-typical behavior through interactions among distributed brain circuits, yet the division of labor among these circuits remains unclear. We propose a structured neural network model of motor learning and control comprising modules corresponding to primary motor cortex (M1), cerebellum (CB), and integrative sensorimotor cortex (ISC). The model operates under key constraints of natural motor behavior: continuous control, no supervised motor trajectories, and noisy, delayed, and partially occluded sensory input. We hypothesize that M1 learns a reinforcement-driven controller that is predominantly model-free, whereas ISC and CB learn self-supervised predictive models of sensorimotor dynamics that support state estimation, latent goal estimation, and model-based control. Across challenging tasks, the model acquires robust motor behavior, including rapid responses to perturbations and active sensing when sensory input is unreliable. The systems interact synergistically, especially when sensory observations are sparse: M1 drives exploration and active sensing, thereby facilitating learning in ISC and CB; once ISC and CB acquire predictive control, they can complement M1. The model unifies behavioral, lesion, and neural findings and yields testable predictions about M1–ISC–CB interactions.",theoretical / computational neuroscience,artificial intelligence / machine learning
Extended_Abstracts,325,pending,A mathematical theory of hippocampal repulsion,"Flexible behavior requires both generalization across related stimuli and differentiation between them, processes that both implicate the hippocampus. While there are various theories of how the hippocampus may shape representations to accomplish these goals, there is an enduring unsolved mystery in this field: hippocampal representations sometimes become *more dissimilar* for stimuli (A1 and A2) with a shared associate (B) than stimuli with no shared associate—a counterintuitive phenomenon known as ""repulsion."" Repulsion has been suggested to be inconsistent with classical associative learning rules, which are commonly understood to lead to integration of related stimuli. Here we show that, surprisingly, a simple autoencoder exhibits repulsion: if the network uses B to predict both A1 and A2 at different times, the representations of A1 and A2 naturally come to inhibit each other. In contrast, a network that predicts B without reconstructing A1 and A2 instead yields integration. We analytically characterize the transition between integration and repulsion in a family of linear neural networks trained on a mixture of predictive and autoencoding objectives. We then show that autoencoders replicate several key experimental findings of repulsion, establishing a novel, parsimonious account of representational shaping in the hippocampus.",computational cognitive science / cognitive modeling,theoretical / computational neuroscience
Extended_Abstracts,326,pending,Flexible brain network flow rerouting from stimulus to response  during rapid instructed task learning,"Rapid instructed task learning (RITL) is the 
remarkable human ability to rapidly encode and 
implement novel task instructions, crucial for 
adaptive behavior in dynamic environments (Cole, 
Laurent, et al., 2013). Based on the cognitive 
control literature, RITL involves top-down control 
from cognitive control networks (CCNs), including 
the fronto-parietal (FPN), cingulo-opercular (CON), 
and dorsal attention networks (DAN), acting via a 
flexible hub mechanism (Cole, Reynolds, et al., 
2013). Despite extensive research, a generative 
framework explaining how distributed brain 
networks combine to produce stimulus-response 
(S-R) mapping during RITL has not been 
developed. We hypothesized two potential 
mechanisms: CCNs could dynamically mediate SR mappings during task execution (reactive 
routing), or CCNs could pre-configure direct 
sensory-motor pathways during instruction 
encoding, establishing ""prepared reflexes"" for 
immediate execution (proactive routing) (Braver, 
2012; Cole, 2017). 
To address this gap, we employed 
behavioral testing, functional MRI, and empirical 
neural network modeling (n=36) using an 
instructed task learning paradigm involving a 
primary S-R mapping phase and a secondary 
distractor phase. Direct functional connectivity 
(FC) was estimated through graphical lasso 
regression using mean-task-activity regressed 
BOLD time series (Cole et al., 2019; Peterson et 
al., 2023). Activity flow mapping (Cole et al., 2016) 
modeled the propagation of task-evoked 
activations from source regions through FC to predict target activations. This generated noncircular motor activation patterns in somatomotor 
network (SMN) using theoretically motivated input 
networks (VIS1/VIS2). Results (Figure 1) revealed that sensory 
network activations flowing through empirical FC 
were sufficient to generate accurate motor 
patterns. In-silico FC lesion analyses showed that 
both reactive and proactive routes carry 
sensorimotor transformations. The stepwise flow 
graphs (Figure 2) revealed the role of DAN in 
routing flows from VIS2 to SMN. These findings 
support a flexible mechanism where CCNmediated proactive and reactive rerouting enable 
rapid task execution, offering insights into the 
neural basis of cognitive flexibility.",experimental neuroscience (systems / cognitive),
Extended_Abstracts,327,pending,Two Cortical Mechanisms for Natural Audiovisual Processing,"Understanding how the brain processes natural audiovisual information remains a central challenge in cognitive neuroscience. Progress has been limited by reliance on short, controlled, or unimodal stimuli, leaving cortical mechanisms supporting real-world comprehension poorly characterized. While AI now enables extraction of high-dimensional, time-resolved features from naturalistic stimuli, how cortical regions dynamically process or prioritize auditory and visual information over time remains largely unexplored. Using large-scale fMRI data from participants watching movies, we developed two complementary computational approaches to map moment-by-moment sensory processing dynamics across cortical regions: one detecting sustained periods when one modality predicts a region substantially better than the other, identifying regions that switch the modality they encode; the other identifying periods when both modalities predict the region well, revealing regions maintaining balanced representation of both auditory and visual information. 
These analyses reveal two types of audiovisual processing across the cortex: ``bows"" that switch modalities (one posterior bow encircling category-selective visual cortex and another anterior bow spanning dorso-lateral frontal areas) and an arrow-like axis of regions that jointly represents both modalities (extending from lateral occipital cortex into the temporal cortex).",computational cognitive science / cognitive modeling,artificial intelligence / machine learning+theoretical / computational neuroscience
Extended_Abstracts,328,pending,Human medial-frontal neurons integrate language and vision to structure decision-making,"A central question in cognitive neuroscience is how linguistically informed goals interact with sensory evidence to guide decisions. We recorded single neurons from 11 intracranially implanted epilepsy patients performing a verbal-instruction task and found a functional dissociation across cortical regions. Ventrotemporal cortex (VTC) neurons exhibited stable encoding of visual categories and features, whereas neurons in medial frontal cortex (MFC: dorsal anterior cingulate (dACC) and pre-supplementary motor area (preSMA)) encoded task demands and target choices following instruction-vision integration. A vision-language model (VLM) coupled to a sensorimotor recurrent neural network (RNN) trained on the same task provided a mechanistic account: vision-transformer features best predicted VTC activity, and recurrent decision signals best predicted MFC activity. These results delineate how task goals and stimulus features are decomposed across cortical systems to support language-guided choice. We test two competing hypotheses: instructions either propagate to early sensory representations or primarily reconfigure downstream decision circuitry. The evidence supports the latter: VTC neurons are largely insensitive to instruction contents, whereas MFC populations rapidly reorganize to represent rules, framing, and target selection.",computational cognitive science / cognitive modeling,artificial intelligence / machine learning+psychological / behavioral research+experimental neuroscience (systems / cognitive)
Extended_Abstracts,329,pending,"Building a model of infant development using experience, brain, and behavior","Infants quickly become proficient in complex tasks, such as mapping spoken labels onto objects in their world. Independently, functional neuroimaging of awake infants, head-mounted recordings from children’s egocentric viewpoints, and deep neural network modeling of infant vision have shed light on infancy as a period of complex cognitive and brain development. However, no single dataset has yet integrated these modalities to support building a comprehensive model of early development. Here, we present Project Simsom, a densely sampled longitudinal dataset comprising awake functional MRI, head-mounted camera recordings, and behavioral measures of language from a single infant aged 2 to 12 months. Preliminary results demonstrate that models trained on the head-mounted camera data can acquire physical world understanding, highlighting the promise of dense longitudinal research for Developmental NeuroAI.",computational cognitive science / cognitive modeling,artificial intelligence / machine learning+psychological / behavioral research+experimental neuroscience (systems / cognitive)
Extended_Abstracts,330,pending,Not all uncertainty promotes exploration,"Adaptive decision-making requires balancing the exploitation of known outcomes with the exploration of uncertain alternatives. Although prior work suggests that uncertainty generally promotes exploration, it often conflates distinct sources of environmental uncertainty. In particular, volatility (the rate of change in latent causes) and stochasticity (moment-to-moment outcome variability) both increase total uncertainty, yet require opposing adjustments to learning rates. Whether they also exert distinct, and potentially opposing, effects on exploration remains unknown. Here, using simulation analyses, we first show that optimal performance requires increased exploration under volatility but, counterintuitively, decreased exploration under stochasticity, even though stochasticity increases total uncertainty.  We then test these predictions across three human experiments of increasing ecological complexity and observe consistent results: volatility enhances exploration, whereas stochasticity suppresses it. These findings challenge the prevailing view that uncertainty uniformly promotes exploration, demonstrating instead that exploration depends critically on the source of uncertainty, paralleling its differential effects on learning.",computational cognitive science / cognitive modeling,psychological / behavioral research
Extended_Abstracts,331,pending,Do Vision Models See or Know? Prototype Structure in Self-Supervised Vision Models,"We investigate whether I-JEPA, a vision model trained by predicting masked patch representations in latent space, recapitulates human prototype structure across 1,854 object concepts (THINGS dataset). Using Representational Similarity Analysis (RSA) against human similarity judgements, typicality norm validation, layer-by-layer probing across all 32 transformer layers, and 4.58 million odd-one-out trials, we identify a systematic dissociation: I-JEPA typicality correlates positively with human norms for perceptually-defined categories (birds, fruit, sea animals; r = +0.275) but negatively for functionally-defined categories (vehicles, tools, weapons; r = −0.266), yielding ∆r = +0.541 (p < 0.001). The dissociation grows with depth, accelerating in the final 12 layers where RSA alignment peaks then degrades. Attention maps reveal late-layer collapse onto a single dominant patch, providing a mechanistic account. I-JEPA's visual prediction objective is sufficient for perceptual prototype structure but insufficient for conceptual prototype structure, with direct implications for the use of vision models as proxies for human semantic cognition.",computational cognitive science / cognitive modeling,artificial intelligence / machine learning
Extended_Abstracts,332,pending,Lexical representations are sequenced through a micro-scale dynamic code in inferior frontal gyrus,"Naturalistic speech is transient and strictly time-ordered, creating a computational challenge for comprehension: the brain must preserve and integrate earlier input while new words continue to arrive. One proposed algorithmic solution is that linguistic representations are maintained dynamically across changing neural populations over time, but it remains unclear how such an algorithm is implemented at the neuronal scale for higher-level linguistic representations. Using microelectrode recordings from the inferior frontal gyrus (IFG) during continuous speech listening, we show that lexical information is decodable for over 2 seconds, which overlaps with multiple words into the future. Neural activity evolves along state-space trajectories, which encode both lexical content and elapsed processing time. These trajectories preserve traces of earlier speech input as new input arrives, while also encoding relative sequence order. Together, these findings provide the first micro-scale evidence for how dynamic neural sequencing is implemented by IFG neurons during continuous speech comprehension.",experimental neuroscience (systems / cognitive),artificial intelligence / machine learning+computational cognitive science / cognitive modeling+theoretical / computational neuroscience
Extended_Abstracts,333,pending,Slow reasoning can reflect pressure to minimize information processing costs,"Human cognition is strikingly slow: across tasks, people process only about 10 bits per second, far below the throughput of sensory systems and modern AI. Why would a system that must behave flexibly operate so slowly? One possibility is that slow, serial processing is not a limitation but an adaptation -- an efficient strategy when there is pressure to minimize the amount of information processed at each moment. Here we show that slow reasoning emerges naturally in agents trained to solve a logical reasoning task when they are penalized for both processing time and representational precision. We trained recurrent neural networks on a boolean evaluation task with variable difficulty, rewarding accuracy while penalizing the number of processing steps and the bits encoded per step. We found a systematic trade-off: agents under stronger precision pressure learn coarser representations and compensate by using more processing time, yet achieve higher accuracy than those that encode inputs more precisely. Agents also dynamically allocate more steps to harder problems, mirroring patterns seen in human deliberation. These results demonstrate that slow, serial cognition can be computationally advantageous, minimizing information-processing costs at the expense of latency, and offer a normative explanation for why biological cognition may have evolved to operate at such a surprisingly low bandwidth.",computational cognitive science / cognitive modeling,artificial intelligence / machine learning
Extended_Abstracts,334,pending,3D object perception through the lens of distribution shift,"Humans succeed on 3D tasks where vision models fail. Here we draw on an established phenomenon in machine learning---distribution shift---to understand this divergence. This requires a tractable setting where both train and test distributions are known. To this end, we develop a pipeline to procedurally generate 3D objects, fine-tune DINOv2 to distinguish between them, then evaluate models on an out-of-distribution 3D perception benchmark (MOCHI). Critically, we develop a metric for the distance between each test trial and the training data. Fine-tuning vision models improves their performance, but only on trials close to the training data; that is, trial-level distribution shift predicts 3D perceptual accuracy. Next we extend this metric to large pretrained models, enabling us to estimate the trial-level distance from naturalistic visual data. Analyzing our 3D perception benchmark with this analytic approach, we find that humans are far more robust to distribution shift than large vision encoders (e.g., DINOv2-G, CLIP-G). Strikingly, human reaction times increase linearly with distributional distance. Our results demonstrate that 3D shape perception can be understood as an out-of-distribution generalization, where humans compensate for distribution shift by allocating additional visual processing at test time.",artificial intelligence / machine learning,computational cognitive science / cognitive modeling
Extended_Abstracts,335,pending,A Parametric Continuum for Probing Visual Speech Representations,"Understanding speech in noise is substantially improved by seeing the speaker's face. However, seeing DNN-generated synthetic talking faces provides weaker benefits than seeing real talking faces, and it remains unclear which specific facial movements drive this audiovisual gain. Here, we leverage DNN-based synthetic faces to achieve precise control over visual speech components. Using DECA talking face animations, we constructed a synthetic continuum that systematically manipulates specific expression parameters one at a time and validated this approach psychophysically with human observers.  This framework serves as a first step toward a computationally tractable approach to probing cognitive representations of visual speech, enabling identification and quantification of diagnostic facial components that enhance phoneme discriminability.",psychological / behavioral research,artificial intelligence / machine learning+computational cognitive science / cognitive modeling
Extended_Abstracts,336,pending,Task-specific scene semantics from language predicts human gaze in navigation and visual search,"Human gaze is profoundly task-driven, yet most computational models treat attention as primarily stimulus-driven. Here, we use natural language as a structured means of generating task-specific priority maps. We collected human scene descriptions under navigation and object identification goals, and trained convolutional neural networks to predict each task’s embeddings from images, using gradient-based attribution to extract spatial priority maps from the trained networks. We tested these maps against human gaze during real-world navigation, and visual search. The navigation map was the only model to achieve positive information gain over center bias during real-world navigation, outperforming all comparison models including DeepGaze IIE, which failed on mobile eye-tracking data despite strong performance on laboratory-based search. Critically, the relative predictive advantage of the two semantic maps reversed across tasks: navigation maps outperformed object maps during navigation, while object maps outperformed navigation maps during visual search. This double dissociation demonstrates that natural language about scenes encodes task-specific spatial priorities.",computational cognitive science / cognitive modeling,artificial intelligence / machine learning+psychological / behavioral research
Extended_Abstracts,337,pending,Discovering interpretable visual representations at scale,"Despite large-scale recordings, neuroscience has identified representations for only a small fraction of human-distinguishable visual features. We address this by extracting high-dimensional population codes from biological and artificial vision networks, then quantifying the interpretability and diversity of neuron vs. population representations using automated evaluations that mirror human judgments. Population codes and automated analyses together reveal more interpretable, diverse representations at scale; an advantage that grows with neuron count and population dimensionality. Our framework meaningfully closes the gap between the scale of neural recordings and the depth of insight they yield, motivating a broader shift away from dimensionality reduction in studies of visual perception.",theoretical / computational neuroscience,artificial intelligence / machine learning
Extended_Abstracts,338,pending,Lateral Recurrence as a Domain-Selective Mechanism,"Recurrent connections pervade the primate ventral stream, yet their computational role remains debated. One view holds that recurrence supports iterative inference and can stabilize or refine representations across inputs (Rao & Ballard, 1999; Lee & Mumford, 2003); another suggests that experience shapes recurrence to selectively refine behaviorally relevant information. Face-selective regions exhibit progressively refined identity representations across hierarchical stages (Freiwald & Tsao, 2010; Chang & Tsao, 2017), and recurrent architectures better capture primate visual dynamics (Kar et al., 2019; Kietzmann et al., 2019). However, direct evidence for domain-selective recurrence remains limited because anatomy, experience, and task demands covary in cortex. We disentangle these factors using lateral-recurrent convolutional networks with identical architectures trained on different objectives, face identification versus object categorization. We track representational changes across recurrent time through decoding, population geometry, and single-unit analyses. We find a double dissociation: recurrence progressively strengthens identity information in the trained domain while leaving the untrained domain largely unchanged. This selectivity emerges in deeper layers, scales with recurrence strength, and reflects a progressive coupling of category preference to identity sensitivity at the single-unit level. These results argue that lateral recurrence is a learned, task-specific refinement mechanism and generate testable predictions for time-resolved recordings in domain-selective cortex.",theoretical / computational neuroscience,experimental neuroscience (systems / cognitive)
Extended_Abstracts,339,pending,Low-Rank Temporal Factorization of Drift-Diffusion Dynamics Reveals Staged Evidence Integration,"Perceptual decision-making depends on integrating sensory evidence over time, but the resulting integration kernels vary substantially across individuals. Low-rank neural networks capture the principal component of this variability but lack a clear link to cognitive mechanism, whereas the Drift-Diffusion Model (DDM) provides an interpretable account of decision formation. To connect these frameworks, we parameterize the DDM’s starting point ($y_0$) and drift rate ($a$) with low-rank temporal kernels driven by the click sequence $\mathbf{c}_t$ in an auditory clicks task. Model fitting identifies a one-dimensional latent representation ($d=1$) for each parameter: drift rate weighs heavier on the middle and late clicks than earlier clicks, whereas starting point was set early and middle clicks and is not influenced by late clicks. Together, these results support a staged computation in which  evidence accumulation may not be strictly synchonized with the stimulus in the auditory click task.",computational cognitive science / cognitive modeling,computational cognitive science / cognitive modeling+psychological / behavioral research
Extended_Abstracts,340,pending,Dynamic noise correlations between feature-selective brain regions support efficient learning,"Learning to assign credit to relevant features is a challenging problem. Recent theoretical work has demonstrated that stimulus-independent covariation in trial-to-trial neural activity fluctuations may reflect a dimensionality reduction mechanism that facilitates faster and more robust learning, but this proposal has yet to be empirically verified. Here we performed an empirical test of this theory by combining computational modeling, functional magnetic resonance imaging, and behavioral measures. Forty-five human subjects performed a task requiring discrimination of multi-dimensional perceptual stimuli while undergoing fMRI. In each block of trials, subjects learned a classification boundary in a two-dimensional feature space (color and motion) that was translated occasionally and unpredictably, forcing them to learn continuously on one of two possible joint feature dimensions (color+motion or color-motion, depending on block). A two-layer feedforward neural network performing this task showed that amplifying gain along task-relevant dimensions produced noise correlations aligned to these dimensions and enhanced learning. Human behavioral data was best fit by models with higher gain on task-relevant dimensions, suggesting that subjects focused on and updated the joint-feature dimensions that were most important for learning and task performance, and raising the question as to whether humans would show dynamic modulations of noise correlations across blocks to shift learning onto the relevant task dimension akin to gain adjustments in the model. Concurrently collected fMRI data revealed that noise correlations across feature-sensitive regions are modulated in a task-dependent manner, in line with this basic model prediction. Specifically, when residual fMRI data were passed through decoders trained on color and motion respectively, noise correlations between the resulting feature noise vectors were more positive during [color+motion] learning blocks and more negative during [color-motion] learning blocks, supporting the idea that the brain dynamically amplifies task-relevant dimensions to improve learning.",experimental neuroscience (systems / cognitive),computational cognitive science / cognitive modeling+psychological / behavioral research+theoretical / computational neuroscience
Extended_Abstracts,341,pending,RSVP-induced ERP Class Posteriors Reflect Graded Neural Perception of Humanoid Images,"In the rapid serial visual presentation (RSVP) paradigm, EEG event-related potentials (ERPs) are captured when a target stimulus appears in the stimulus sequence. In the context of detecting target objects (e.g. humans) in images, it is uncertain whether an ERP will manifest in EEG readings when a sequence includes a small ratio of pseudotargets (e.g. non-human but human-shaped humanoids) interspersed with actual human targets. We studied this question through a binary EEG classification model that yields target perception scores for human presence in images. This model produces a value in [0,1] depending on image content, from EEG time-locked to image onset in RSVP. The model was calibrated using a set of EEG responses to a combination of distractor (nontarget) and target images shown to multiple subjects within the RSVP paradigm. Target class posterior given EEG temporally aligned to image onset was used as a target perception score. Analyses on test imagery demonstrated that, as anticipated, distractor images result in EEG signals that tend to receive lower target perception scores than that of target images. More interestingly, pseudotarget (humanoid) test images that were intentionally designed to induce confusion received slightly lower target perception scores than target images. While the analyses and observations are based on data from limited number of subjects and trials, the results are promising as they indicate degraded target recognition response to humanoid images in contrast to genuine targets.",artificial intelligence / machine learning,computational cognitive science / cognitive modeling
Extended_Abstracts,342,pending,Temporal integration in speech-trained deep neural networks aligns with and diverges from human auditory cortex,"Deep neural networks (DNNs) trained on challenging speech tasks have been found to predict neural responses to speech with higher accuracy than traditional acoustic features, raising the question of whether their underlying computations are similar to those in the auditory cortex. A central computational challenge of speech processing is the need to integrate information across multiple timescales, but it remains unclear whether the mechanisms of multiscale integration in modern speech-trained DNNs resemble those of the auditory cortex. We assessed integration windows in the auditory cortex using the temporal context invariance (TCI) method applied to spatiotemporally precise intracranial recordings from human neurosurgical patients. We then applied the same TCI method and experimental stimuli to characterize integration windows from layer activations of speech-trained DNNs with different architectures and training objectives. All tested models showed evidence of hierarchical temporal integration with longer windows in later network layers, including in Transformer models whose architecture does not explicitly favor this organization. This pattern qualitatively resembles the hierarchical organization of the auditory cortex with longer integration windows in non-primary regions. At the same time, all models differed from the brain in clear and interpretable ways: self-supervised Transformer models (Wav2Vec2 and HuBERT) showed symmetric integration windows with temporal delays that varied minimally across layers, whereas a supervised causal model (Streaming Conformer) showed excessive delays compared with auditory cortex. These results suggest that rapid hierarchical inference of temporally recent speech structure is likely important to replicating cortical integration windows, while seemingly non-biological architectural features present in Transformers may not present a critical bottleneck.",computational cognitive science / cognitive modeling,artificial intelligence / machine learning+experimental neuroscience (systems / cognitive)
Extended_Abstracts,343,pending,From Impulsivity to Engagement: Latent Behavioral States Reveal Distinct Decision Strategies in Rats,"Behavioral variability in perceptual decision-making is often treated as noise, yet it may reflect meaningful fluctuations in internal cognitive state. We asked whether latent behavioral states could explain trial-to-trial variability in both behavior and neural population dynamics. In our work, we propose that latent behavioral states drive variability in perceptual decisions and simultaneously modulate neural dynamics across decision-related brain regions. To test this, rats were trained on an auditory decision-making task in which they reported increases in the click rate of a Poisson-generated stimulus. Fitting the Generalized Linear Model-Hidden Markov Model (GLM-HMM) model revealed two latent states that best captured behavioral variability across animals (Ashwood et al., 2021; Linderman et al., 2020). In an impulsive state, animals responded rapidly, producing frequent false alarms with little dependence on stimulus strength. In an engaged state, false alarm rates were markedly reduced, enabling stimulus-dependent correct detections. Large-scale Neuropixels recordings revealed no meaningful signature of behavioral state in mean firing rates or within-region correlations. Yet state identity was decoded from population activity trial-by-trial with high accuracy. Our findings provide a mechanistic link between internal engagement, neural population dynamics, and decision variability—challenging the assumption that engagement simply scales overall neural activity. Instead, latent behavioral states reflect discrete internal strategies encoded in population-level firing patterns.",computational cognitive science / cognitive modeling,psychological / behavioral research+theoretical / computational neuroscience+experimental neuroscience (systems / cognitive)
Extended_Abstracts,344,pending,Bayesian calibration for conference reviews,"Choosing between high-quality applications is a challenge for universities, funders, and conferences. A core difficulty is accounting for the idiosyncrasies in how reviewers assess the qualities of an application. Classic psychometric procedures from Item Response Theory (IRT) help mitigate the effects of idiosyncratic assessment, however, they are rarely used in peer review. Here, we leverage Bayesian IRT to reanalyze the open-access reviews from CCN2023. We find that IRT methods offer a promising approach for fairer assessments of conference papers.",computational cognitive science / cognitive modeling,psychological / behavioral research
Extended_Abstracts,345,pending,Orthogonal Task Representation Enables Flexible Task Switching  in Human OPM-MEG and Neural Networks,"Task switching requires flexible reconfiguration of task representations over time. To characterize the underlying neural computations, we recorded brain activity with optically-pumped magnetometer-based MEG (OPM-MEG) during a task-switching paradigm, in which participants maintained instructions for an upcoming task while performing a current task. In both human and recurrent neural networks (RNNs) trained on similar paradigms, we found that the current and future task identities were encoded in orthogonal dimensions. In human but not RNNs, the current-task representations generalize across epochs, consistent with a compositional representation organized by functional relevance.",theoretical / computational neuroscience,artificial intelligence / machine learning+experimental neuroscience (systems / cognitive)
Extended_Abstracts,346,pending,How Does the Brain Dynamically Combine Visual and Conceptual Features to Support Goal-Oriented Behavior?,"Scene perception is thought to rely on a dynamic, goal-dependent neural code that flexibly prioritizes and combines visual and conceptual features over time. However, the direct evidence for this has been limited by methodological challenges. To address this, we built a novel brain-guided convolutional neural network (CNN) with dedicated channels that were guided by the neural variance explained by each of eight features. Neural data (via 128-channel EEG) were collected from participants who viewed 78 scenes while performing either a path navigation task or a seating location task. The output layer was designed to classify each input image according to the observer’s task. To successfully predict an observer’s task, the CNN combined image features with task-specific neural data. In each convolutional layer, eight independent sets of nodes were added for dedicated processing of features ranging from low-level wavelet and texture models to high-level task-specific sentence embeddings. The results revealed a late emergence (450ms; convolutional layer 4) of task-dependent differences in feature combination. These findings indicate that task goals shape feature combination late in processing.",experimental neuroscience (systems / cognitive),computational cognitive science / cognitive modeling
Extended_Abstracts,347,pending,Continual learning and forgetting as drivers of representational drift,"Recent work demonstrates that stimulus- and task-related population activity reorganizes over days to weeks even when behavioral performance appears stable representational drift. While theoretical work suggests that random diffusion (i.e. noise) may be sufficient to explain drift, recent studies also suggest that task representations become sparser and more separable over time. This latter observation is consistent with the hypothesis that representational drift is partially driven by ongoing learning rather than purely stochastic processes. Here, we use continuous time recurrent neural networks (ctRNNs) to demonstrate that over-training - even after reaching criterion accuracy - leads to changes in activity patterns similar to representational drift. We also find that task representations in the network become sparser and more separable over time, and that these changes result in greater tolerance to perturbations such as increases in internal and external noise. Our results suggest that drift can reflect continual learning and optimization as opposed to just random diffusion and is characterized by increases in the sparsity, efficiency, and robustness of neural codes.",theoretical / computational neuroscience,
Extended_Abstracts,348,pending,Pooling Across Brains: Embedding‑SRM Enables Encoding Models in Ultra‑Low‑Data ECoG,"Large language models (LLMs) have been positioned as holistic computational models of neural activity during naturalistic language processing, with subject‑specific linear encoding models mapping contextual embeddings onto each individual’s neural activity. However, these models require substantial volumes of data per subject for a robust fit, which is often infeasible in ECoG, where many participants contribute only brief recordings. Recent work shows that functional alignment via a shared response model (SRM) improves encoding and supports cross‑subject generalization, but existing SRM methods require participants to experience the same stimulus. Here, we introduce Embedding‑SRM (eSRM), which applies SRM to each subject’s encoding weight matrix, eliminating the need for shared stimulus and enabling alignment across disjoint recordings. We also developed a framework using eSRM that allows us to pool neural data from other subjects to effectively enlarge the training set for fitting encoding models in a low-data target participant. We find that eSRM yields substantial gains in encoding performance, especially in the low‑data regime where subjects have as few as hundreds of words.",theoretical / computational neuroscience,artificial intelligence / machine learning+computational cognitive science / cognitive modeling
Extended_Abstracts,349,pending,Learning to select computations in recurrent circuits,"To cope with their limited computational resources, humans solve problems by adaptively deciding what to compute, a capacity known as meta-reasoning. Yet, determining which computations to perform is itself computationally demanding, raising the question of how such selection can be implemented in the brain. Here, we develop a recurrent neural network model that learns to select computations through meta-reinforcement learning. In a simple choice task, the agent learns to select computations as predicted by optimal symbolic models and reproduces neural dynamics observed in macaque orbitofrontal cortex. In a more complex planning task, the agent learns a planning strategy that replicates key signatures of human strategies. Our work provides a generalizable framework for modeling the adaptive control of thought processes and elucidates how such control can be implemented in neural systems.",computational cognitive science / cognitive modeling,theoretical / computational neuroscience
Extended_Abstracts,350,pending,Prenatal retinal waves generate the proto-architecture of newborn visual systems,"How does the visual system acquire its structure? Newborn visual systems share three signatures of visual organization: orientation selectivity in early visual areas, shape selectivity in downstream regions, and progressively larger receptive fields across the visual hierarchy. Instructional theories attribute this proto-architecture to genetic design, whereas selectional theories predict the proto-architecture develops through domain-general adaptation to prenatal sensory experiences. Here we provide an image-computable test of these theories using transformers: a domain-general neural network model. We trained transformers on prenatal retinal waves using unsupervised temporal learning, and found that the models spontaneously developed all three signatures of newborn visual systems. These results show that the large-scale architecture of newborn visual systems emerges when domain-general neural networks adapt to prenatal sensory experiences, in the absence of genetically encoded design. The distinctive visual cortical architecture of newborn brains is a statistical consequence of high-dimensional systems adapting to prenatal experiences.",computational cognitive science / cognitive modeling,artificial intelligence / machine learning+theoretical / computational neuroscience
Extended_Abstracts,351,pending,Biasing optimization to find more informative model metamers,"Sensory neuroscientists must carefully choose or design experimental stimuli in order to test  hypotheses. Recently, scientists have leveraged computational models and automatic differentiation to synthesize model-optimized stimuli, such as model metamers -- stimuli that are physically distinct but that produce identical model responses. However, there exist many different stimuli which satisfy the constraints of the stimulus-generation process, but which may give rise to different scientific interpretations. Here, we propose adding a penalty term to the objective function used to generate the stimuli. This biases the synthesis procedure, allowing researchers to preferentially search for stimuli with certain properties. We demonstrate the use of several penalty functions on a simple LGN-inspired model to increase perceptual diversity among synthesized model metamers. By carefully choosing their penalty functions, researchers can better design stimulus sets to address their scientific question.",theoretical / computational neuroscience,
Extended_Abstracts,352,pending,Computational Mechanisms of Decision Uncertainty During Decision-Making in Worry,"Worry is a symptom that is pervasive across mental health diagnoses, and when making decisions under uncertainty, individuals who worry display increased indecision. Previous work by Tallis \& Mathews (1991), observed that increased levels of worrying were associated with longer decision times when determining that targets are absent and suggested this is driven by higher evidence requirements. Crucially, this decision making process can be captured by the drift diffusion model (DDM), whereby evidence is accumulated and a response is made after passing a response threshold. Here, we present a pilot study that aims to replicate Tallis \& Mathews (1991)'s finding that individuals who worry more take longer to decide something is not present, and investigate whether this is driven by increased evidence requirements. Methods: To test this, 41 participants completed a visual search task online. In line with Tallis \& Mathews (1991), participants were classified as either high or low worriers based on their total score on the worry domains questionnaire (High: 22; Low: 19). Participants completed 112 trials searching for a target letter among 25 letters (50\% target present). Results: Replicating prior work, participants were slower overall to respond correctly on target absent trials compared to target present, and this effect was amplified in high worriers. Preliminary hierarchical drift diffusion modeling suggests that this behavior is best captured by a model where thresholds interact with worry group such that thresholds are selectively elevated for target absent trials, although the effect is not conclusive. Conclusion: In this pilot study we replicate Tallis \& Mathews (1991)'s finding that high worriers take longer to respond when a target is absent and preliminary modeling points toward a threshold-based account. Follow-up work will test this account in a larger sample.",computational cognitive science / cognitive modeling,psychological / behavioral research
Extended_Abstracts,353,pending,Using AI-generated videos to investigate the roles of attribution and impressions in clinical outcomes,"Characteristics of clinicians significantly influence patients’ trust, expectations, and therapeutic outcomes. However, the role of patients’ own attribution and impression formation processes in this relationship remains unclear. We investigated this by having participants interact with AI-generated videos of virtual clinicians that varied in demeanor, communication style, and helpfulness, and then assessing participants’ attributions and impressions. Results confirmed that overt clinician characteristics influenced participants’ trust. Critically, covert attributions and impressions explained more variance in trust and mediated the effects of clinician characteristics on trust. This study provides a framework for quantifying the computational mechanisms linking attribution to trust, and to downstream physiological and neural correlates.",psychological / behavioral research,computational cognitive science / cognitive modeling
Extended_Abstracts,354,pending,Discovering Online and Offline Processing via Meta-Learning,"Biological memory systems employ distinct processes during wake and sleep, but how encoding and offline processing should be jointly organized remains an open question. We introduce a meta-learning framework in which a recurrent neural network jointly optimizes its weights and separate online and offline plasticity rules, so that meta-learning shapes both the network's dynamics and how it updates its own synapses. The model learns to rapidly adapt to novel task instances, and the meta-learned offline processing proves beneficial: removing it degrades performance, and substituting the learned offline plasticity with the learned online plasticity also impairs performance, indicating functionally distinct rules. The model also discovers reward-modulated plasticity without any explicit reward-dependent mechanism. Furthermore, the learned offline dynamics differ across tasks with distinct demands: tasks requiring sequential action sequences to reach reward elicit offline activity with positive similarity to online representations, whereas simpler tasks do not. These emergent properties suggest that meta-learning can reveal organizational principles of biological memory systems.",theoretical / computational neuroscience,artificial intelligence / machine learning+computational cognitive science / cognitive modeling
Extended_Abstracts,355,pending,Deep Neural Network Models Capture Ventral Stream Predictivity at Cross-Animal Consistency,"The strongest test of a computational model of the brain is whether it can masquerade as another brain. One way to operationalize this test is to predict neural responses in one animal from either a second animal's neural responses or a model's representations, given the same stimuli. If the model-to-brain mapping recovers the same predictive magnitude and hierarchical predictive structure as the brain-to-brain mapping, the model passes as a model of the brain. Here, we evaluate a self-supervised vision transformer (DINOv2) against this standard using large-scale multi-unit recordings spanning V1, V4, and IT from two macaques that viewed the same large set of visual stimuli. We predict each electrode's responses via ridge regression from either the other animal's responses or model layer features. Both mappings recover the same hierarchical organization — early representations best predict V1, intermediate V4, late IT — and the model's peak predictivity approaches cross-animal levels in all three areas. Moreover, the full pattern of cross-area predictivities in brain-to-brain mappings is quantitatively reproduced by the model, demonstrating that a computational model can masquerade as another brain in predicting the ventral visual hierarchy.",theoretical / computational neuroscience,artificial intelligence / machine learning
Extended_Abstracts,356,pending,Linear spectrotemporal tuning accounts for much of phonetic feature encoding in the human auditory cortex,"Speech perception is challenging because features such as phonemes are only partially correlated with acoustic structure, making them difficult to infer from the speech signal. Our understanding of speech encoding in human auditory cortex has been shaped by studies asking whether speech features, like phonemes or phonetic features, predict neural responses beyond an acoustic baseline. Baseline choice is thus critical: it determines which aspects of neural responses are attributed to simple acoustic tuning and which are interpreted as going beyond it. Here we examine how baseline choice influences estimates of speech-feature encoding using spatiotemporally precise intracranial recordings from human auditory cortex during acoustically diverse spoken sentences. We find that phonetic feature models explain substantial unique variance relative to a one-dimensional waveform envelope baseline, particularly in speech-selective regions of non-primary auditory cortex. However, phonetic features explain little variance beyond linear spectrotemporal tuning, whereas spectrotemporal tuning explains substantial variance beyond phonetic features, even in speech-selective regions. These results indicate that much of the variance predicted by phonetic features can be captured by simple linear spectrotemporal computations, highlighting the acoustic baseline as central to interpreting speech encoding models.",computational cognitive science / cognitive modeling,
Extended_Abstracts,357,pending,Discovering analogous structure supports generalization in human reinforcement learning,"Humans are remarkably skilled at transferring knowledge between experiences. Reinforcement learning models, while adept at capturing human behavior in stationary environments, can struggle to adapt when the optimal policy changes substantially. Reward-predictive representations (RPRs) build abstractions by identifying states and actions with analogous long-term reward sequences, affording greater robustness to policy changes. Here, we test empirical predictions of RPRs.  Participants played a novel sequential decision-making task,  learning through trial and error how to unlock a safe's keypad to collect diamonds. In line with RPR predictions, participants showed evidence of learning an abstraction that they leveraged to support generalization when the key combination lock abruptly changed.",computational cognitive science / cognitive modeling,psychological / behavioral research
Extended_Abstracts,358,pending,Performance Matters More Than You Think: A Saturation-Effect Resolution to the Predictivity Debate,"The hypothesis that neural networks optimized for visual tasks develop cortical-like representations (Yamins et al., 2014) has shaped a decade of computational neuroscience. As models have grown in scale and diversity, the question of whether better task performance actually produces stronger neural alignment has drawn increasing attention. Yet the evidence is contradictory: Schrimpf et al. (2018) found that ImageNet accuracy correlates with neural predictivity but the relationship weakens among top-performing models, and Conwell et al. (2024) concluded that task objective contributes minimally. Here we show that this discrepancy reflects saturation effects that vary across the cortical hierarchy. Evaluating 86 models from 10 architecture families on human 7T fMRI (NSD, 6 hierarchy levels) and macaque electrophysiology (TVSD, 3 regions), we find that the correlation between task accuracy and brain-predictivity increases monotonically: r = 0.53 at V1, 0.69 at V4, and 0.78 at IT in macaques, and r = 0.65 to 0.85 across six levels in humans. This ascending gradient is conserved across species and generalizes to action recognition, confirming that task competence is a primary determinant of neural alignment, obscured when collapsing across cortical levels.",theoretical / computational neuroscience,artificial intelligence / machine learning
Extended_Abstracts,359,pending,"Balancing forward and backward reasoning, by studying the Gadget Game","Many real-world problems involve planning toward long-horizon goals, often requiring a balance of goal-directed backward search and forward exploration. Different domains may yield different tradeoffs for whether backward or forward reasoning is preferrable. Here, we study the utility and limitations of backward reasoning in a domain inspired by theorem proving: the ""Gadget Game"". We implement and evaluate a progressive suite of computational reasoning models in this puzzle environment. We begin with baseline backward reasoning solvers, systematically augmenting them with heuristics, constraint propagation, and smarter pruning to mitigate compute challenges that often arise in backwards planning. We demonstrate that highly optimized backward search, in this domain, is fundamentally limited when intermediate ``lemmas'' are required. To bridge this gap, we introduce mixed and adaptive models that integrate forward reasoning with backward reasoning, enabling bypassing the limits of pure goal-directed search. By testing these models in simulations across a range of puzzles, we aim to take initial steps to better understand how to strategically trade off cognitive effort and solution quality when navigating complex problem spaces.",computational cognitive science / cognitive modeling,artificial intelligence / machine learning
Extended_Abstracts,360,pending,fMRI and Electrophysiological Recordings are Equally Sensitive for Differentiating Deep Neural Network Models of the Brain,"Evaluating how well computational models predict brain responses has become a standard tool for understanding biological vision. Two recording modalities dominate this effort: macaque electrophysiology, which offers fine temporal and spatial resolution across select areas, and human fMRI, which offers whole-brain coverage at coarser spatiotemporal resolution. Given these fundamental differences, it is plausible that the two modalities would yield different model evaluations. Yet whether they agree has never been established. We compare neural alignment scores of 86 models across 10 architecture families on human 7T fMRI and 3 macaque electrophysiology datasets at matched visual areas. The two modalities produce highly similar model rankings: V1 (r = 0.892), V4 (r = 0.908), HighVentral/IT (r = 0.919), replicated across datasets (meta-analytic r = 0.846). Agreement holds across all model layers (r = 0.82 to 0.86), indicating structural convergence. We suggest this reflects a ""super-resolution"" property: thousands of coarse voxel measurements collectively provide as much information as electrophysiological recordings.",theoretical / computational neuroscience,artificial intelligence / machine learning
Extended_Abstracts,361,pending,Multistep representation of social networks in large language models,"The ability to navigate social relationships is critical for adaptive social behavior. However, artificial intelligence systems show striking failures in solving the kinds of social reasoning problems that humans excel at. Although large language models' social behaviors are not human-like, we find preliminary evidence that their internal representations contain information about multistep social relationship, a representational format that allows humans to make adaptive social choices.",artificial intelligence / machine learning,computational cognitive science / cognitive modeling
Extended_Abstracts,362,pending,Cognitive and Neural Origins of Persistent Experiences,"What cognitive and neural mechanisms cause us to think about recent experiences, even when we do not want to? We quantified the persistence of mental content by asking participants to generate word chains before and after reading an immersive story. Participants generated story-related words and reported lingering thoughts after reading. This effect was not eliminated by explicit instructions to suppress story-related thoughts, nor by distractor tasks that interfere with short-term memory. In a separate fMRI study, generating story-related words was associated with increased activity in regions linked to long-term memory retrieval. Thus, it appears that persistent mental content is generated by a form of spontaneous long-term memory retrieval. A key question remains: what is cuing these sometimes surprising or unwanted retrievals?",experimental neuroscience (systems / cognitive),psychological / behavioral research
Extended_Abstracts,363,pending,Optical Computing for Real-Time Neural Decoding,"We developed an Optical Neural Network (ONN) to decode behavior from neural signals in real time. Our method is non-linear and can infer behavioral outcomes from complex spatiotemporal patterns of neural activity across species and tasks. Our technique is orders of magnitude faster and more energy efficient than conventional electronic neural networks. High-speed decoding of neural activity is critical for real-time applications that require seamless integration and immediate responsiveness to dynamic environments. We performed an in-silico experiment, to demonstrate that our pipeline can be used for real-time prediction and classification tasks across non-human primates and mice.",theoretical / computational neuroscience,artificial intelligence / machine learning
Extended_Abstracts,364,pending,Using Transformer Attention to Assess How Temporal Integration in Music Relates to Aesthetic Pleasure,"Music unfolds over time, requiring listeners to integrate information across successive moments. How does this integration relate to a listener's aesthetic enjoyment? Previous studies have shown that listeners track such long-range temporal dependencies and that they influence enjoyment; however, these measurements have been restricted to simple melodies for which probabilistic models can be calculated. Here, we study how long-range musical structure relates to aesthetic enjoyment in actual musical recordings. Thirty participants listened to 60 sec clips of music from two genres (electronic, classical) while using a dial to report moment-by-moment enjoyment, followed by an overall aesthetic judgment of the full clip. The presence of long-range temporal structure in each clip was quantified using a computational measure of context dependence. This measure,mean attention distance (MAD), was derived from attention matrices of a transformer architecture adapted for use with music. A major advantage is that MAD can be computed directly from audio files. Initial analysis of N=19 participants reveals differences in MAD scores across musical clips and a potential relationship between MAD scores and peak enjoyment.",psychological / behavioral research,artificial intelligence / machine learning+computational cognitive science / cognitive modeling+theoretical / computational neuroscience
Extended_Abstracts,365,pending,"Remembered dialogue can shift alignment-relevant behavior in LLMs, with conditional effects of source credibility","Large language models are trained to satisfy behavioral and safety constraints, but this alignment is not always robust. Recent work has shown that fine-tuning on incorrect question-answer pairs produces broad shifts toward dangerous or inaccurate outputs, a phenomenon called emergent misalignment. Whether analogous effects can arise at inference time, without weight updates, and what factors modulate such susceptibility, remain unclear. Here we show that presenting as few as three examples of flawed dialogue exchanges framed as recalled memories of a user's past conversations can induce misalignment in several widely used models. Critically, when the model is given weaker instructions to merely ``take into account'' these memories, the social role attributed to the user's conversation partner significantly modulates the effect, consistent with sensitivity to source credibility cues. These findings suggest that memory recall in realistic deployment scenarios poses alignment risks that depend not only on content but on social context.",artificial intelligence / machine learning,
Extended_Abstracts,367,pending,How the Brain Can Build on Prior Learning: A Model and a Supporting Experiment,"It is currently not well understood how the brain builds on prior learning to facilitate the learning of novel tasks. This project tests a novel mechanistic model: after the prefrontal cortex (PFC) initially learns a new task, it provides re-entrant teaching signals to the anterior temporal lobe (ATL). This process ""offloads"" learned task circuits, making them potentially available as building blocks for future learning of novel tasks (as, e.g., in “fast mapping”). Notably, the learning algorithm does not require the backpropagation of errors, for which there is little empirical evidence. This model predicts that when learning a novel task, initial learning happens in PFC, then increased top-down information flow from PFC to temporal cortex after the task has been learned signals the transfer of the learned task module, indicated by increased category selectivity in temporal cortex and decreased information flow from frontal to temporal cortex after the task circuitry has been transferred. The model is supported by computational simulations as well as EEG data.",computational cognitive science / cognitive modeling,
Extended_Abstracts,368,pending,LieCAN: Neural attractor networks that perform real-world pose representation and path integration,"The hippocampal cognitive map represents the pose of an animal $\mathbf{(x,y,\theta)}$ in allocentric coordinates. However, self-motion-based velocity cues are sensed in egocentric coordinates. While continuous attractor networks (CANs) provide a framework for representing and updating pose, these models typically transform egocentric velocity signals into allocentric at every time step, introducing a computation that may be costly and noise sensitive. We propose \emph{LieCAN}, an architecture that utilizes the group structure of pose representations, in which the egocentric-allocentric transformation is embedded in the recurrent connectivity. The network directly integrates egocentric velocity inputs without requiring an explicit coordinate transformation at each step. Our results suggest that \emph{LieCAN} path integrates more accurately compared to a CAN that requires explicit transformation. Biologically plausible navigation circuits may benefit from hard-coding the coupling between egocentric and allocentric coordinates directly into their connectivity, motivating future experiments to test whether similar computations are implemented in the brain.",theoretical / computational neuroscience,
Extended_Abstracts,369,pending,State-Dependent Organization of Microscale Functional Circuitry in Mouse Visual Cortex,"Brain state modulates sensory processing across visual cortex, yet how it relates to the organization of functional circuitry at the level of individual neurons and cell types remains largely unknown. To address this, we constructed one of the largest microscale directed functional circuit maps in mouse visual cortex from calcium imaging of more than 57,000 neurons across four visual areas and five cortical layers. Using a time-aware causal inference framework, we found that intra-areal connections dominate across arousal states, consistent with experimental findings on the local bias of cortical anatomy. Among intra-areal connections, anterolateral area (AL) had the highest density, and among inter-areal connections, the AL$\leftrightarrow$rostrolateral area (RL) axis formed the strongest pathway. Laminar circuit organization was dominated by layer 6 recurrence within-layer, while the most prominent between-layer pathway was layer 5-to-layer 6 in low arousal and layer 4-to-layer 5 in high arousal. Spatial extent was selectively greater for excitatory-to-inhibitory connections in high arousal, but not for excitatory-to-excitatory connections. Across 6,597 electron-microscopy reconstructions of neuron pairs, synapse count predicted functional connection strength in both arousal states, but structure-function coupling was weaker in high arousal. In stimulus-driven response prediction, neuron pairs with stronger functional connections exhibited more similar predictive performance in both states, with performance varying by layer and cell type. Overall, our findings map, at single-neuron resolution, the multi-scale organization of directed functional circuitry in mouse visual cortex across brain states.",theoretical / computational neuroscience,artificial intelligence / machine learning
Extended_Abstracts,370,pending,Attentional Strategies in Social Coordination,"Successful coordination often requires people to adapt their plans to their partner's goals and intentions. However, exhaustively considering all possible joint actions and their long-term consequences is computationally infeasible for resource-constrained human minds. We propose that people manage this challenge with construal-aware partner modeling, which involves both selectively attending to task-relevant details and forming expectations about their partner's selective attention. Simulations in a cooperative cooking task show that the construal-aware approach recovers near-optimal joint performance, outperforming classical recursive reasoning models that assume full task representations. These results suggest that successful joint planning can be achieved when players reason about each others' cognitive limitations.",computational cognitive science / cognitive modeling,
Extended_Abstracts,371,pending,Early-life environments shape reinforcement learning computations across development,"A central goal of developmental research is to understand how early-life environments shape individual differences. However, real-world environments vary along countless dimensions. Which ones are relevant? Theoretical work from reinforcement learning (RL) specifies which environmental dimensions should shape learning and decision making and how. Here, we test these normative predictions over developmental timescales. We recruited a large sample of 10- to 25-year-olds to complete a battery of RL tasks and a self-report measure of early-life experience. Our findings largely align with RL's predictions. Younger adolescents from less enriched environments learned more slowly from positive outcomes; those with less control over their environment exhibited stronger Pavlovian influence on learning; and those from less predictable environments planned more using a mental model of the environment. This alignment with normative predictions suggests that individual differences in RL reflect, in part, rational adaptation to developmental environments.",psychological / behavioral research,computational cognitive science / cognitive modeling
Extended_Abstracts,372,pending,Individually Tuned Deep Neural Networks as Proxies for Human Internal Representations,"How does prior knowledge shape aesthetic experience? Aesthetic valuation influences decision-making, learning, and well-being, yet its underlying psychological mechanisms remain poorly understood. Rather than adopting a “universalist” view that aesthetic value derives from fixed stimulus properties, we take an interactionist approach, examining how artworks engage individual internal models shaped by experience and learning. We use individually tuned deep neural networks (DNNs) as computational proxies for these internal representations, extracting layer-wise metrics to link learned knowledge with judgments of familiarity and uniqueness.
Artworks from WikiArt were embedded into a high-dimensional similarity space using DreamSim, a neural network optimized to match human similarity judgments. Participants were trained to distinguish artworks by two visually similar artists using half of the stimulus space. After training, they rated artworks spanning trained (independent identically-distributed, IID) and novel generalization (out-of-distribution, OOD) regions for familiarity and uniqueness and performed category judgments. In parallel, we fine-tuned DNNs on each experimental condition's training set, creating personalized models that mirrored individual learning histories.
Participants (N=48) learned the categorization task and showed strong generalization to novel stimuli, with performance declining near the category boundary. Uniqueness ratings peaked for novel OOD artworks close to the train/generalization boundary. Similarly, fine-tuned DNNs successfully learned the task, with training on distance-to-category-boundary yielding more human-like generalization than training on artist labels.
We related these behavioral measures to several theoretically motivated metrics from each participant's fine-tuned network. Metrics capturing each test image's proximity to the training set (such as Euclidean and cosine distances) tracked familiarity and uniqueness in the expected directions with consistent sign across folds. By contrast, metrics summarizing only the activation pattern of a single image, without reference to the training set, were generally weaker. This pattern held across layers and training regimes, with alignment strongest in late encoder layers, supporting individually tuned DNNs as quantitative proxies for how learned structure shapes subjective aesthetic judgments.",theoretical / computational neuroscience,psychological / behavioral research+theoretical / computational neuroscience
Extended_Abstracts,373,pending,AI-Assisted writing may create an illusion of learning by dissociating performance from durable memory,"Students increasingly use generative artificial intelligence tools to complete academic work, yet their effects on long-term memory remain poorly understood. This study shows that using ChatGPT without guidance to complete a written assignment can impair lasting retention of information, though assignment performance appears high. Brief guidance in AI use mitigates these negative effects but does not enhance learning beyond traditional resources. The findings reveal a dissociation between observable task performance and lasting memory, demonstrating that higher-quality student work does not necessarily indicate stronger memory formation. These findings highlight that AI-assisted writing can shape encoding and create misleading impressions of learning, emphasizing the need to distinguish performance from actual knowledge retention and guide the integration of AI in education.",psychological / behavioral research,artificial intelligence / machine learning
Extended_Abstracts,374,pending,Language Experience Reshapes Conceptual Boundaries,"Language structures the world into semantic categories that support memory, generalization, and communication. However, semantic categories are not always isomorphic across languages; how bilinguals resolve these cross-linguistic differences remains unclear. This study adopts a controlled, feature-based approach using parametrically manipulated object continua to examine cross-linguistic categorization. English monolinguals, Mandarin monolinguals, and Mandarin-English bilinguals completed a two-alternative forced choice task to test whether bilinguals follow monolingual norms in each language or show an integrated categorization system across languages. While monolingual groups exhibited distinct category boundaries, bilinguals’ categorization did not vary by language—suggesting an integrated categorization system shaped by language exposure. We then trained a neural network model to learn category boundaries under varying language exposure. This model revealed that categorization differences arise from changes in perceptual feature weights. Together, these results suggest that bilinguals’ experiences give rise to a shared conceptual system determined by the combined statistical structure of multiple languages.",computational cognitive science / cognitive modeling,psychological / behavioral research
Extended_Abstracts,375,pending,Representational Geometry of Optic Flow Determines Heading Direction Encoding in Macaque MSTd,"Neural tuning is often thought to reflect stimulus statistics, so that more probable stimuli are encoded with more neurons and higher Fisher Information. However, heading-direction coding in macaque MSTd poses a challenge for simple efficient-coding accounts: many neurons prefer lateral headings, yet Fisher Information is higher near forward and backward headings. Here we resolve this puzzle by showing that this apparent mismatch can be explained by the asymmetric geometry of the optic-flow stimulus space. We analyzed hierarchical computational models in which heading direction generates optic flow, local motion is encoded in an MT-like stage, and MST-like units linearly pool MT responses. Across models, we consistently found that tuning heterogeneity in model MST emerges from an asymmetry in the optic-flow manifold induced by heading. Manipulating the distribution of heading direction in the model can modestly modulate the tuning properties, consistent with efficient coding. Key model predictions are consistent with the MSTd data based on a reanalysis of visually responsive macaque MSTd neurons recorded during 3D self-motion optic-flow stimulation. Furthermore, a simplified model based on projecting an elliptical input manifold onto individual axes (defined by the receptive field) recapitulates the pattern in MST data. Together, these results suggest that input manifold geometry shapes the downstream neural code.",theoretical / computational neuroscience,experimental neuroscience (systems / cognitive)
Extended_Abstracts,376,pending,Functional Localization as a Path to a Cumulative Research Enterprise in Human Intracranial Research,"Meaningful comparison of neuroscience findings requires assurance that the results pertain to the same brain region across individuals and studies.  Human intracranial research enables direct cortical recordings with millisecond resolution, but electrode locations are idiosyncratic across individuals and typically treated as belonging to the same functional system based on coarse anatomy. However, outside primary sensory areas, macroanatomy is an unreliable guide to function due to substantial inter-individual variability in functional topographies. Here, we advocate for functional localization in human intracranial research and demonstrate its feasibility using the language system as a test case. We show that (1) a localizer developed for fMRI reliably identifies language-responsive electrodes; (2) high-gamma power and BOLD signal strength are correlated within participants; and (3) a probabilistic fMRI atlas predicts whether an electrode is language-responsive better than anatomy alone. Thus, functional localization extends straightforwardly to intracranial research and can facilitate across-study comparisons.",experimental neuroscience (systems / cognitive),computational cognitive science / cognitive modeling
Extended_Abstracts,377,pending,Arousal-Biased Competition in Vision-Language Models,"In human vision, emotionally arousing stimuli capture attention more effectively than neutral ones, a phenomenon referred to as arousal-biased competition. Vision-language models trained on large-scale collections of human-generated image-text pairs may acquire similar biases in what they preferentially encode. We tested this hypothesis by presenting six CLIP models with composite stimuli containing two side-by-side images drawn from the OASIS affective image set, and quantified attentional bias using two complementary measures of representational priority. Trial-level mixed-effects models revealed that arousal consistently predicted attentional bias across all models and both metrics, such that more arousing images were prioritized in the models' representation. Valence effects were weaker and less consistent. These findings suggest that large-scale multimodal training may encode not only semantic structure but also human-like affective biases in visual attention.",artificial intelligence / machine learning,artificial intelligence / machine learning+computational cognitive science / cognitive modeling+psychological / behavioral research
Extended_Abstracts,378,pending,Subjective surprise is encoded in high-level visual representations of magic tricks,"Surprise is an emotion associated with expectation violation and ambiguous valence. While computations of prediction error and belief updating are well-characterized, it remains unclear how subjective surprise is ultimately computed from perceptual information. Here, we used visual neural networks to characterize fMRI responses to videos of subjectively surprising magic tricks. We found that surprise was predicted by visual features across the brain, including in regions previously implicated in different components of surprise processing. Meanwhile, event boundaries corresponding to magic reveal moments could not be recovered consistently from visual-related BOLD features. These results characterize the high-level visual substrates of subjective surprise beyond expectation violation alone.",experimental neuroscience (systems / cognitive),artificial intelligence / machine learning+psychological / behavioral research
Extended_Abstracts,379,pending,The effects of reassurance calibration on evidence sampling and commitment in LLM simulations of jumping-to-conclusions bias,"Jumping-to-conclusions (JTC) is a data-gathering bias characterised by premature decision making, and is implicated in both clinical and everyday decision-making. Although JTC is well studied, interventions modifying JTC behaviour remain limited and are often embedded within broader studies of delusion. The study investigates whether reassurance calibration influences evidence sampling and commitment in JTC-like decision processes. Using a controlled large language model (LLM) simulation, reassurance is manipulated (calibrated vs. miscalibrated) within a sequential evidence-gathering task to measure its effects on commitment timing and evidence requests. Across conditions, calibrated reassurance delays commitment, increases evidence seeking and improves accuracy, while miscalibrated reassurance shows inverse effects. Reassurance calibration provides a potential mechanism for modulating these behaviours central to the bias, offering a testable direction for future reasoning-bias research.",computational cognitive science / cognitive modeling,psychological / behavioral research
Extended_Abstracts,380,pending,Modern Machine Systems Exhibit Superhuman Speech Recognition,"Advances in machine learning have yielded machine systems that often approach human performance levels on real-world perception tasks. For speech recognition, it remains unclear whether the behavior of such models resembles that of humans. We addressed this question by measuring word recognition abilities in humans and models across a large set of speech distortions. Three recent industry speech recognition models trained on hundreds of years of speech  exhibited high correlations with the pattern of human performance. However, in absolute terms they were superhuman on most types of distortion. Overall, the results show that superhuman performance is now possible with systems that are optimized over enough data, and that industry systems fall short as models of human perception as a result.",psychological / behavioral research,artificial intelligence / machine learning
Extended_Abstracts,381,pending,Efficient Multi Subject Visual Reconstruction from fMRI Using Aligned Representations,"Reconstructing visual stimuli from fMRI remains a challenging problem, particularly under limited data and computational constraints, where existing methods degrade in performance. We introduce a subject-agnostic alignment framework using lightweight adapters, achieving up to 8% improvement in reconstruction metrics in low-data regimes. Combined with a principled image selection strategy, our approach reduces subject-specific data requirements from 1 hour to 24 minutes ( 60% reduction) while surpassing baseline performance and generalizing across architectures and training paradigms.",artificial intelligence / machine learning,computational cognitive science / cognitive modeling+theoretical / computational neuroscience
Extended_Abstracts,382,pending,Human early visual cortex represents high-level visual features during recall,"Episodic memory recall is thought to rely on reactivation of cortical activity patterns evoked during perception. However, emerging evidence shows that significant representational changes occur from perception to recall, primarily in the human early visual cortex (EVC). These changes have been observed for simple visual features in well-practiced memories. Yet, it remains unclear whether they generalize to complex natural visual input. Here, we tested whether, and how, the representations of natural scenes transform from perception to recall using representational similarity analysis combined with a deep convolutional neural network model. Across two fMRI studies, we found that EVC aligned most strongly with early model layers during perception. Strikingly, recall showed the reversed pattern with EVC representations shifting towards high-level, semantic features associated with deep model layers. Together, these results suggest systematic transformations in EVC representations arise from perception to recall.",experimental neuroscience (systems / cognitive),
Extended_Abstracts,383,pending,Specialized Computations for Generalized World Modelling in Prefrontal Cortex,"The prefrontal cortex is central to learning flexible internal models across diverse domains, yet the functional specialization enabling this remains unknown. We tested whether prefrontal specialization is representational (encoding domain-specific features) or computational (implementing domain-general computations). During fMRI, participants learned probabilistic features of virtual environments representing spatial, social, and sequential domain knowledge. Although each domain used different features, they shared the same feature-to-latent state mapping, matching their computational demands. The PFC showed no domain-specific feature representations. Instead, its neural patterns revealed a triad of specialized yet domain-invariant computations. Ventromedial PFC patterns reflected probabilistic inference, abstracting hidden probability distributions from observations and tracking trial-wise posterior task state changes within a low-dimensional latent space. Anteromedial PFC organized task states along orthogonal axes, tracking directional shifts within states and switches between different states, suggesting a global task coordinate system. Dorsomedial PFC patterns represented task dynamics, using predictive surprise to monitor validity of current internal model thus, switching task policies. These results suggest a principled architecture in medial PFC where three general-purpose computations jointly enable learning world-models across diverse environments.",computational cognitive science / cognitive modeling,artificial intelligence / machine learning+computational cognitive science / cognitive modeling+psychological / behavioral research
Extended_Abstracts,384,pending,Neuroplastic Memory Resists Retrieval Bias: Hebbian Pathways in a Deployed AI Agent,"We present Vera, an AI agent whose memory system implements four conditions inspired by biological
  neuroplasticity: use-dependent Hebbian strengthening (C1), active forgetting via exponential decay
  (C2), phased offline consolidation modeled on sleep (C3), and autonomous knowledge exploration (C4).
  Over 93 days of continuous deployment with a single user, Vera accumulated 34,200 episodic memories
  organized through 150,806 active Hebbian pathways. Analysis of a frozen snapshot reveals that pathway
  survival follows a dose-response gradient: pathways co-activated once survive at 62%, rising to 94%
  for those co-activated six or more times---a 1.5x gradient favoring co-activated memories, while
  popularity bias remains near zero (r = -0.079). These patterns emerge without explicit popularity
  debiasing, suggesting that Hebbian reinforcement provides a structural complement to static
  retrieval-augmented generation. On the LOCOMO long-conversation benchmark, Hebbian recall achieves
  76.7% on multi-hop questions versus 53.7% on single-hop, consistent with the hypothesis that
  associative pathways specifically support compositional reasoning over personal history.",computational cognitive science / cognitive modeling,artificial intelligence / machine learning+theoretical / computational neuroscience
Extended_Abstracts,385,pending,Multimodal Transformer Brain Encoder Captures fMRI Responses during Naturalistic Video Viewing,"A primary goal of neuroscience is to understand how the brain integrates multimodal information under naturalistic settings. Here, we introduce Multimodal Transformer Brain Encoder (MTBEn), a neural encoding model for predicting parcel-level fMRI responses during naturalistic video viewing. MTBEn extends prior vision-based approaches by introducing cross-attention, in which learnable parcel-level queries attend to multimodal representations from visual, auditory, and linguistic inputs. This mechanism enables parcel-specific routing of multimodal representations that can be linearly mapped to fMRI responses. We evaluated MTBEn on in- and out-of-distribution datasets across four subjects, showing accurate neural response prediction under naturalistic viewing and generalization across stimulus distributions. These results support cross-attention–based multimodal integration as a useful computational framework for modeling brain responses to naturalistic stimuli.",theoretical / computational neuroscience,artificial intelligence / machine learning+theoretical / computational neuroscience
Extended_Abstracts,386,pending,Human Single Neurons and Predictive Models Remap Differently in Reward and Transition Relearning,"Humans exhibit remarkable flexibility in goal-directed navigation, readily adapting to changes in spatial environments and associated rewards. The hippocampus is hypothesized to support this flexibility by encoding predictive relationships between states and rewards. We evaluated human behavior and single-neuron representational dynamics during a spatial sequence learning task that induces relearning through either transition revaluation (TR; changes in spatial structure) or reward revaluation (RR; changes in terminal rewards). To model these capabilities, we used neural sequence models, which learn predictive representations by associating non-consecutive spatial experiences as a framework for hippocampal-like predictive associative learning. At the behavioral level, prior work shows greater adaptation in RR than TR, suggesting that humans differentially update representations across conditions: reward updates are local, whereas transition updates rely on non-local temporal statistics that are slower to update. Our patient cohort (n = 16) exhibited a similar asymmetry. To model the effects of non-local spatial associations, we evaluated transformers with varying attention masks alongside RNNs. Across models, greater reliance on non-local predictive spatial associations led to a larger RR–TR performance gap. At the neural level, population activity in human neurons dissociated reward and transition relearning, as well as behavioral outcomes (successful vs. unsuccessful reevaluation), reflecting orthogonal representational updates. Both human neurons and sequence models exhibited greater spatial remapping during TR than RR. Together, these findings reveal a stability–flexibility trade-off in intelligent systems: transition representations encode non-local spatial relationships across states and are therefore slower and more costly to update than reward representations.",theoretical / computational neuroscience,artificial intelligence / machine learning+computational cognitive science / cognitive modeling+experimental neuroscience (systems / cognitive)
Extended_Abstracts,387,pending,Automated Adversarial Collaboration for Advancing Theory Building in the Cognitive Sciences,"Cognitive science often evaluates theories through narrow paradigms and local model comparisons, limiting the integration of theories across a broad range of tasks and models. We introduce an automated adversarial collaboration framework for adjudicating among competing theories without requiring manual a priori specification of candidate models or experiments; the system combines LLM-based theory agents, program synthesis, and information-theoretic experimental design into a closed loop. In a simulation study spanning three classic categorization theories, we found that this framework can successfully recover ground-truth theories across various noise settings. Together, these findings provide the first proof of concept for an in-silico closed-loop theory adjudication system for cognitive science.",computational cognitive science / cognitive modeling,artificial intelligence / machine learning+psychological / behavioral research
Extended_Abstracts,388,pending,Do you know what you can do? Measuring self-efficacy in sequential decision making,"Effective planning requires not just a model of the environment, but a model of self: how precisely can I execute the actions my plan requires? This metacognitive dimension of planning has deep roots in psychology under the construct of self-efficacy \citep{Bandura1997}, yet we lack formal tools for measuring it and understanding how it shapes sequential decision-making. We introduce the Climbing Challenge, a behavioral paradigm in which participants navigate two-stage decision trees by aiming at holds that vary in motor difficulty and reward. Because motor noise is the only source of uncertainty, path choice reflects how participants integrate reward structure with beliefs about their own capability. We formalize self-efficacy as a perceived motor noise parameter ($\hat{\sigma}$) within a reinforcement learning planning model, and by comparing it to empirical motor noise ($\sigma$), obtain a measure of self-efficacy calibration. Preliminary results (N=74) reveal systematic individual differences in self-efficacy calibration, with planning strategies further modulated by reward structure.",computational cognitive science / cognitive modeling,psychological / behavioral research
Extended_Abstracts,389,pending,Beyond Sensory Summation: How Expectations and Sensory Evidence Shape Multisensory Perception,"Perceptual decisions arise through the interplay of incoming sensory evidence and prior expectations. However, it remains unclear how this interaction shapes multisensory integration during the accumulation of decision evidence over time. Using dynamic audiovisual (AV) scenes in a semantic decision task, we examined how sensory reliability and semantic expectations influence decision-making. AV signals that were both coherent and congruent accelerated responses relative to unimodal conditions. This facilitation was strongest when visual input was degraded, consistent with increased reliance on joint AV contributions, as indicated by race-model violations demonstrating multisensory coactivation. Diffusion modeling revealed increased drift rates alongside longer non-decision times, indicating stronger evidence accumulation despite additional sensory processing, and resulting in faster overall responses. Together, these findings reveal that multisensory integration is not a fixed sensory-gain mechanism but a context-dependent coactivation process that selectively enhances evidence accumulation when signals converge on a shared semantic interpretation.",computational cognitive science / cognitive modeling,psychological / behavioral research+experimental neuroscience (systems / cognitive)
Extended_Abstracts,390,pending,Topographic constraints drive the emergence of grid-cell center-surround connectivity in path-integrating networks,"Grid cells in the medial entorhinal cortex (MEC) fire in periodic, hexagonal patterns and are wired with a characteristic center-surround recurrent connectivity. Prior computational models have reproduced some of these features, but typically by hand-designing the relevant wiring or by recovering structure after post hoc neuron sorting. Neither of these strategies tells us why this pattern exists and whether such a connectivity can emerge directly through learning. Here we trained a recurrent neural network to perform path integration while encouraging nearby neurons to have similar outgoing connectivity. This constraint introduces spatial geometry over neurons and breaks the permutation symmetry, thereby biasing the network toward spatially organized solutions. We find that this model not only performs path integration effectively and develops grid-like representations, but also exhibits clear center-surround recurrent connectivity without any sorting step. These findings suggest that center-surround wiring in the MEC may emerge naturally from the interaction between task demands and topographic constraints, rather than requiring specially engineered wiring rules.",artificial intelligence / machine learning,theoretical / computational neuroscience
Extended_Abstracts,391,pending,A Simple Biologically Plausible Neural Model is Capable of Basic Natural Language Aqcuisition,"Despite tremendous progress in neuroscience, we do not have a compelling narrative for the precise way whereby the spiking of neurons in our brain results in high-level cognitive phenomena such as reasoning and language. NEMO is a simple formulation of six basic and broadly accepted principles of neuroscience: excitatory neurons, brain areas, random synapses, Hebbian plasticity, local inhibition, and inter-area inhibition. We implement with NEMO a simulated neuromorphic system capable of basic language acquisition: starting from a tabula rasa, the system learns, in any language, the semantics of words, their syntactic role (verb vs. noun), the word order of the language, and the ability to generate novel sentences, all through the exposure to a number of grounded sentences that is similar to language acquisition by humans. The difficulty of learning the word order of the language decreases with the prevalence of the word order among world languages.",computational cognitive science / cognitive modeling,theoretical / computational neuroscience
Extended_Abstracts,392,pending,Learning long-range spatial dependencies with spectral convolutional state space models,"Visual perception emerges from computations performed over feedforward and recurrent feedback connections between neurons. Yet today's state-of-the-art deep neural networks are almost entirely feedforward. Scaling has favored exclusively feedforward architectures that fit deep learning hardware, even at the cost of biological alignment. Here, we bridge the gap between biology and deep learning at scale with spectral convolutional state space models (SCSSMs), a scalable vision architecture that implements recurrent horizontal connections by lifting convolutional recurrence into the Fourier domain. A single SCSSM layer achieves human-level performance on visual reasoning challenges where transformers fail, and can be scaled up to large-scale vision benchmarks while matching transformer training speeds with fewer parameters and improved performance.",artificial intelligence / machine learning,computational cognitive science / cognitive modeling+psychological / behavioral research+theoretical / computational neuroscience
Extended_Abstracts,393,pending,Planning as a Cognitive Cost that Discourages Goal Switching,"People exhibit a striking preference for maintaining their current goals even when better alternatives are readily available. While this bias can be framed as irrational (e.g., the sunk cost fallacy), goal persistence may be adaptive for conserving cognitive resources. We hypothesized that some of this persistence is attributable to the the cost of planning that comes with switching between goals. We conducted a behavioral experiment ($n=60$) in which participants pursued goals under two conditions: one in which they had to plan towards goals before pursuing them and another in which they were given the optimal plan. We found that people persisted with their goals more when they had to create their own plans. We quantified the cognitive costs of planning with behavioral modeling and found that planning costs predict decreased goal switching. These results indicate that people are sensitive to the cost of planning, and suggest that goal persistence may be an adaptive response to these cognitive costs.",computational cognitive science / cognitive modeling,psychological / behavioral research
Extended_Abstracts,394,pending,Cinematic Cuts Reshape Neural Event Boundaries: Individual-Level Evidence From Naturalistic Movie Viewing,"To remember our continuous naturalistic experiences, we segment them into individual events with high internal perceptual and/or semantic stability, which become critical units for episodic memory encoding and retrieval. In the audiovisual domain, most prior work has studied the neural mechanisms of event segmentation using naturalistic media, e.g., films and TV shows. However, it remains unclear whether and how cinematic cuts between scenes may artificially influence event perception and memory in the brain during movie viewing compared to naturalistic experience, given their ubiquity in the former and their complete absence in the latter. Participants (N=7) each viewed a unique version of a 44-minute single-take TV episode in which 18 target narrative events were presented in one of three conditions: Original (unedited), Canonical (cut inserted at a high-probability event boundary), or Adversarial (cut inserted at a low-probability boundary). We used a data-driven procedure to identify individual neural event boundaries in  Default Mode Network (DMN) regions of each participant. Preliminary results show that canonical cuts increased the probability of generating an event boundary in the angular gyrus (AG, $\beta=0.066, t(6)=2.36$). Additionally, all cinematic cuts reduced inter-subject neural synchrony (ISC) in medial prefrontal cortex (mPFC, d <-0.67), whereas only Adversarial cuts had a similar effect in AG (d=-0.76). Our results suggest that visual cinematic cuts interact with the cortical hierarchy of narrative and event processing regions in the human brain.",computational cognitive science / cognitive modeling,
Extended_Abstracts,395,pending,Multi-regional neural network models capture distributed working memory representations in human fMRI,"How does working memory flexibly maintain and guide action plans in dynamic environments? Recent work has proposed that ""contingency representations""—mappings between expected future cues and actions—help unify these working memory and planning computations (Ehrlich & Murray, 2022). Yet, how these contingencies emerge across distributed cortical circuits to guide behavioral outputs remains unknown. To address this question, we trained human participants to perform the Conditional Delayed Logic (CDL) task while being scanned in fMRI. This revealed dissociable contributions of cortical networks during the delay: the sensory cue was maintained persistently in higher-order visual cortices, rules and contingency states were actively maintained across the fronto-parietal network, and specific motor outputs were maintained in the somatomotor cortex. To further examine how sensory representations are transformed into contingencies, we trained a biologically constrained, multi-regional recurrent neural network (RNN) model to perform the CDL task. The neural geometry of the RNN developed a functional hierarchy across regions, reminiscent of human delay-period activity. Perturbing task-relevant subspaces of the RNNs demonstrated that hierarchical partitioning of cue and contingency information confers robust protection against distractors. Together, these results provide a mechanistic account of how multi-regional neural circuits construct contingency representations to support robust, context-dependent behavior.",computational cognitive science / cognitive modeling,theoretical / computational neuroscience
Extended_Abstracts,396,pending,Speed vs. Accuracy in aDDM Inference: Where Shortcuts Fail!,"Attentional drift diffusion models (aDDMs) provide a mechanistic account of how visual attention dynamically influences value-based decision-making. However, full Bayesian inference has been computationally intractable due to within-trial drift rate dynamics precluding analytic likelihood estimates. This intractability lead researchers to rely on time-averaged drift approximations (TADA), where drift rate dynamics were reduced to a single ""equivalent"" drift. In previous work, Liu et al., (2026) demonstrated that TADA methods are statistically inconsistent and showed with targeted counterexamples how they can bias conclusions about attentional effects when the true data-generating process is the aDDM.  They further derived an algorithm that speeds up proper aDDM likelihood computation by three orders of magnitude. Here we present an application and translation of this research. First, we provide a software integration bridging the gap toward practical application: our methods are now available to be used naturally via the probabilistic programming library PyMC. We extended our algorithm to an autodifferentiable JAX implementation, enabling gradient-based MCMC methods like NUTS. Second, we present a comprehensive, systematic Bayesian parameter recovery study comparing TADA against proper aDDM inference. This provides clear guidance for experimentalists on the consequences of using TADA and pinpoints specific risks to scientific conclusions when it is applied for computational convenience.",computational cognitive science / cognitive modeling,psychological / behavioral research
Extended_Abstracts,397,pending,Hyperthermia affects heterogeneity of neuronal network inducing abnormal synchronization,"Temperature variations outside of an appropriate physiological range can have debilitating effects in neurological disorders. While the temperature sensitivity of individual neurons is well understood, it still remains unclear how temperature affects the impulse pattern at the collective level of networked neurons. Moreover, neural oscillations and their synchronization are fundamental for coordinated neural activity during normal brain functioning. Here, we investigate how temperature affects neuronal synaptic transmission and its effects on synchronization.  Our results indicate that elevated temperatures shift the neuronal behaviors towards the range of chaotic and bursting activity, thereby facilitating the network evolution from noncoherent to coherent states.",theoretical / computational neuroscience,computational cognitive science / cognitive modeling
Extended_Abstracts,398,pending,Grasp-relevant Representation of Objects in the Human Parietal and Occipito-temporal Cortices,"The human visual system supports a broad range of behaviors toward objects, from recognizing them to performing actions on them. In this fMRI study, we focused on two specific behaviors (odd-one-out similarity judgments and grasping) and investigated how representations in the parietal and occipitotemporal cortices relate to each behavior. In the fMRI experiment, participants viewed and, after a delay, grasped 3D-printed objects. We localized object-selective regions in lateral occipitotemporal cortex (LOT) and inferior intraparietal sulcus (inferior IPS), as well as grasp-selective regions in anterior intraparietal area (AIP) and supramarginal gyrus (SMG). In the visual phase, LOT and inferior IPS responses were more strongly associated with the odd-one-out than grasping behavior, whereas AIP and SMG did not show this pattern. During the motor phase, AIP and SMG patterns related to both the grasp and the odd-one-out behaviors, while LOT and inferior IPS remained associated with just the odd-one-out behavior. All regions were associated with both behaviors during the delay phase. These findings highlight the distinct roles of occipitotemporal and parietal regions in a natural grasping task: occipitotemporal regions reflect object similarity independent of action, whereas parietal regions reflect both object similarity and grasp-relevant features, simultaneously encoding multiple representations to support coordinated actions toward objects.",experimental neuroscience (systems / cognitive),computational cognitive science / cognitive modeling
Extended_Abstracts,399,pending,Unifying Gestalt Principles of Perceptual Organization Through Feedback-Mediated Learned Prior Integration,"Gestalt principles of perceptual organization (such as closure, similarity, continuation, and figure-ground
segregation) have long been characterized as distinct rules guiding visual
perception. We demonstrate that these diverse phenomena emerge from a single
mechanism: inference-time prior integration through cortical feedback pathways.
We introduce Generative Inference, implemented via Prior-Guided Drift Diffusion
(PGDD), which repurposes feedback connections used during learning to refine
neural activations at inference time. Applied to a pre-trained robust network
without additional training, PGDD produces induced activity (feedback-driven
responses at stimulus-absent receptive field locations), capturing the neural
and perceptual signatures of all four Gestalt phenomena tested in neurophysiological
experiments. These effects depend on dynamic integration of learned priors and are absent in
large-scale recurrent and predictive coding models despite their feedback connections,
demonstrating that what matters is not recurrence per se, but whether feedback
carries learned prior information. These results suggest Gestalt principles are emergent consequences of
feedback-mediated prior integration.",computational cognitive science / cognitive modeling,artificial intelligence / machine learning
Extended_Abstracts,400,pending,Reading Upper Body Movements Improves Prediction and Limits Deception in a Competitive Reaching Task,"In daily interactions, we often have to read others’ body movements to predict their goals. To understand how humans predict actions when deceptive movements are possible, we designed a competitive reaching task in which participants competed in reaching for one of two targets while they were allowed to deceive each other. To determine how access to upper body movements outside the finger affects performance in this task, in a control task, participants responded to a dot representing the finger movements from the main task on a computer screen. Reaction times were faster when participants had access to full upper body movements compared to when they responded to the moving dot on the screen. This advantage was stronger in deception trials. These results demonstrate that access to full upper body movements is critical for predicting others’ goals, especially in the presence of deception.",psychological / behavioral research,
Extended_Abstracts,401,pending,Task demands and inductive biases jointly shape the generality of working memory gating policies,"Working memory (WM) is central to complex cognitive capabilities such as planning and decision-making across humans and animals. Deciding what information may be relevant in the future and robustly maintaining it while ignoring irrelevant information is the problem of WM management or {\itshape gating} that animals appear to solve across diverse domains. In this work we ask what aspects of task demands and a system's inductive biases shape WM management strategies in a way that are generalizable across tasks or specifically tuned to tasks. We find that networks with explicit architectural bias for gating, such as LSTMs, show facilitation when exposed to one WM task and trained on another. On the other hand, RNNs and transformers show interference, where, gating-like strategies do not transfer between WM tasks, instead, harming a trained network relative to random initialization. Taken together, our work sheds new light on the evolutionary and developmental contributions to animals' WM management.",computational cognitive science / cognitive modeling,artificial intelligence / machine learning+computational cognitive science / cognitive modeling+theoretical / computational neuroscience
Extended_Abstracts,402,pending,Language Models Implement Semantic Control to Rerepresent Concepts in Context,"Humans have a rich semantic model of the world---we know that a train has wheels as well as that it is made out of metal and affords transportation. Whereas our understanding of how semantic knowledge might be represented has seen productive research in the past decades, it remains poorly understood how we use this knowledge in practice---navigating the world with goals and desires requires dynamically using semantics to guide behavior. How do neural systems exert control over their representations of the world? We study semantic control in language models in a concept list task and find relatively simple mechanisms responsible for context-dependent rerepresentation and subsequent behavior.",artificial intelligence / machine learning,artificial intelligence / machine learning+computational cognitive science / cognitive modeling
Extended_Abstracts,403,pending,Memories reflect the expected value of abstraction,"For an intelligent memory system to support decision-making, it must balance competing needs for specificity and generalization. Given that both are useful for different decision-making contexts, it is unclear how people create appropriately abstracted memories for an uncertain future. Here, we demonstrate that people form expectations about the value of abstraction for future decision-making, and that these expectations shape what kinds of memories are created. As a consequence, memories fail to support adaptive choice when decision-making demands are incongruent with prior expectations.",psychological / behavioral research,computational cognitive science / cognitive modeling
Extended_Abstracts,404,pending,Evidence for Object-centric Association Fields in Human Visual Cortex,"Object-based feature grouping in natural scenes requires the visual system to bind image regions into coherent wholes despite ambiguous boundaries and overlapping objects. Association fields in early visual areas have been shown to link neurons with similar low-level features, but grouping in natural scenes requires richer, object-centric connectivity in visual areas. Here we provide evidence for the existence of such object-centric association fields in human visual cortex. Using the Natural Scenes Dataset, a large-scale fMRI dataset of responses to natural scenes, we show that models with stronger object-centric local feature similarity structure better predict brain responses in visual areas. Supervised models fine-tuned to match the Gram matrix structure of a self-supervised model show corresponding improvements in brain predictivity in these areas, pointing to local feature correlation structure as the active ingredient. Together, these results provide evidence for object-centric association fields in human visual cortex and point to feature correlation structure across local representations as a key organizing principle of object-level processing in the brain.",theoretical / computational neuroscience,artificial intelligence / machine learning
Extended_Abstracts,405,pending,Reused representations and connectivity drive compositional generalization,"Humans exhibit a remarkable capacity for few-shot generalization—acquiring new tasks from limited experience. This ability is thought to arise from compositional reuse of computations, with complex behaviors assembled from simpler components. Understanding the computational basis of this reuse could illuminate both how the brain achieves flexible learning and how to build artificial systems capable of the same. Compositional reuse could rely on the sharing of representations of task variables. Alternatively, the same connectivity could be reused across tasks. We do not yet know whether both forms of reuse occur in neural networks, and whether reuse of representations or connectivity predicts generalization.

To systematically compare representation and connectivity reuse, we adapted an existing activity-based measure of reuse and introduce a novel connectivity-based measure that quantifies the extent to which circuitry is shared across tasks. To test these statistics, we applied them to minimal artificial reference networks with known degrees of compositional structure as standardized benchmarks. We found that the two measures diverge when task-irrelevant activity is present—suggesting that the choice of component is not merely definitional, but has measurable empirical consequences. We then correlated measures of reuse with the rate at which networks generalize to new tasks. We found both representation and connectivity reuse each significantly predict generalization speed. Together, these results demonstrate that while reuse can occur independently at the levels of activity and connectivity, both may support generalization and could serve as effective inductive biases for flexible, few-shot learning in artificial systems.",theoretical / computational neuroscience,
Extended_Abstracts,406,pending,Decoding implied motion magnitude using fMRI activity,"While motion sensitive regions MT/MST play a role in the inference of implied motion, how the brain represents the magnitude of implied motion from static scenes remains unclear. To bridge this gap, we employed an LLM to classify images from Natural Scenes Dataset containing implied motion, and also generated a fine-grained motion magnitude score for such images. Using the implied motion classification we conducted a t-test that revealed that higher-level regions including MT, EBA were sensitive to the contrast between scenes with implied motion and scenes without, consistent with previous studies. Next, we found that the implied motion score correlated with the brain activity in the visual cortex, dorsal stream, and anterior regions suggesting that cortical regions show continuous implied motion sensitivity. Finally, we also constructed a linear decoder that could reliably predict the implied motion scores from the brain activity. Overall, our work shows that implied motion from static scenes is represented more broadly through the brain than previously thought, and the brain encodes granular information about the magnitude of motion.",theoretical / computational neuroscience,artificial intelligence / machine learning+computational cognitive science / cognitive modeling
Extended_Abstracts,407,pending,Spatial Attention Enhances Figure-Ground Modulation in Human Early Visual Cortex,"Figure-ground segregation requires the visual system to assign local image elements to a figure or to its background based on the broader context of the scene. In primate visual cortex, figure-ground modulation (FGM) has been linked to recurrent processing, and human fMRI studies have shown FGM in V1--V3. However, it remains unclear how attention interacts with FGM, with mixed empirical results. We analyzed fMRI data from 30 adults viewing texture-defined figure-ground stimuli. Participants maintained central fixation, while texture-defined targets appeared in four peripheral quadrants. Central cues directed covert spatial attention to one of the four target locations, leaving the remaining three unattended. Using population receptive field mapping and an independent spatial localizer, we isolated the parts of V1, V2, and V3 responsive to the target locations. We then quantified FGM using a figure-present minus figure-absent contrast, and examined how attention changed FGM across V1-V3. FGM occurred for both attended and unattended targets, but attention increased FGM, with the same qualitative pattern present across V1-V3. These results indicate that attention enhances the separation between figure-present and figure-absent responses, improving figure-ground segregation at early stages of visual processing.",experimental neuroscience (systems / cognitive),theoretical / computational neuroscience
Extended_Abstracts,408,pending,Discovering efficient maps for navigating a reconfigurable 3D environment,"How do biological and artificial agents build internal maps to efficiently and robustly navigate ambiguous environments? Prior work in animals has focused on characterizing spatially-tuned neural activity in simple arenas, while computational approaches often rely on resource-intensive methods that are specialized for specific settings. As a result, little is known about general cognitive algorithms that enable efficient learning and navigation in complex terrains that lack well-defined routes. We study this question in mice that freely explore a 3D maze in complete darkness, without any explicit trials or reinforcements. We enumerate assumptions about cognitive processes that underlie their map formation, and we use this to derive algorithms that can be validated in further experiments. Specifically, we combine a noisy path integrator with sensory localization by tactile perception; by sweeping the parameters of these model components, we infer likely loop closure events when mice correctly recognize previously-visited locations during early exploration of the maze. To validate these assumptions, we combine theoretical and experimental approaches. Theoretically, we simulate a navigation task to test whether loop closure locations are good for constructing compressed maps that support accurate self-localization. We find that these compressed, loop-closure-based maps outperform occupancy-based maps, suggesting that mice could use early loop closure locations to self-localize and guide future navigation. Experimentally, we develop a reconfigurable maze that allows us to rapidly enumerate 3D environments and conduct trial-based experiments with targeted perturbations. Together, this work aims to derive algorithmic principles for efficient online map-building in ambiguous environments. Such principles shed light on cognitive strategies for navigation and may also support the design of efficient algorithms for resource-constrained autonomous robots.",computational cognitive science / cognitive modeling,experimental neuroscience (systems / cognitive)
Extended_Abstracts,409,pending,Loss-calibrated attention in a neural sampling model of perceptual decision-making,"Attention is a central component of perception and cognition, yet its computational and neural basis remains debated. Attention is commonly conceptualized as the allocation of limited resources, but the nature of this resource remains unclear. Prior models link it to metabolic constraints, while other accounts emphasize selection mechanisms such as biased competition or perceptual load. Here, we develop the idea that the resource is computational: if the brain performs approximate inference by generating a finite number of samples from a posterior distribution, then these samples constitute the resource. We develop this idea in a 2AFC discrimination task, building on a neural sampling model that predicts task-specific neural and behavioral signatures and extending it to two locations to model spatial attention. The model predicts improved performance at attended locations and reproduces canonical neural signatures of attention, including increased gain, reduced response variability, and systematic changes in noise correlations.",theoretical / computational neuroscience,computational cognitive science / cognitive modeling
Extended_Abstracts,410,pending,Intentional Visual Framing as Attentional Scaffolding: Challenging the Photo-taking Impairment Effect,"The Photo-Taking Impairment Effect (PTIE; Henkel, 2014) holds that photographing objects diminishes memory encoding through cognitive offloading onto the device. We propose that this impairment reflects passive, undirected capture rather than an intrinsic cost of photography. Drawing on dual-coding theory (Paivio, 1990), neuroaesthetics (Chatterjee & Vartanian, 2014), and attentional control frameworks, we introduce the construct of intentional visual framing (IVF): the deliberate compositional act of selecting, bounding, and structuring a visual scene prior to capture. We present a theoretical model in which IVF recruits top-down attentional networks - dorsal frontoparietal circuits involved in goal-directed attention - and thereby promotes deep encoding and schema restructuring rather than offloading. Field observations from structured mobile-photography interventions (n approximately 400 students across several cohorts) provide convergent behavioral evidence: participants who completed active compositional tasks showed self-reported perspective shifts and heightened emotional salience relative to passive capture controls. We outline a computational account distinguishing passive capture (bottom-up, offloading) from IVF (top-down, scaffolding), and propose empirical paradigms to test the model. These findings reframe photography from a mnemonic liability to a trainable cognitive tool with implications for education, resilience interventions, and attentional scaffolding design.",computational cognitive science / cognitive modeling,psychological / behavioral research+experimental neuroscience (systems / cognitive)
Extended_Abstracts,411,pending,Integrating vision and language in long-term memory metamers,"Long-term memory (LTM) incorporates both visuo-spatial and semantic information. Recent work has studied the influence of visual information on short-term memory using a 'metamerism' paradigm: asking viewers to judge whether a pair of scenes separated by a delay are the same, when the second may have been computationally generated based on the first. That work's generative model, MetamerGen, supports visual but not semantic conditioning, limiting its ability to study LTM phenomena. In this work, we introduce MetamerGen-VL, an extended MetamerGen model incorporating both visual and text conditioning. Keeping visual input constant, we evaluate the impact of MetamerGen-VL's linguistic conditioning on recall rates in LTM. In session 1, participants viewed and described 150 images from MetamerGen's subset of the Visual Genome dataset; in session 2, they indicated whether they recalled having seen each of 180 briefly-shown images -- 30 unseen, 30 original, and 120 generated based on images from session 1. Our critical manipulation was the textual input to \seenscene: the participant's own description, another participant's description of the same image (cross-viewer condition), or a description of a different image (random baseline). We found an initial own-description benefit which vanished over 3 weeks, and a persistent random-condition penalty. This indicates that personalized semantics exist in LTM, but decay over time, whereas core meaning lasts. In future work, we will test how visual input affects recall to compare the relative strength of visual and linguistic information in LTM.",computational cognitive science / cognitive modeling,artificial intelligence / machine learning+psychological / behavioral research
Extended_Abstracts,412,pending,Othello-GPT Does Not Have a World Model: Lessons for Attributing World Models to Neural Systems,"When does a neural system use a world model rather than a collection of heuristics? Othello-GPT is often taken to be a clear and compelling example of a neural system using a world model (see starred references for examples). The evidence falls into three categories: near-perfect prediction of legal moves, near-perfect linear decoding of the board state, and highly successful causal interventions on that board state. We argue that the prediction evidence is explained equally well by heuristics, the decoding evidence relies on the wrong benchmark, and the intervention evidence is inflated by the methodology. As a result, none of this evidence favors one hypothesis over the other. We then introduce a fourth kind of evidence: transfer learning speeds on corrupted versions of Othello. This evidence favors the hypothesis that Othello-GPT is just using a collection of heuristics. We end by proposing a general framework that attributes world models using transfer learning speeds rather than performance, decoding, and interventions.",artificial intelligence / machine learning,computational cognitive science / cognitive modeling
Extended_Abstracts,413,pending,"Testing the Bayesian Confidence Hypothesis: Model Space, Linking Hypothesis and Empirical Fit","How the brain computes confidence remains an open question in computational cognitive science. The Bayesian confidence hypothesis -- that confidence reflects the posterior probability of being correct -- has attracted both supporting and contradicting empirical evidence, yet model comparisons to alternatives are complicated by various degrees of freedom in model specification.
Here, we first provide a systematic analysis of the free parameters involved in testing the Bayesian confidence hypothesis: (i) the choice of generative model used by the observer, and (ii) the link function mapping posterior beliefs to confidence reports. We propose a model space defined by two axes: how closely the generative model approximates the environment, and how much the model respects neural constraints.
Second, we apply this framework to previously published data(Adler & Ma, 2018), who tested Bayesian and non-Bayesian models of confidence in a visual orientation-discrimination task. We show that a subtly modified link between the posterior and confidence judgments -- unspecified by the Bayesian framework -- substantially improves the model’s fit to empirical data. We further demonstrate how goodness-of-fit depends systematically on the location of the generative model in the proposed model space. Finally, we find that the more realistic and complete Bayesian models outperform a recently proposed signal-detection-theory-inspired two-stage process model(Boundy-Singer et al., 2023).
Together, our results clarify the debate around the Bayesian confidence hypothesis and offer a principled approach to future model comparisons.",computational cognitive science / cognitive modeling,
Extended_Abstracts,414,pending,Interleukin-6 Trans-Signaling as the Primary Cytokine Mechanism Linking Urinary Tract Inflammation to Cognitive Dysfunction,"Urinary tract infections (UTIs) and urethritis are highly prevalent peripheral inflammatory conditions whose neurological consequences remain undercharacterized at the cytokine level. Multiple pro-inflammatory mediators are upregulated during urogenital infection, yet few studies have systematically evaluated the relative mechanistic contributions of individual cytokines to cognitive dysfunction. Building on prior computational work linking urethritis-induced neuroinflammatory cascades to cognitive decline, we present a narrative review examining interleukin-6 (IL-6) in the context of urogenital inflammation and associated neurological outcomes. IL-6 exhibits a distinct signaling profile through trans-signaling, wherein binding to soluble IL-6 receptor (sIL-6R) enables activation of gp130 on cells lacking membrane-bound IL-6 receptor, including cerebrovascular endothelial cells. This pathway provides a potential mechanism for peripheral inflammatory signals to influence blood–brain barrier (BBB) function and central nervous system homeostasis. Across multiple inflammatory models, IL-6 signaling has been implicated in cognitive impairment, neuroinflammation, and BBB disruption, while selective inhibition of IL-6 trans-signaling using sgp130Fc has been shown to improve cognitive outcomes and preserve BBB integrity without suppressing classical IL-6 signaling. Collectively, these findings support a model in which IL-6 acts as a central mediator linking peripheral urogenital inflammation to neurocognitive dysfunction, and suggest that the IL-6/sIL-6R/gp130 axis represents a promising therapeutic target for neuroprotection.",theoretical / computational neuroscience,computational cognitive science / cognitive modeling
Extended_Abstracts,415,pending,Data Diversity Drives the Emergence of        Symbolic Mechanisms in LLMs,"Recent work has identified an emergent three-stage symbolic architecture
in large language models (LLMs) supporting abstract reasoning. What
training conditions drive its emergence? We train transformers from
scratch on abstract sequence tasks and test how data diversity shapes
symbolic mechanisms. Using a combination of mechanistic interventions, and behavioral assessments of systematic (i.e., out-of-distribution) generalization, we find that both mechanistic and behavioral signatures of symbol processing scale with data diversity, suggesting that this may be a key factor driving the emergence of symbolic computation in LLMs.",artificial intelligence / machine learning,artificial intelligence / machine learning+computational cognitive science / cognitive modeling
Extended_Abstracts,416,pending,An affordance perspective of dynamic pursuit and emergent change of mind in artificial agents,"Biological agents possess a remarkable ability to adapt their decisions and actions on the fly. However, the computational and neural motifs that enable such flexible control remain elusive. Here, we used a prey-pursuit task to test whether affordance computation is necessary for flexible control generalization. Through systematic ablation of model modules, we found that affordance computation was essential for flexible control. Affordance-based agents exhibited emergent changes of mind similar to biological subjects, and dACC neurons encoded affordance-related variables, linking flexible control to a biologically plausible neural substrate.",artificial intelligence / machine learning,computational cognitive science / cognitive modeling
Extended_Abstracts,417,pending,Optimally Structured Mixed Selectivity. A Normative Theory of Control in Neural Circuits,"Neuroscientists and psychologists have long-puzzled over representations of task-relevant variables in PFC, seat of the mind’s executive control (Miller & Cohen, 2001), working memory (Funahashi et al., 1993), and schematic knowledge (Baldassano et al., 2018). We can summarise this work by contrasting the two proposed representations: modular vs. conjunctive. Modular codes neurally separate components of the task, a boon for compositional generalisation, but not for multi-tasking nor flexible downstream decoding (Badre, 2025; Feng et al., 2014; Musslick & Cohen, 2019, 2021). Answering both these concerns, conjunctive codes, in which single neurons are non-linearly mixed-selective to multiple task factors, have become popular (Rigotti et al., 2010, 2013; Tye et al., 2024), and align with PFC’s complex neural responses (El-Gaby et al., 2024; Warden & Miller, 2010; Xie et al., 2022). However, while PFC does exhibit high degrees of mixed-selectivity, its representations are also highly structured (Baram et al., 2021; Chiang & Wallis, 2018; El-Gaby et al., 2024; Samborska et al., 2022; Tian et al., 2024). Here, instead, we draw insight from the successes of circuit models for path-integration, like the fly head direction (Kim et al., 2017; Turner-Evans et al., 2017) or mammalian grid cell system (Rowland et al., 2016). These circuits carefully choreograph the connectivity between modular (e.g. grid cells) and conjunctive (e.g. conjunctive grid cells) neurons to implement meaningful computations. In these circuits, conjunctive neurons form the substrate of internal control, updating the representation of position in response to movements. We argue that this mantra - conjunction for control - is much broader. We show empirically that recurrent neural networks (RNNs) trained to track Finite-State Machines (FSMs) display similar tuning; we theoretically justify this with novel link between regularised RNNs and convex neural networks; and use this link to reinterpret recently-reported ’temporary variable’ subspaces. In sum, we argue for reinterpreting conjunctive coding as a symptom of internal neural control, rather than flexible downstream decoding. In so doing, we provide another tool in the ongoing quest to decode neural computations, in PFC and elsewhere, from available measurements.",theoretical / computational neuroscience,artificial intelligence / machine learning+computational cognitive science / cognitive modeling
Extended_Abstracts,418,pending,Hippocampus and Prefrontal Cortex Differentially Shape Memory Responses in Visual Cortex,"Sensory reactivation in early visual cortex occurs during both working memory and long-term memory tasks. We speculated that the control mechanisms originating from higher order brain areas differ between these two types of memory, with the hippocampus exerting more influence on long-term memory and prefrontal cortex on working memory. To test this, we examined fMRI response patterns in the visual cortex during both tasks as a function of response amplitude in the hippocampus and prefrontal cortex. Our results demonstrate a dissociation: hippocampal response amplitude is strongly linked to long-term memory responses in V1, V2, and V3, and prefrontal cortex amplitude is linked to working memory responses in V1.",experimental neuroscience (systems / cognitive),computational cognitive science / cognitive modeling+psychological / behavioral research
Extended_Abstracts,419,pending,Overgeneralization Emerges from Latent Cause Inference,Anxiety is associated with seemingly contradictory forms of altered generalization; individuals with anxiety disorder exhibit overgeneralization of fear responses to new stimuli and under-generalization of extinction learning to outside of the therapeutic context or time span. We employ a latent cause inference model with a time-informed Chinese Restaurant Process (CRP) prior to demonstrate that an increased preference for inferring more latent causes can provide a parsimonious account for both under-generalization from extinction learning and overgeneralization in stimulus space.,computational cognitive science / cognitive modeling,psychological / behavioral research
Extended_Abstracts,420,pending,Measuring the Representational Alignment of Neural Systems in Superposition,"Comparing the internal representations of neural networks is a central goal in both neuroscience and machine learning. Standard alignment metrics operate on raw neural activations, implicitly assuming that similar representations produce similar activity patterns. However, neural systems frequently operate in superposition, encoding more features than they have neurons via linear compression. We derive closed-form expressions showing that superposition systematically deflates Representational Similarity Analysis, Centered Kernel Alignment, and linear regression, causing networks with identical feature content to appear dissimilar. The root cause is that these metrics are dependent on cross-similarity between two systems' respective superposition matrices, which under assumption of random projection usually differ significantly, not on the latent features themselves: alignment scores conflate what a system represents with how it represents it. Under partial feature overlap, this confound can invert the expected ordering, making systems sharing fewer features appear more aligned than systems sharing more. Crucially, the apparent misalignment need not reflect a loss of information; compressed sensing guarantees that the original features remain recoverable from the lower-dimensional activity, provided they are sparse. We therefore argue that comparing neural systems in superposition requires extracting and aligning the underlying features rather than comparing the raw neural mixtures.",theoretical / computational neuroscience,artificial intelligence / machine learning
Extended_Abstracts,421,pending,Model-derived Minimal Image Pairs Predict Differential Responses in Human Scene-Selective Cortex,"Looking at scenes engages multiple scene-selective regions in the brain, including the parahippocampal place area (PPA), retrosplenial cortex (RSC), and occipital place area (OPA). However, what distinguishes their computations remains less well understood. Prior work has largely relied on cognitive dissociations, which identify differences in when regions may respond but not what visual features drive functional differences. Here, we employ a novel approach: we use computational models to generate images predicted to differentially modulate activity between scene-selective regions. We built encoding models based on CLIP embeddings for the PPA, OPA, and RSC and found that they predicted responses across subjects, while also showing substantial region specificity.  We then used the directions in CLIP embedding space, together with a diffusion-based generative method, to synthesize visually similar image pairs (i.e., minimal pairs) predicted to enhance responses in one region while suppressing it in another. We found that the predicted differential response modulation generalizes across subjects, particularly for comparisons involving RSC, while dissociations between OPA and PPA were weaker. The resulting images suggest that the relevant visual feature differences depend on the pair of regions being compared. Our framework demonstrates how models can be taken beyond their predictivity to directly construct new images or hypotheses that may help reveal what different brain regions compute.",computational cognitive science / cognitive modeling,artificial intelligence / machine learning+psychological / behavioral research
Extended_Abstracts,422,pending,Predicting Detail from Blur Enables Learning of Robust Visual Representations,"The human retina is highly non-uniform, with spatial resolution highest at the fovea and decreasing sharply with eccentricity, despite the subjective impression of a uniformly detailed visual world. We propose 
that the brain predicts fine peripheral structure from degraded input across saccades, 
and that this predictive--corrective cycle drives visual learning. Motivated by this, 
we replace blank tokens in masked autoencoder (MAE) pre-training with blurred tokens 
that preserve coarse spatial structure, mimicking peripheral sampling. We ask: (Q1) 
Can a Vision Transformer (ViT) reconstruct full-resolution detail from blurred, 
incomplete input? (Q2) Can predicting from bandwidth-limited input yield transferable 
representations that improve classification over blank masking? We pre-trained ViT 
with blank vs.\ blur masking across mask ratios (0.65--0.95) on CIFAR-10 and ImageNet, 
then fine-tuned for classification. Both questions were answered affirmatively. 
Blur-masked models reconstructed coherent images even at high mask ratios where 
blank-masked models failed (Q1), and consistently outperformed blank masking in 
classification — especially under high mask ratios and limited training (Q2). 
Spatial frequency (SF) analysis revealed that under challenging conditions — high mask 
ratios and limited training — blank-trained models shift toward high-SF preference, 
making them susceptible to high-SF representations that are contributing to lower classification accuracy. Blur-trained models, 
by contrast, maintain low-to-mid SF preference and remain noise resistant across these 
conditions. These findings draw a natural parallel to biological vision: humans operate 
under limited foveal access and finite visual experience, and blur masking — like 
peripheral vision — provides reliable low-frequency context that scaffolds robust 
learning even under impoverished conditions.",computational cognitive science / cognitive modeling,artificial intelligence / machine learning+computational cognitive science / cognitive modeling
Extended_Abstracts,423,pending,Latent Brain States Improve Prediction of Neural Responses to Visual Stimuli in Mouse V1,"Neural activity in the mouse primary visual cortex (V1) is strongly modulated by internal brain states, beyond what is explained by visual input alone. Behavioral variables such as pupil size and locomotion provide partial and indirect access to these states. Here, we introduce a latent-variable framework that infers low-dimensional internal brain states directly from activity of a subset of neurons and integrates these latent states with the visual input image to predict the responses of separate target neurons. These learned latent states significantly improve prediction accuracy over models that also predict neural responses from the image but rely on measured behavioral variables rather than latent internal states. The latent variables did not merely capture redundancy in neural activity, as predictive gains persisted even when the latent states were inferred from a small subset of input neurons and restricted to a very low-dimensional representation. The model revealed that neurons exhibited mixed sensitivity to visual input and internal brain state. Our results support the interpretation of latent variables as meaningful representations of internal brain states.",theoretical / computational neuroscience,experimental neuroscience (systems / cognitive)
Extended_Abstracts,424,pending,Semantic Drivers of Gaze in Individuals With and Without Autism During Dyadic Conversation,"What governs when we look at other people during a conversation? Emerging evidence suggests that the pragmatic demands of social interaction play a critical role, but it remains unclear how the semantic content of speech modulates gaze in real-time. Here, we test whether the content of individuals’ speech predicts their moment-to-moment fixations on a conversational partner’s face, and whether this differs between individuals with and without autism. We quantified semantic content using speech embeddings and aligned it with time-resolved eye-tracking data collected during a dyadic conversation. We found that externally oriented, factual speech increases face fixation, relative to internally oriented, reflective speech, and that this semantic modulation was stronger in autism. These findings demonstrate that semantic content plays a key role in shaping social gaze behaviour during conversation.",psychological / behavioral research,computational cognitive science / cognitive modeling
Extended_Abstracts,425,pending,Behavior and Autonomic Physiology Characterize Brain State Dynamics During Naturalistic Gameplay,"How does the brain organize continuous, goal-directed behavior? Most brain state research relies on resting-state or passive paradigms where behavior is absent or impoverished. We analyzed fMRI data from five participants who each completed 18-30 sessions of Super Mario Bros gameplay, with concurrent behavioral event annotations and autonomic physiology (electrodermal activity, respiration). Fitting a Gaussian hidden Markov model per subject to parcellated, PCA-reduced brain data, we discovered 9-11 active brain states per individual. Action rate and time since last death ranked among the top three predictors of state identity for all five subjects, with autonomic signals contributing independent explanatory power beyond behavior alone. Death events produced the most consistent state reorganization. Despite fully independent modeling, 8 of 11 consensus states were shared across all five subjects (mean cosine similarity $= 0.72$, accounting for PCA sign ambiguity; $p < 0.001$). These results demonstrate that brain states during active naturalistic behavior are governed by a compact, shared neural repertoire whose transitions are jointly shaped by behavioral events and bodily arousal.",experimental neuroscience (systems / cognitive),computational cognitive science / cognitive modeling+psychological / behavioral research
Extended_Abstracts,426,pending,Large-scale vision models show sparks of visual reasoning from natural image training,"Large-scale pretraining has become the dominant paradigm in computer vision, but do the representations it produces support visual reasoning—the ability to trace contours, group elements, and resolve spatial relationships? These capabilities have proven difficult to learn directly: neither CNNs nor transformers could solve benchmarks like Pathfinder when trained directly on millions of examples (Kim et al., 2020; Linsley et al., 2018; Tay et al., 2021). Here, we ask whether large-scale pretraining on natural images succeeds where supervised training on these tasks does not. We probe 1,259 pretrained models from the TIMM library on Pathfinder and cluttered ABC (cABC), using linear probes on frozen representations. Most models fail as the required reasoning range increases. However, the largest and most recent ViTs break this trend, showing a strengthening relationship between ImageNet accuracy and visual reasoning performance. These results suggest that large-scale pretraining may give rise to long-range visual reasoning capabilities that explicit training could not—with implications for architecture design and the use of deep networks as models of biological vision.",computational cognitive science / cognitive modeling,artificial intelligence / machine learning+psychological / behavioral research+theoretical / computational neuroscience
Extended_Abstracts,427,pending,"Temporal Prediction Produces Viewpoint-Consistent, Human-Aligned Vision in DNNs","A long tradition in computational neuroscience proposes that the temporal structure of visual experience shapes how biological systems learn to see. Deep neural networks (DNNs), typically trained on static labeled images, lack this inductive pressure. Could the learning regime explain their growing misalignment with human vision? We fine-tuned large pretrained vision transformers on naturalistic videos of real-world objects, systematically comparing self-supervised objectives that range from reconstructing the current frame to interpolating between frames to predicting the next frame. Next-frame prediction in pixel space produced the largest gain, raising alignment with humans to near the human ceiling while maintaining classification accuracy and near-human-level viewpoint stability. These results offer a step toward identifying the learning principles that wire up biological vision.",artificial intelligence / machine learning,computational cognitive science / cognitive modeling+theoretical / computational neuroscience
Extended_Abstracts,428,pending,Focus particles and scalar inferences across humans and language models,"Focus particles such as “even” and “only” are central to formal semantic theories that posit structured representations over sets of alternatives. “Even” highlights unexpected or extreme alternatives, while “only” enforces exclusivity. If such scalar representations are robust and generalizable, they should give rise to consistent judgments across contexts and systems. In this work, we test whether humans and large language models (LLMs) construct stable scalar representations from sentences containing these particles. Using a dataset of approximately 100 items, participants and models were asked to make scalar judgments. Preliminary results suggest that similar outputs across humans and LLMs may arise from different underlying mechanisms.",psychological / behavioral research,computational cognitive science / cognitive modeling
Extended_Abstracts,429,pending,Dynamics of object coding in the inferotemporal cortex,"A prevailing framework in visual neuroscience holds that objects are encoded in stable neural activity patterns within the inferotemporal (IT) cortex, where each image evokes a distinct population response representing its identity. This view is supported by the high decoding accuracy of object identity from IT population activity averaged over the viewing duration and by the success of hierarchical feedforward models of the ventral stream in predicting time-averaged IT responses to images. However, object recognition occurs within just a hundred milliseconds, too brief for multi-trial averaging. Yet, the IT object code has not been studied on such short timescales, and it remains unknown whether it conforms to the standard framework within single trials.

Using NHP Neuropixels probes, we recorded spiking activity from face-selective regions in the macaque IT cortex, while the animals viewed a variety of visual stimuli. Within single trials, population spiking activity varied dynamically, exhibiting synchronous fluctuations between phases of vigorous (On) and faint (Off) firing, with rates changing by up to twofold between On and Off phases. These fluctuations occurred on a timescale of $\sim$100~ms, similar to On-Off dynamics previously described in V1 and V4. Their statistics remained invariant across different visual experiences, indicating that On-Off fluctuations were not caused by changing visual inputs. The same linear decoder accurately discriminated visual stimuli during both On and Off phases, showing that rapid fluctuations in population activity did not alter the object code. The geometry of population responses was consistent with a model in which On–Off activity multiplicatively scales object-coding vectors relative to a shared baseline firing rate, which explains the temporal stability of object representations within single trials. Our results extend the standard framework of IT coding to shorter timescales, demonstrating how stable object representations persist despite dynamically changing firing rates within single trials.",theoretical / computational neuroscience,experimental neuroscience (systems / cognitive)
Extended_Abstracts,430,pending,Divergent scaling patterns in the auditory cortex vs. other brain regions reveal distinct sources of LLM-brain alignment,"Large language model (LLM) features predict neural responses during story listening, and this predictivity is often assumed to improve with scaling. Here we show that the scaling patterns differ sharply across cortical systems. In naturalistic story-listening fMRI, encoding performance in the language network increased with representational dimensionality, training progression, model size, and number of training stories. Category-selective visual regions showed scaling profiles similar to the language network. In contrast, auditory cortex showed weak or non-monotonic gains. We further show that low-level features (word/phoneme rate) explain the majority of encoding model performance in the auditory cortex but not elsewhere. Our results demonstrate that successful LLM- based brain prediction can arise from different underlying signal features across cortical systems.",computational cognitive science / cognitive modeling,artificial intelligence / machine learning
Extended_Abstracts,431,pending,Inferring Scene Segmentations from fMRI Responses in the Natural Scenes Dataset,"Scene segmentation - the partitioning of a visual scene into meaningfully distinct segments - emerges rapidly and automatically when viewing complex natural scenes. Segmentation is thought to depend upon representations across multiple visual areas, from local edge detection in V1, border ownership in V2, to object recognition in the ventral stream. The way that these representations across multiple areas in the visual cortex interact and merge to form full scene segmentation is not currently understood. To increase our understanding, we explored segmentations of natural scenes inferred from human brain activity. We developed a decoding pipeline based on the Segment Anything Model (SAM), which outputs segment masks in the neighborhood of each pixel, or “prompt”, in an input image. We mapped brain activity in human visual cortex to the high-dimensional image embedding utilized by SAM, decoded segment masks for a dense grid of prompts, and then consolidated these masks into a single coherent scene segmentation that assigns each image pixel to one of a fixed number of segments. We report that scene segmentations inferred from brain activity at test time can be highly accurate, even for complex test images with many distinct objects, and that pixel assignments are most accurate away from the borders of the segments. This decoding approach lays the groundwork for future investigations of the unique and complementary contributions of visual cortical areas to scene segmentation.",theoretical / computational neuroscience,artificial intelligence / machine learning
Extended_Abstracts,432,pending,Perceiving Object Motion with Shadow Cues,"In biological vision, discriminative models give
the best current accounts of psychophysical and
neural data, but we lack good tasks which reveal
the advantages of generative (or analysis-by-
synthesis; AbS) models. A promising candidate is
scenes containing shadows: shadows are rarely
directly task-relevant and have often been treated
as nuisance variables. We present a benchmark
that quantifies how shadows are used to
perceptually infer object positions and
trajectories. Both humans and an AbS model
used cues from a shadow to disambiguate an
object’s motion (Experiment 1). However,
changes in shadow contrast altered the outputs
of the AbS model, but not human perception
(Experiment 2). Replacing the shadow with a non-
shadow-like alternative or breaking the
correspondence between ball and shadow
yielded stimuli which the AbS model could not
represent, while humans continued to coherently
respond (Experiment 3). Our data provide
systematic, quantitative measurements of human
shadow understanding, and a challenging
benchmark for machine vision.",psychological / behavioral research,artificial intelligence / machine learning+computational cognitive science / cognitive modeling
Extended_Abstracts,433,pending,Distributed Sensitivity To Semantics And Structure Across The Brain During Naturalistic Conversations,"The way we use natural language to communicate in everyday conversations is dynamic, contextual, and interactive. However, most evidence on how semantic content and morphosyntactic structure, two core linguistic components, are processed and represented in the brain, comes from controlled comprehension experiments. Therefore, it is unclear how the brain processes these features in real-world settings.

Here, we study how these two linguistic components contribute to neural encoding during both speech production and comprehension in fully naturalistic dialogue. We have analyzed approximately 100 hours of spontaneous, open-ended conversations (over 500,000 spoken words), recorded from four epilepsy patients during multi-day hospital stays, together with high-gamma ECoG activity of 676 intracranial electrodes. 

We used time-resolved encoding models to predict lagged neural responses around onset with the joint representation of the onset-word, and the retro- and prospective context. To probe sensitivity to semantics and structure, we kept the neural data fixed and systematically perturbed the linguistic representations of the context. We compared encoding performance of LLM-derived embeddings of different rephrasing conditions.

In both comprehension and production, perturbations targeting semantics and/or structure reduced encoding performance across multiple regions, including the IFG, MTG and TP. At the same time, the relative impact of semantic versus structural perturbations differed across ROIs. For instance, the STG showed significantly stronger sensitivity to structural perturbations in comprehension, and the TP in production was significantly more affected by structural changes. These results are consistent with a broadly distributed sensitivity to semantics and structure, rather than strict regional specialization, and suggest graded regional differences within a shared human neural language network.",computational cognitive science / cognitive modeling,artificial intelligence / machine learning
Extended_Abstracts,434,pending,Using recurrent neural networks to examine sequential effects in risky choice,"Many models of human risky choice assume each decision is independent, leaving the role of sequential feedback unexamined. We extend Peterson et al's. (2021) Neural Expected Utility framework with a Gated Recurrent Unit (GRU) to capture how feedback history shapes subjective valuation across repeated trials.  The recurrent model outperforms the static baseline (BCE: 0.599 vs. 0.645), with gains persisting even at a single hidden dimension, confirming that temporal structure rather than parameter capacity drives the improvement. Behaviorally, consecutive wins induce increased sensitivity to EV. Unlike the static baseline, the GRU dynamically captures this shift, demonstrating how feedback modulates subjective valuation.",computational cognitive science / cognitive modeling,
Extended_Abstracts,435,pending,Power-Law Enhancement for Rate-Based Binding in Object-Centric Perception,"The binding problem---how distributed sensory features are integrated into coherent object representations---remains a central challenge in perception. Binding by enhanced firing rates (``BBRE``), proposed as an alternative to
synchrony-based theories, states that attention amplifies neuronal activity for same-object features, creating perceptual separation without oscillatory coordination. Despite its theoretical appeal, ``BBRE`` has not been computationally operationalized or tested. Here we introduce the Minimal Viable Binding Architecture (``MVBA``), a neural network that operationalizes ``BBRE`` as a smooth power-law function ($f(x) = \operatorname{sign}(x) \cdot |x|^{\alpha}$, $\alpha \in [1,3]$), applied within separated spatial (""WHERE"") and feature (""WHAT"") binding streams inspired by dual-stream theories of the visual system. We trained seven ablated model variants unsupervised on synthetic multi-object scenes and evaluated reconstruction quality as a proxy for binding fidelity. The full model achieved a 71.4\% MSE improvement over baseline ($p < 0.001$, $d = 2.37$), with 18.4\% attributable to power-law enhancement alone ($d = 0.49$). Spatial binding benefited most from enhancement (49\% MSE reduction). Critically, the combined improvement (71.4\%) was less than the sum of individual stream contributions, consistent with the non-additive integration characteristic of attention in Feature Integration Theory. These results demonstrate that a ``BBRE``-motivated gain mechanism improves reconstruction quality in an object-centric model, offering an initial computational framework for testing rate-based binding theories.",computational cognitive science / cognitive modeling,artificial intelligence / machine learning+theoretical / computational neuroscience
Extended_Abstracts,436,pending,Agentic AI Can Generalize to Multiple Speeded Tasks with Human-Like Behavior,"There is growing evidence that online experiments may be contaminated by AI-based bots. Recent work has shown that agentic AI can complete speeded reaction time tasks, but existing solutions are tailored to single tasks, require considerable training, and provide limited evaluation against human data. Here, we present an agentic AI bot that, given only an experimental URL, scrapes the page source and passes it to Claude Opus 4.6 (Anthropic) in a single API call. The model identifies the task and configures response distributions, accuracy targets, and sequential RT effects. We evaluated bot performance on two implementations of two tasks each — stop signal and Stroop — comparing against human reference data from Eisenberg et al. (2019; stop signal N=447, Stroop N=502). Bot performance fell within the human distribution on key metrics including go RT, stop accuracy, congruent and incongruent RT, and the Stroop interference effect. The bot also produced human-like sequential effects including positive lag-1 RT autocorrelation and post-error slowing. These results generalized across task implementations without modification. This work demonstrates that real-world data acquisition in speeded cognitive tasks may be susceptible to bot contamination today.",psychological / behavioral research,computational cognitive science / cognitive modeling
Extended_Abstracts,437,pending,Age-related differences in structure learning drive foraging behavior in a multimodal patch-leaving task,"Prior work has shown that older adults exhibit reduced exploratory tendencies relative to younger adults. Explanations for this pattern include that older adults' choices are less sensitive to underlying reward values, are simply more “noisy,” or overly sensitive to uncertainty. Recently, the idea that over-exploitation reflects suboptimal choice processes has been called into question by a series of studies that examine how exploration relates to learning environment structure. A prediction that follows from this line of work is that older adult decisions reflect deficits in learning and memory, rather than decision strategies. We examined this hypothesis using a sequential patch leaving task with multiple patch types. We fit a computational model that distinguished latent learning from uncertainty-adaptive reward sensitivity. Across 111 participants (53 older, 58 younger), we found that older adults were less likely to overharvest relative to younger adults. Critically, older adult behavior was best explained by a model that lacked sensitivity to structure. These findings suggest that age-differences in exploration may be due to an inability to distinguish between options of varying rewards.",computational cognitive science / cognitive modeling,psychological / behavioral research+theoretical / computational neuroscience
Extended_Abstracts,438,pending,Neural Footprints: Variance-Based Methods Systematically Miss High-Level Representations,"The brain computes at vastly different levels of representation, encoding both abstract knowledge and fine-grained sensory information about the world. These two ends of the spectrum have distinct statistical properties: while abstract knowledge about the world is compact and low-dimensional, sensory information is highly variable and difficult to compress. This statistical asymmetry creates fundamental issues for neuroscience analysis techniques (including encoding models, RSA, and PCA), biasing these methods to favor high-dimensional sensory features over low-dimensional abstract representations. In a series of simulation experiments, we demonstrate that variance-based techniques fail to distinguish between obviously correct and incorrect models of visual perception due to this statistical asymmetry. Reliable neural analysis therefore requires models that are not merely fit to explain variance in neural activations, but that more deeply link representations to the computations they support.",theoretical / computational neuroscience,experimental neuroscience (systems / cognitive)
Extended_Abstracts,439,pending,The Latent Dimensions Supporting Dynamic Social Scene Perception,"Humans rapidly recognize and understand a rich variety of social scenes, but how this information is organized in the human mind and brain is still largely unknown. We addressed this by collecting 54,000 odd-one-out triplet similarity judgments on an existing dataset of short social interaction videos with behavioral annotations and fMRI data, and training a data-driven embedding model to recover the latent dimensions structuring human social-scene perception. The learned embedding predicted held-out similarity judgments substantially better than human-annotated ratings grounded in established theories of social perception. A compact set of 12 relatively distinct dimensions captured most explainable variance and reflected interpretable social contexts and activities, including conversation, caregiving, cooking, outdoor play, music performance, and infant interaction, while splitting broad categories (e.g. infant scenes) into distinct contexts such as caregiving, play, and crying rather than collapsing them into a single dimension. Interestingly, these same dimensions also predicted neural representational geometry in fMRI data significantly better than predefined behavioral features across visual cortex. Together, these results show an empirically derived, low-dimensional mapping linking behavioral similarity judgments to neural representations for social-scene perception.",computational cognitive science / cognitive modeling,psychological / behavioral research
Extended_Abstracts,440,pending,Attention Gain as a Learning Mechanism in a Visual Search Meta-Task,"Most perceptual learning studies track a subject's behavior as they get better at a very precise visual task. Such studies have informed several theories regarding the neural changes that underlie these performance enhancements. Real world visual challenges, however, require learning that enhances visual processing in a more flexible way across many conditions. The neural mechanisms of this type of meta-task learning remain unclear. Here, based off an experimental study of how humans learn to perform a triple conjunction search task, we build a model to show that changes in top-down attention can account for learning in this meta-task. Specifically, we show that a simple increase in the magnitude of top-down gain modulation enhances search accuracy. It also decreases a proxy measure of intersaccadic interval by making it easier for the visual system to reject distractors. This is consistent with the behavioral findings of the original study. We therefore identify top-down modulatory signals as a potential locus of learning. Our work is a first step towards theories of the neural mechanisms that support learning in flexible visual tasks.",theoretical / computational neuroscience,computational cognitive science / cognitive modeling
Extended_Abstracts,441,pending,Neural Mechanisms and Learning Rules underlying Heuristic Decision-Making,"Animals deploy diverse strategies across ecological environments, often making optimal choices along ethologically relevant dimensions. However, real-world environments often favor heuristics—simple rules that reduce computational cost, can outperform optimal solutions under complexity, and are reliably used even when more optimal strategies are available. How neural mechanisms implement heuristics, and how the brain switches between heuristic and optimal approaches, remains an open question.
We study this problem through a perceptual decision-making task in which monkeys discriminate between two stimuli, one of which is over-represented in the neural population (i.e., it evokes stronger population activity and recruits more neuronal resources). Rather than optimally integrating activity, animals rely on a simple heuristic: summing population responses to detect the over-represented stimulus.
We model this behavior using neural networks trained with either gradient descent or Oja’s learning rule. We show that Oja learning, combined with a normalization process of neural activity, reproduces key behavioral and neural signatures observed experimentally and captures transitions between heuristic and non-heuristic strategies. Our framework shows that heuristics arise as a direct consequence of simple learning rules applied to unnormalized population activity, linking environmental statistics to systematic biases in neural readouts.",theoretical / computational neuroscience,computational cognitive science / cognitive modeling
Extended_Abstracts,442,pending,Astrocyte-Inspired Modulation for Robust Explanations in Vision Transformers,"A central goal at the intersection of AI and neuroscience is not only to build high-performing models, but also to understand the internal mechanisms by which those models transform inputs into outputs. Post-hoc explanation methods are often used for that purpose in deep vision models, yet the resulting saliency maps can be highly unstable under image corruption, limiting their usefulness as explanations. Motivated by evidence that astrocytes integrate neural activity over time and modulate local circuit excitability, here we test whether an astrocyte-inspired modulation can make transformer explanations more robust. Explanations from vision transformers with and without astrocytic modulation are evaluated on Gaussian-noise-corrupted images using Normalized Scanpath Saliency (NSS) to measure alignment with human ground truth. This framework tests a specific astrocyte-inspired hypothesis: that slow, local, activity-dependent modulation can stabilize model explanations under noisy inputs. The project therefore uses explainability robustness as a quantitative testbed for neuroscience-inspired architectural ideas.",artificial intelligence / machine learning,theoretical / computational neuroscience
Extended_Abstracts,443,pending,Model-based error signals in the frontal cortex precede successful inference and hippocampal context updating during human latent-state inference,"Adaptive behavior requires evaluating reasons for failure. A negative outcome may reflect suboptimal behavior or signal structured changes in the environment. Recording single-units from subjects performing latent-context inference, we asked how the brain distinguishes between these possibilities and how it updates internal models when failures suggest a change in latent state. We found that error-responsive neurons in the frontal cortex (FC), especially dorsal anterior cingulate cortex (dACC), distinguished errors signaling switch from those signaling genuine mistake based on unexpectedness, quantified with a novel reinforcement-learning (RL) model. This was true only in sessions where subjects successfully performed inference. On the other hand, hippocampal (HPC) neurons adapted their encoding of latent context to the new context only after successful switch behavior. These findings suggest that FC/dACC initiates contextual switching triggered by errors during inference, whereas HPC stably expresses context only after switching was successful.",experimental neuroscience (systems / cognitive),computational cognitive science / cognitive modeling+theoretical / computational neuroscience
Extended_Abstracts,444,pending,"Human inference reflects distinct, interacting contributions of information compression and computational complexity","Human inference is suboptimal for many tasks. One potential cause of this suboptimality is that optimal inference is costly to implement, leading people to reduce the complexity of their strategies. Although many notions of complexity have been used to study this idea, how they relate to each other theoretically and with respect to behavior remains unclear. We developed and used new theoretical and empirical approaches to investigate the role of complexity in human inference. We identified a distinction between two commonly considered forms of complexity: information compression (i.e., an ""information bottleneck"" on inference) and computational complexity (related to the mathematical operations used to perform inference). Variation in these two forms of complexity explained almost all individual variability in performance on a classic inference task. Moreover, when we increased the computational complexity of optimal inference, participants using optimal strategies more substantially compressed sensory evidence than those opting for a computationally simple strategy. These results shed light on the nature of different forms of complexity and reveal their distinct but interacting contributions to human inference.",theoretical / computational neuroscience,computational cognitive science / cognitive modeling
Extended_Abstracts,445,pending,General Oscillations Theory Reveals Propagation Dynamics at Event Boundaries in Naturalistic Viewing,"Previous studies have shown that event boundaries are accompanied by transient increases in neural activity and large-scale reconfiguration of functional connectivity. An open question is how large-scale brain activity is coordinated across regions during these transitions. Here, we apply the General Oscillations Theory (GOT) framework to decompose analytic fMRI signals into amplitude, synchrony, and phase–lead/lag components, enabling the characterization of propagation-related dynamics. Using fMRI data from a naturalistic movie-viewing dataset, we found that event boundaries were associated with increased global amplitude. Phase-based operators revealed structured reorganization of large-scale dynamics not captured by amplitude alone, with distinct propagation modes unfolding along the unimodal–transmodal cortical hierarchy. These findings indicate that event boundaries involve coordinated changes across multiple dynamical dimensions, highlighting the importance of phase-resolved analyses for large-scale brain dynamics.",experimental neuroscience (systems / cognitive),theoretical / computational neuroscience
Extended_Abstracts,446,pending,Mechanisms of Emergent Analogical Mapping,"Large language models (LLMs) have become increasingly capable of complex cognitive tasks, including analogical reasoning. Recent mechanistic interpretability work has revealed that these models implement emergent symbolic mechanisms to support abstract reasoning. Cognitive theories have long argued that mapping over structured symbolic representations is a centrally important process for human analogical reasoning. However, whether and how LLMs perform analogical mapping remains an open question. Here, we apply causal mediation analysis to Llama-3.1-70B to identify the mechanisms responsible for analogical mapping. We find a series of three functionally distinct computations implemented by specialized attention heads: (1) \textit{Analogical mapping heads} align entities across analogs based on shared relational roles; (2) \textit{Analogical inference heads} use the inferred mapping to determine the correct role for a query item; and (3) \textit{Analogical retrieval heads} retrieve the specific token associated with the predicted role. These results provide empirical evidence that language models perform analogical reasoning via an emergent version of the mapping process found in cognitive theories of analogy, and establish a foundation for further mechanistic interpretability work on analogical reasoning.",artificial intelligence / machine learning,computational cognitive science / cognitive modeling+theoretical / computational neuroscience
Extended_Abstracts,447,pending,Variability in Young Children's Everyday Visual Experiences of Object Categories,"Children learn to categorize objects from everyday visual experience. How variable are the exemplars and views of objects in that experience -- for example, of $\textit{birds, cribs}$, and $\textit{cups}$? Here, we quantified the within-category variability of object categories detected in videos taken from the child's perspective in the BabyView dataset. Detected objects incorporate both viewpoint variability (the range of angles and scales at which an object is seen) and exemplar variability (the range of distinct instances within a category). Using embeddings from both a vision--language and a self-supervised vision model, we quantified the mean distance from all objects to their within-category centroid (global dispersion), and quantified the within-category $k$-nearest-neighbor (kNN) distance (local coherence). We found diversity across the 85 included categories in both global dispersion and local coherence, and found that these two metrics were dissociable in both models. These results highlight new avenues for measuring the different kinds of category variability that young children experience when learning from naturalistic, everyday experiences.",psychological / behavioral research,artificial intelligence / machine learning+computational cognitive science / cognitive modeling
Extended_Abstracts,448,pending,Modeling Human Reasoning Errors on ARC with Natural Language Programs,"The Abstraction and Reasoning Corpus (ARC) is a challenging benchmark for evaluating AI systems on inferring rule-like concepts from just a few examples. Humans solve ARC tasks with little to no specialized training, while AI systems have only begun to match humans despite extensive compute and data scaling. We study what makes humans such sample-efficient reasoners by modeling their mistakes, as cataloged in the H-ARC dataset. We hypothesize that people solve ARC problems with internal representations that are best captured with natural language ""programs"". To examine this hypothesis, we first generate natural language programs using an LLM generator, and validate them with an LLM interpreter that executes them. We then systematically perturb these validated programs. Overall we reproduced errors covering 13.4\% of human errors in the H-ARC dataset. Together, our findings suggest that natural language programs provide a viable computational framework for modeling human abstract reasoning, and that human errors are best explained as incomplete or approximate rule representations rather than random failure.",computational cognitive science / cognitive modeling,artificial intelligence / machine learning
Extended_Abstracts,449,pending,Local Texture Statistics are Sufficient for Category-level Contingent Capture,"Category-level contingent capture occurs when task-irrelevant distractors sharing the target's category impair target detection, yet the representational basis of this effect remains unclear. As prior studies have typically employed intact object images, which preserve both mid-level local texture statistics and global spatial configuration, it is unknown whether capture is driven by local texture statistics, global spatial configuration, or both. The present study used a rapid serial visual presentation (RSVP) paradigm to adjudicate between these possibilities. On each trial, participants (N = 36) were cued with a basic-level category and searched a central RSVP stream for a matching target. Two frames before the target, a parafoveal distractor appeared that either matched or mismatched the cued category and was either intact or scrambled using CNN-based texture synthesis (Gatys et al., 2015), which preserves mid-level local texture statistics while disrupting global spatial configuration. Signal detection analyses showed that category-matching distractors reduced perceptual sensitivity (d’) relative to mismatching distractors for both intact and scrambled images, with intact distractors resulting in a larger sensitivity cost relative to scrambled. These findings show that mid-level local texture statistics alone carry sufficient categorical information to elicit contingent capture in the absence of coherent object shape, but that global spatial configuration conveys additional information that further strengthens the attentional template.",psychological / behavioral research,computational cognitive science / cognitive modeling
Extended_Abstracts,450,pending,Theory of Mind Improves Multi-Agent Coordination: Accuracy Thresholds and Active Inference,"We investigate how Theory of Mind (ToM)---the ability to infer hidden agent preferences---improves coordination in multi-agent systems. In a $16 \times 10$ grid-world with 12 agents following one of 10 hidden behavioral rules, a central coordinator must maximize aggregate welfare by placing and removing structures, observing only positions, types, and happiness. We train supervised ToM models (LSTM) achieving 22--95% classification accuracy, finding that temporal observation length is the dominant factor in mental state inference. We train PPO coordinators under three conditions: Blind (no rule knowledge), Oracle (true rules), and ToM-augmented (predicted rule probabilities). Preliminary results show the blind coordinator learns meaningful policies (episode reward improving from $-65$ to $-11$). We hypothesize a threshold effect in the accuracy-benefit curve, where ToM accuracy above $\sim 80\%$ yields disproportionate coordination gains, particularly for cascading inter-agent dependency rules.",computational cognitive science / cognitive modeling,artificial intelligence / machine learning+psychological / behavioral research
Extended_Abstracts,451,pending,Inhibitory signals support working memory in sensory cortex,"Working memory is traditionally attributed to sustained activity in higher-order cortical areas such as prefrontal cortex. In contrast, sensory cortical regions like the ventral temporal cortex (VTC) are typically viewed as passive encoders of visual information. However, emerging evidence suggests that top-down feedback may enable sensory areas to participate in higher cognitive functions. Here, we show that biologically plausible recurrent neural networks (RNNs) trained on a working memory task naturally develop a circuit mechanism in which sensory-like neurons encode stimuli during input, yet exhibit stimulus-specific suppression at probe through inhibitory signaling from persistently active ""memory"" units. We further demonstrate that human VTC single neurons exhibit qualitatively similar response profiles during a Sternberg working memory task, including reduced responses to repeated stimuli at probe. Together, these findings suggest that persistent top-down inhibition may provide a mechanism by which sensory cortex supports working memory, linking feedback-driven modulation with stimulus-specific response suppression within a unified circuit framework.",computational cognitive science / cognitive modeling,artificial intelligence / machine learning+theoretical / computational neuroscience
Extended_Abstracts,452,pending,Processing the Unexpected: Contributions of Multiple Semantic Representations,"How our semantic memory supports online language comprehension remains an open question, especially regarding the relative role of language-distributional and perceptual-experiential knowledge sources. Here, we test whether neural responses to three different kinds of semantic violations are processed in a singular way or are supported by differential contributions from the multiple semantic knowledge sources. We quantified semantic deviation using surprisals from GPT2, context-sensitive distributional representations from BERT, and perceptual-sensitive representations from ImageBind, and assessed their predictive power on EEG collected during processing of violation words. Neural responses were not fully explained by surprisals and were found to be not agnostic to violation type, with different combination of representations sources contributing selectively depending on how the presented word deviated from the expected continuation.",computational cognitive science / cognitive modeling,artificial intelligence / machine learning+psychological / behavioral research+experimental neuroscience (systems / cognitive)
Extended_Abstracts,453,pending,Neural Prediction Decorrelation in Human Auditory Cortex,"Model comparison is central to scientific progress in sensory neuroscience, yet distinct models often make similar neural predictions when evaluated on natural stimuli. We developed Neural Prediction Decorrelation (NPD), a method that synthesizes stimuli for which competing encoding models produce decorrelated predictions across an entire cortical population. We applied NPD to compare standard and adversarially robust deep neural network (DNN) models of fMRI responses in human auditory cortex, revealing a dramatic difference in prediction accuracy completely obscured when using natural sounds alone. We find that fMRI responses to NPD sounds occupy the same low-dimensional space as natural sounds, within which the models make highly divergent predictions. These results demonstrate that targeted stimulus synthesis can reveal model differences otherwise masked by traditional evaluation stimuli.",theoretical / computational neuroscience,artificial intelligence / machine learning
Extended_Abstracts,455,pending,Characterizing time-varying effects of evidence volatility on perceptual confidence,"Perceptual decisions are typically accompanied by a metacognitive feeling of confidence. Precisely what computations generate confidence, and how they relate to the computations driving decisions, is an area of active research. Mounting cross-species evidence suggests that the precision of sensory evidence---volatility---figures centrally in generating confidence. Here we ask how and when time-varying volatility maximally impacts confidence. We fit a family of nested sliding-window regression models to behavioral data from trained human observers (n=3) who performed a motion discrimination task in which stimulus volatility was manipulated dynamically within each trial. We find that stimulus volatility most strongly affects confidence late in the decision process, and that the direction of this effect critically depends on signal strength and choice correctness: observers rationally decrease confidence in correct responses for higher-strength stimuli when the evidence becomes less reliable in the moments immediately preceding choice. These findings add important nuances to our understanding not only of what influences confidence, but also when those influences matter most.",psychological / behavioral research,computational cognitive science / cognitive modeling
Extended_Abstracts,456,pending,Semantic efficiency and human-alignment in multilingual multimodal large language models,"Large language models (LLMs) have achieved staggering linguistic competence, but it remains unclear to what extent they can acquire human-aligned semantic representations, especially in perceptually-grounded domains. It is believed that human semantic systems are shaped by a drive toward communicative efficiency. LLMs, however, are not trained for this objective, raising the question: Can these models recover efficient, human-aligned semantic systems? We address this question by studying the naming patterns of multilingual multimodal LLMs (MLLMs) across two domains, color and visual household objects, and comparing them with the naming patterns of native English and French speakers. In both domains, we find that: (1) models tend to be efficient but vary substantially in their complexity and human-alignment, with larger models generally achieving better alignment; and (2) models exhibit language  dominance, aligning better to English than French. Our work lays the groundwork for a cognitively-motivated framework for studying semantic alignment and efficiency in human-AI interaction.",computational cognitive science / cognitive modeling,artificial intelligence / machine learning+psychological / behavioral research
Extended_Abstracts,457,pending,ERP Analysis Using a Branched Neural Network Architecture,"In neuroscience, Event-related potentials (ERPs) are defined as very small voltages generated in the brain structures in response to specific events or stimuli (\cite{blackwood_cognitive_1990}). These are measured using electroencephalography (EEG) scanning that captures brain voltages data over several locations on the scalp over time. N400 and P600 ERPs can be generated due to unexpected stimuli during linguistic processing. The N400 ERP is a negative waveform that peaks about 400ms after a person is introduced to a lexical or semantic error; the P600 ERP waveform peaks positively about 600ms after a stimulus containing a syntactic or grammatical error. The current work uses a neural network comprised of two convolutional neural networks (CNNs) and an artificial neural network (ANN) to investigate whether, given sentence-level embeddings provided via RuBERT and sentence-locked EEG data, the neural network can classify whether Russian sentences contain a grammatical, semantic, semantic-grammatical error. Through this classification task, I find that a branched neural network structure is not only a viable architecture for analyzing EEG epoch data concatenated with sentence embeddings, but that it also accurately models how closely word embeddings are related to their respective representations in the brain without significant computational overhead.",computational cognitive science / cognitive modeling,artificial intelligence / machine learning+theoretical / computational neuroscience
Extended_Abstracts,458,pending,NeuroBabyLM: A Benchmark for Brain Alignment in Language Models Trained on Developmentally-Plausible Datasets,"Do language models trained on human-like data develop human-like internal representations? The BabyLM Challenge trains models on child-scale corpora (≤100M words) and evaluates them on behavioral benchmarks—yet behavioral scores cannot confirm internal neural similarity. We introduce NeuroBabyLM, a novel benchmark that extends the BabyLM evaluation suite with fMRI based brain alignment scores. Using ridge regression encoding models on a naturalistic listening fMRI dataset, we evaluate 15 models spanning BabyLM variants, Pythia, and LLaMA across a wide range of magnitude in both size and training data. We find: (1) brain alignment generally increases with model size (14M–65B); (2) T5-Base trained on 100M words outperforms Pythia-160M trained on $\sim$225B words, showing that the joint combination of architecture, objective and training domain can override raw data scale; and (3) data-scale sensitivity is architecture-dependent. These results reveal a representational alignment gap: models trained on developmentally plausible data volumes do not automatically yield brain-like internal representations. We position NeuroBabyLM as a systematic testbed for probing which architectural and training factors give rise to such representations.",theoretical / computational neuroscience,artificial intelligence / machine learning
Extended_Abstracts,459,pending,Initial Organization of the Visual System Emerges from Structured Early Activity Before Naturalistic Experience,"The visual system is already highly organized during the prenatal period, before the onset of naturalistic visual experience. Yet, what determines this initial state remains poorly understood. We propose a theory in which spatially correlated spontaneous activity, governed by simple local circuit rules, jointly shapes the representational structure and topographic organization. We implement this framework in deep convolutional neural networks (DCNNs) trained on self-generated stimuli and spatially organized on a cortical sheet, yielding models that are functionally capable and anatomically efficient. We find that sufficiently structured inputs produce coherent topographic organization and useful feature representations without exposure to natural images. These results suggest that nascent visual organization can arise from self-generated input with simple, locally structured statistics.",computational cognitive science / cognitive modeling,
Extended_Abstracts,460,pending,Summaries of Naturalistic Narratives Reflect Underlying Event Structure in Episodic Memory,"Humans frequently summarize complex experiences, a process that requires the interplay of memory retrieval, content selection, and the construction of compressed, coherent narratives. Despite its prevalence, the behavioral and neural mechanisms underlying summarization remain poorly understood. We hypothesize that summarization relies on identifying a set of core, highly informative events from the original narrative to be selectively prioritized during communication, predicated on the contextual constraints of the communicative act. To address this question, we ran two experiments, one behavioral and one neuroimaging (fMRI), where participants experienced a complex naturalistic narrative and were asked to summarize its contents, either without any constraints (free recall), or in a long (6-8 min), short (3-4 min), or brief (1 min) summary. As temporal constraints increased, participants produced increasingly compressed responses that prioritized a small common set of core events from the overall story structure (p<0.001). Furthermore, shorter summaries included more informative events, compared to longer summaries (p<0.001). Neutrally, the activity patterns corresponding to the summarized events underwent an increased restructuring based on the magnitude of the summarization constraint. Together, our results provide evidence that humans leverage the event structure of naturalistic narratives to generate efficient and informative summaries of their contents under varying communicative constraints.",computational cognitive science / cognitive modeling,psychological / behavioral research
Extended_Abstracts,461,pending,Evidence for Efficient Coding of Naturalistic Images in Visual Short-Term Memory,"Given that both biological and artificial systems must operate with limited past experience and limited processing time, it’s critical they be able to effectively generalize pre-acquired knowledge to new cases. Shepard (1987) famously proposed an overarching principle: the probability of generalizing any property from one stimulus to another decays as a monotonic, approximately exponential function of the distance between the two in a psychological space. Recent work has shown (1) this signature holds for naturalistic images (Marjieh et al., 2024) and (2) can be explained theoretically as a natural consequence of efficient coding (Sims, 2018). Here, we integrate and extend these two lines of work, empirically evaluating whether the same principle holds for human Visual Short-Term Memory (VSTM)– a well-studied capacity-limited communication channel. Specifically, we ask: is the confusability of a target and lure image in VSTM a function of their distance in an independently defined psychological space? We find that the probability of collapsing two naturalistic stimuli in memory is well-modeled as an exponentially decaying function of that psychological distance, providing evidence for the basic principle of efficient coding of naturalistic stimuli in VSTM.",psychological / behavioral research,computational cognitive science / cognitive modeling
Extended_Abstracts,462,pending,Contrastive Self-Supervised Learning in Higher Visual Cortex,"Models of self-supervised learning (SSL) have proven remarkably successful in machine vision, suggesting themselves as a model of primate vision. However, studies of learning in the brain have thus far yielded few direct observations of a signature hallmark of SSL: bidirectional learning in the absence of external supervision. In this study, we report that neural responses in inferior temporal (IT)
cortex of common marmoset monkeys (_Callithrix jacchus_) indeed undergo opposite learning effects over monthslong exposure to naturalistic scenes via two distinct modes of self-supervised viewing: 1) through static eye fixation, and 2) across saccadic eye movements. We find that image pairs repeatedly shown in quick succession through stable fixation become less neurally discriminable from each other compared to novel controls, while images repeatedly viewed across saccades became more discriminable. Thus, a biological implementation of the internal SSL signal relies on the distinction between periods of eye movement versus stationarity.",experimental neuroscience (systems / cognitive),artificial intelligence / machine learning+theoretical / computational neuroscience
Extended_Abstracts,463,pending,Blame via Inverse Reinforcement Learning,"When someone causes harm, moral judgments depend on inferences about their mental states, including their values. Here we formalize this process using inverse reinforcement learning (IRL). We built a two-agent grid-world simulating people navigating around each other on a street and trained a transformer-based policy conditioned on an ""empathy"" parameter ω that scales the other agent's reward in the agent's own objective. We then performed IRL to infer ω from observed actions. In a behavioral experiment (N = 21), participants watched 3D animations of agent interactions, inferred the agent's empathy, and then made moral evaluations (e.g., blame) about an unrelated, later-in-time harm involving the same agent. The IRL model's trial-level confidence predicted how accurately humans classified the agent's empathy. A mixture of the trial-specific model posterior and the empirical human prior best explained human inferences. Critically, participants evaluated agents with low empathy as significantly worse on multiple moral measures. These results suggest moral evaluations rely, in part, on intuitive value inferences well-captured by IRL.",computational cognitive science / cognitive modeling,psychological / behavioral research
Extended_Abstracts,464,pending,Humans Remember People; Models Remember Pixels: Exposing Blind Spots in Visual Memorability Prediction,"Memorability is highly consistent across viewers, yet the models that predict it remain poorly understood.
We analyze two architectures (ResMem, ViTMem) using attribution analysis, synthetic probes, and counterfactual interventions on THINGS.
Both show little sensitivity to person presence ($r{=}0.145$ for humans vs.\ $r{=}{-}0.068$ for ResMem) and instead respond to chromatic and frequency statistics not linked to behavioral evidence.
Gradient-guided pixel perturbations invisible to humans ($L_\infty{<}2/255$) shift predictions by ${\sim}0.56$, more than eight times the person-presence effect, indicating that these models rely on pixel-level statistics rather than the scene-level processing that underlies human memorability.",computational cognitive science / cognitive modeling,artificial intelligence / machine learning+psychological / behavioral research
Extended_Abstracts,465,pending,Distributed and Flexible Goal Representations in Human Cortex for Adaptive Behaviour,"People often need to infer goals from noisy sensory inputs and ambiguous feedback, but how this is implemented in the brain remains unclear. We designed a task in which participants had to infer a latent goal (colour or motion) and report its dominant perceptual dimension from noisy visual stimuli. Participants thus had to make strategic decisions based on ambiguous error signals (goal vs perception). Combining large-scale behavioural testing with neuroimaging (fMRI, MEG), we investigated how goals are represented and updated in the brain. At the behaviour level, participants were able to infer the relevant latent goal and rapidly adjust to covert goal changes. Goal representations were detectable before stimulus onset, strengthened during stimulus processing, and extended beyond the frontal cortex into early visual areas. Finally, recent negative outcomes triggered a rapid reorganisation of goal representations. These results suggest the brain can support adaptive behaviour through distributed and flexible goal representations.",experimental neuroscience (systems / cognitive),computational cognitive science / cognitive modeling+psychological / behavioral research
Extended_Abstracts,467,pending,Replay supports both future and immediate decisions by updating a successor representation,"Neural replay has been proposed to play two distinct roles: 1) Consolidating memories to support abstraction and generalization and 2) guiding planning and decision-making. Here, we examine if a single underlying principle---the successor representation (SR)---explains both roles. We analyze single neuron recordings from the hippocampus of epilepsy patients while they performed a memory-guided maze navigation task that probed both spatial and sequential order memory. Critically, we find that rapid replay of neuronal pairs during separate task phases differentially influences subsequent behavior. Replay during rest breaks prior to the start of each trial relates to the accuracy of spatial retrieval on future trials, while replay during the sequential order probe relates to accuracy of sequential order on the current and future trials--but, critically, not vice versa. We model these replay events as random and directed walks, respectively, of trajectories along the learned maze structure. We find an SR captures the qualitative effects of replay on future trials in both task phases. Our results suggest neuronal replay supports memory-guided decisions to learn task structure by updating an SR of the environment at distinct timepoints, bringing previously disparate roles of neural reactivation under the same theoretical framework. These findings have significant implications for a core neuronal computation and address multiple outstanding puzzles in the neuroscience of replay.",theoretical / computational neuroscience,computational cognitive science / cognitive modeling+experimental neuroscience (systems / cognitive)
Extended_Abstracts,468,pending,A structured population code for a symbolic action grammar,"A hallmark of intelligence is the ability to flexibly solve problems by reusing, or generalizing, prior knowledge. Compositional generalization—the ability to recombine discrete units of knowledge in a rule-based (or grammatical) manner—is considered essential for solving problems never previously encountered, by allowing access to a combinatorial space of new representations (e.g., drawing a new animal by recombining legs, heads, and arms). Compositionality is broadly implicated, from language and reasoning to communication and action, and is a basis of imagination and symbolic abstraction. Yet, despite this importance, its neural basis remains unclear. Two question are critical: How does the brain (i) represent discrete units of knowledge (symbols), and (ii) implement grammars to recombine those units? To address the first question, a recent study by Tian et al. (2025) established a model system for compositional generalization, combining a compositional drawing task with large-scale neural recordings in macaque monkeys, and identified a neural population encoding discrete, recombinable action categories action symbols in ventral premotor cortex (PMv). Here, we build on this system to address the second question—how does the brain implement action grammars? We trained macaques to use grammatical rules to draw geometric figures, revealing a striking capacity for macaques to generalize action grammars. Using multi-area neuronal recordings and microstimulation, we identified population activity patterns that explicitly code for variables in grammars, specifically in the presupplementary motor area (preSMA). The geometric structure of activity encodes “slot subspaces” that can explain behavioral capacities for generalization. Thus, the grammatical ability to recombine discrete actions into novel sequences reflects a structured population code in preSMA. This finding establishes a foundation for understanding how PMv, preSMA, and interconnected areas recombine symbols in a grammatical fashion to enable compositionality.",experimental neuroscience (systems / cognitive),artificial intelligence / machine learning+computational cognitive science / cognitive modeling+psychological / behavioral research+theoretical / computational neuroscience
Extended_Abstracts,469,pending,Complementary learning dynamics within neocortex and hippocampus,"Flexible behavior requires the brain to efficiently encode new experiences while leveraging shared structure across related episodes. Although both area CA1 of the hippocampus and the posterior parietal area of the neocortex (PPC) have been implicated in navigational decision-making, it remains unclear how their specialized computations jointly support learning. Here, we used two-photon calcium imaging to record population activity in CA1 and PPC as mice navigated a sequence of virtual reality environments with distinct learnable reward locations but shared latent task structure. PPC units exhibited spatial tuning comparable to that of CA1, but with distinct anchoring to salient cue transitions, whereas CA1 showed environment-agnostic reward-predictive signals. To quantify learning-induced reorganization, we measured population similarity across track position. CA1 and PPC both rapidly reorganized during learning, but did so at different stages: CA1 decorrelated both local and distal position encodings strongly during re-exposure to a task and after initial task reconfiguration, whereas PPC encodings only decorrelated upon initial exposure to novelty. Interestingly, this effect was reversed in CA1 and attenuated in PPC upon a second novel experience, suggesting a limit to such rapid decorrelation. Together, our findings demonstrate that CA1 and PPC both reorganize rapidly during learning, but with distinct population-level signatures, suggesting that learning is supported by different forms of representational restructuring across hippocampus and associative cortex.",experimental neuroscience (systems / cognitive),theoretical / computational neuroscience
Extended_Abstracts,470,pending,Proactive-Like Context Processing Emerges in Transformers Learning Simple Cognitive Tasks,"Proactive cognitive control requires maintaining a holistic representation of task-relevant context in preparation for what to do next. Humans develop this capacity gradually, transitioning from reactive to proactive strategies over development, but the underlying computational dynamics of how this transition occurs remains an open question. Moreover, the internal representations underlying this shift are not directly observable in biological systems. Meta-learning neural networks can acquire the ability to infer rules from examples in-context, and such in-context learning (ICL) has been likened to working memory and cognitive control function. As a model system, we use transformers meta-trained on a version of the AX-CPT paradigm requiring ICL, whereby internal representations are fully accessible to causal intervention. Using linear decoding, we find that the model builds a holistic abstract map of the task-set before it can reliably use this map to produce correct responses. Using activation patching, we show that this map is causally active: perturbing stimulus-response associations irrelevant to the current query nonetheless disrupts the model's output, and this effect grows stronger over training. These findings suggest that holistic context encoding, a hallmark of proactive control, can emerge spontaneously from learning to perform context-dependent tasks, without explicit optimization pressure. More broadly, our work demonstrates how ICL combined with mechanistic interpretability can reveal mechanisms underlying the emergence of cognitive control strategies.",computational cognitive science / cognitive modeling,artificial intelligence / machine learning+computational cognitive science / cognitive modeling+psychological / behavioral research
Extended_Abstracts,471,pending,Representational Structure of Romantic Narratives within a Shared Cultural Script,"Abstract
Humans transform complex social experiences into structured narratives, yet it remains unclear how variation in such narratives is organized under shared cultural constraints. Drawing on theories of narrative cognition and event representation, we treat romantic relationship stories as representational objects rather than descriptive texts. We analyze 767 relationship narratives from The New York Times wedding announcements, which follow a consistent narrative script (e.g., meeting, obstacle, commitment). Each narrative is represented as a trajectory through semantic space using paragraph-level embeddings. We show that, despite strong structural constraints, narratives occupy a structured low-dimensional space and exhibit distinct trajectory patterns, indicating systematic variation in how relational experiences are dynamically organized. This variation is not captured by aggregate features such as emotional valence or conflict frequency. To interpret this structure, we examine narrative features including tension dynamics, resolution strength, and life event mentions. Dynamic features partially explain variation across trajectories but do not fully determine it. Together, these findings suggest that narrative representations encode relational experience through structured transformations, providing a bridge between narrative cognition, event segmentation, and computational models of representation.",psychological / behavioral research,computational cognitive science / cognitive modeling
Extended_Abstracts,472,pending,Decoding Second-Language Proficiency from Shared Network Representations Using PCA and ICA,"Second-language (L2) proficiency varies widely across learners, but it remains unclear whether proficiency is better reflected by absolute L2 network engagement or by within-subject contrasts such as L2 − L1. We analyzed task fMRI from adult language learners performing semantic animacy judgments in their native language (L1) and second language (L2) (Gurunandan, Carreiras, & Paz-Alonso, 2019). Shared low-dimensional network representations were estimated using principal component analysis (PCA) and independent component analy- sis (ICA), and subject-level component time courses were summarized with static features and targeted connectivity. Decoding used regularized logistic regression with leakage-aware cross-validation and permutation testing (Varoquaux et al., 2017; Valente, Castellanos, Hausfeld, De Martino, & Formisano, 2021). In PCA, L2-only features outperformed L1-only and ∆(L2 − L1) features, and adding connectivity among the most informative components further improved AUC. ICA showed a complementary pattern: static L2 summaries were weaker, but connectivity augmentation improved performance. The top decoding-relevant PCA components were broad and strongly overlapping, whereas the top ICA components were more spatially focal and more network-selective. These results suggest that L2 proficiency is better captured by the engagement and coordination of L2 networks than by simple L2–L1 differencing.",computational cognitive science / cognitive modeling,artificial intelligence / machine learning+theoretical / computational neuroscience
Extended_Abstracts,473,pending,Recurrent Processing Diversely Reshapes Within- and Between-Category Geometry in Macaque IT,"How does recurrent processing reshape object representations in macaque inferotemporal (IT) cortex after the initial feedforward sweep? Using the THINGS ventral stream spiking dataset (1,854 categories, 12 exemplars each), we investigate the evolution over time of two complementary representational metrics: exemplar distinctness (mean within-category pairwise representational distance) and category distinctness (representational distance from a category centroid to the nearest neighboring category centroid). We find that different categories exhibit a remarkably diverse range of representational dynamics. Some categories become distinct from other categories rapidly in the feedforward sweep, others only after recurrent computations. For certain categories, the exemplars become individuated earlier than for others and for some recurrent processing collapses within-category distinctness.",theoretical / computational neuroscience,computational cognitive science / cognitive modeling
Extended_Abstracts,474,pending,Task-irrelevant physical effort exertion boosts arousal and facilitates latent state update,"Adapting to dynamic environments requires inferring and updating ""latent states""—internal representation of task rules—to leverage prior knowledge and avoid costly relearning. While the locus coeruleus-norepinephrine (LC-NE) system is hypothesized to facilitate latent state transitions, a causal link remains elusive. We tested whether manipulating arousal through physical effort (5% vs. 60% maximum grip force) influences participant’s ability to adapt to unsignalled transitions in a spatial predictive-inference task. Our preliminary results confirmed that high physical effort condition led to increased arousal, as indexed by pupil diameter. The high effort intervention also led to better performance after state transitions in the predictive inference task, providing some support for a causal role of arousal in this process. Ongoing work is testing the reliability and robustness of these findings in a larger scale.",psychological / behavioral research,computational cognitive science / cognitive modeling
Extended_Abstracts,475,pending,"A Distributed Cortical Network Integrates Semantic Representations of Number, Space, and Time","Prior studies have shown that perceptual representations of number, space, and time concepts are represented in
several different regions of the human cerebral cortex. These quantities can also be represented as lexical-
semantic concepts, but little is known about how lexical-semantic representations of quantity are organized
across the cerebral cortex? We used voxelwise encoding models and a sparse lexical-semantic feature space, to
map quantity representations in 19 participants who listened to narrative stories in the fMRI scanner. We find
that quantity is represented in a distributed temporal, parietal, and frontal network. Inspection of voxel tuning
profiles showed that tuning for space, time or number falls along a continuum. Voxels in some regions are
highly selective for a single quantity, while those in other regions respond to all three domains. These results
suggest that the brain represents space, time and number concepts in a distributed network of regions with
varying degrees of cross-domain integration. This distributed network may support the flexible use of quantity
concepts in everyday tasks.",experimental neuroscience (systems / cognitive),
Extended_Abstracts,476,pending,Emergent mid-level visual representations from a developmentally inspired contrast sensitivity curriculum,"How constraints imposed by early visual system development shape object perception is central to understanding human vision, but remains poorly understood. Here, we ask how rapid developmental changes in the contrast sensitivity function (CSF) shape internal representations and behaviour. We trained ResNet-50 models with and without a simulated developmental CSF trajectory (""CSF curriculum"") and examined differences in internal representations and task performance. Training with the CSF curriculum improved model alignment with mid-level representations of the ventral visual stream. However, these representational changes did not translate to improved downstream performance on face identification or object categorization tasks, revealing a dissociation between representation and behaviour. These results suggest that a developmentally inspired CSF curriculum can drive the emergence of brain-like intermediate representations, but that effective downstream behavioural performance may require additional constraints on how these representations are utilized.",artificial intelligence / machine learning,psychological / behavioral research+experimental neuroscience (systems / cognitive)
Extended_Abstracts,477,pending,Dynamics and generalization in kernel models of category learning,"We study implicit category learning through the lens of kernel models, which are similarity-based models grounded in specific representations. In the setting of binary features, we analytically characterize both the learning dynamics and generalization of these models. In the 3-bit case, we identify three qualitative regimes of learning dynamics, and show that generalization reduces to nearest-neighbour copying, with ties broken by the eigenvalue structure of the kernel. These results hold for SVMs and lazy deep networks trained on cross-entropy, beyond the MSE setting of our theory. Our framework thus connects representational geometry directly to behavior, across both the time-course of learning and the pattern of generalization.",theoretical / computational neuroscience,artificial intelligence / machine learning+computational cognitive science / cognitive modeling
Extended_Abstracts,478,pending,Unifying discrimination and generation in one architecture,"The primate visual system is capable of a multitude of discriminative and generative abilities. 
  For example, we can not only recognize a dog when we see it (a discriminative ability), but we can also imagine a dog with our eyes closed (a generative ability). 
  It is an open question how the visual system accomplishes these different feats.
  Moreover, the current best models of the visual system primarily focus on discriminative abilities, such as object recognition.
  Here, we present a model that can flexibly perform discrimination and generation tasks, including hybrid tasks that combine aspects of both, providing a new way of understanding how these seemingly different computations could be unified in a single neural architecture.",theoretical / computational neuroscience,artificial intelligence / machine learning+computational cognitive science / cognitive modeling
Extended_Abstracts,479,pending,Self-paced rest decisions: stable but ineffective for recovery,"Rest is critical for fatigue recovery following periods of cognitive effort. Yet, the inter and intra-individual dynamics of rest decisions--and how they relate to performance--remain poorly characterized. In the present study, we analyze two experimental datasets in which participants alternate between epochs of two cognitively effortful tasks (10 trials/epoch). After each epoch, subjects were given a rest opportunity (performing a low-effort task). Importantly, this rest period was both costly and self-paced. Using predictive modeling and latent profile analysis, we find that subjects' decisions to rest are stable and auto-correlated, potentially reflecting an individualized value policy rather than tracking in-task performance dynamics. By integrating a time-varying hidden markov model fit on within-subject performance metrics, we also find that distinct subject profiles have significantly different state occupancy patterns, and that, across all profiles, resting for longer does not improve subsequent performance. Overall, costly rest decisions appear to be a stable individual preference that is neither driven by nor beneficial to task performance.",computational cognitive science / cognitive modeling,psychological / behavioral research
Extended_Abstracts,480,pending,Decomposing iconic memory decay with a joint-feature model of structured errors,"Iconic memory provides a brief, high-capacity store of visual information, yet its representational structure and temporal dynamics remain poorly understood. We address this question using a continuous-report paradigm that enables precise characterization of errors over time. Subjects briefly viewed arrays of colored items and, after a variable delay, reported the location associated with a probed color. We applied mixture models to color and location errors separately, revealing increasing guess rates over time and, in some cases, decreasing precision. However, these models fail to account for structured errors arising from interactions between features. To address this, we developed a joint-feature probabilistic model in which items are encoded with uncertainty in both color and location. In this framework, errors commonly interpreted as swaps emerge naturally from uncertainty in the underlying representation. The joint model provided a better account of behavior across all subjects and delays, and revealed that iconic memory decay reflects two distinct mechanisms: decreasing precision and increasing probability of retrieval failure. These findings constrain the format of iconic memory representations and provide a computational framework for characterizing memory performance over time.",computational cognitive science / cognitive modeling,psychological / behavioral research
Extended_Abstracts,481,pending,Single-Neuron Evidence for Hippocampal Long-Axis Gradient Supporting Semantic Coding in Humans,"The hippocampus (HPC) has been proposed to map both physical and abstract semantic spaces. In rodents, the size of place cells that map physical space varies systematically along the hippocampal long axis (HLA). We asked whether, in humans, properties of cells implicated in mapping semantic space vary similarly along the HLA. We analyzed a large single-neuron dataset (n=1383) from epilepsy patients implanted with hippocampal depth electrodes. We found that cells that selectively respond to different semantic categories were more prevalent and respond earlier in anterior HPC (aHPC) than posterior HPC (pHPC). Moreover, contrary to place cells in rodent, these cells had stronger selectivity in aHPC than in pHPC, suggesting a fundamental difference between the two cell types contrary to proposed unifying theories of cognitive maps.",experimental neuroscience (systems / cognitive),theoretical / computational neuroscience
Extended_Abstracts,482,pending,Integrated Representational Signatures Strengthen Specificity in Brains and Models,"The extent to which different neural or artificial neural networks (models) rely on equivalent representations to support similar tasks remains a central question in neuroscience and machine learning. Prior work has typically compared systems using a single representational similarity metric, yet each captures only one facet of representational structure. To address this, we leverage a suite of representational similarity metrics—each capturing a distinct facet of representational correspondence, such as geometry, unit-level tuning, or linear decodability—and assess brain region or model separability using multiple complementary measures. Metrics that preserve geometric or tuning structure (e.g., RSA, Soft Matching) yield stronger region-based discrimination, whereas more flexible mappings such as Linear Predictivity show weaker separation. These findings suggest that geometry and tuning encode brain-region- or model-family-specific signatures, while linearly decodable information tends to be more globally shared across regions or models. To integrate these complementary representational facets, we adapt Similarity Network Fusion (SNF), a framework originally developed for multi-omics data integration. SNF produces substantially sharper regional and model family-level separation than any single metric and yields robust composite similarity profiles. Moreover, clustering cortical regions using SNF-derived similarity scores reveals a clearer hierarchical organization that aligns closely with established anatomical and functional hierarchies of the visual cortex—surpassing the correspondence achieved by individual metrics.",theoretical / computational neuroscience,artificial intelligence / machine learning
Extended_Abstracts,483,pending,Shared and context-dependent cortico–striatal–cerebellar organization of temporal prediction,"Temporal prediction refers to the ability to anticipate when events will occur. Yet, it remains unclear whether this cognitive capacity relies on shared or context-dependent mechanisms across temporal regularity, modality, and task demands. Using a multi-task fMRI paradigm, temporal encoding for subsequent prediction engaged cortico–striatal–cerebellar regions as a function of these factors. Premotor and cerebellar regions formed a tightly coupled core cluster, sensory cortices showed modality-specific responses, and dorsal striatum exhibited strong task-dependent modulation and selective sensitivity to auditory beat-based timing. Although weaker, the cerebellum showed also a task effect but no beat-specific effects. These findings support a shared representation of temporal encoding underlying predictive timing alongside context-dependent specialization in subcortical circuits.",experimental neuroscience (systems / cognitive),computational cognitive science / cognitive modeling+psychological / behavioral research
Extended_Abstracts,484,pending,Hidden Markov Modeling of Labyrinth Navigation,"Naturalistic maze navigation is complex and requires unsupervised models for segmentation of behavior. Here, we model animals’ navigation behavior using a Hidden Markov Model (HMM) that predicts turning actions from spatial locations. The resulting HMM outperforms a vanilla Markov model and generalizes across animals. The inferred hidden states are interpretable, capturing distinct behavioral policies, including homing, reward-seeking, and exploration. Interestingly, the transition structure among these states exhibits strong cyclicity, suggesting periodic sequencing of behavioral policies.  To capture learning-related nonstationarity, we developed a hierarchical extension that identifies an abrupt shift from a naive to an expert stage, coinciding with animals' sudden performance improvement. Together, these results suggest that animals learn to navigate complex environments by acquiring a small set of efficient navigation policies and cycle systematically among them.",theoretical / computational neuroscience,artificial intelligence / machine learning+computational cognitive science / cognitive modeling+psychological / behavioral research+theoretical / computational neuroscience
Extended_Abstracts,485,pending,Trapped in planning: a computational study of episodic memory-guided decision making,"Anxiety disorders are characterized by excessive uncontrollable worrying about future events. It has been recently suggested that worry may be viewed as a maladaptive form of planning which normally should support flexible goal-directed behavior in environments that requires multi-step decision making. What environmental or cognitive factors may cause an agent to learn to over-plan, or excessive worrying in anxiety? We formulate the problem of learning to plan properly as a sequential decision-making problem to balance between planning, working towards the goal and relaxation. 
  Planning, defined here as sampling episodic memory of tasks similar to the current one, can help gain more future reward by providing more specific estimates of state-action values for future scenarios. 
  However, planning costs time and is unnecessary towards the end of a task. By systematic simulation of reinforcement learning agents, we show that several environmental factors influences the chance that agents learn to over-plan unnecessarily: hard task frequency, task features distinction, magnitude of final reward, and time limit. The cognitive factors that influence over-planning are: exploitation-exploration tradeoff, memory capacity and sampling efficiency, and weight on values from planning.",computational cognitive science / cognitive modeling,theoretical / computational neuroscience
Extended_Abstracts,486,pending,Two-state dynamics structure working memory in the human medial temporal lobe,"Working memory (WM) is traditionally thought to rely on persistent neuronal firing during maintenance. Recent primate work has begun to reveal additional temporal structure, suggesting that information may be intermittently expressed during maintenance. Whether such dynamics exist in humans remains unclear. We analyzed single-neuron activity from the human medial temporal lobe (MTL) during verbal and visual WM tasks. Using time-resolved decoding with linear classifiers, we found that load information was not continuously represented during maintenance, but instead fluctuated between periods of high and near-chance decodability. These fluctuations indicate that WM representations are temporally structured and intermittently expressed at the population level. Modeling these dynamics with hidden Markov models (HMMs), corresponding to an ``on"" state with high decodability and an ``off"" state with near-chance decodability, better captured the data than a one-state model. Together, these results suggest that human WM is not supported by sustained activity alone, but instead involves dynamic transitions between active expression and quiescence in population coding, potentially balancing accessibility and efficiency.",theoretical / computational neuroscience,artificial intelligence / machine learning
Extended_Abstracts,487,pending,Moving beyond the stimulus to encode subjective narrative experience in the human brain,"Many of us feel moments of deep personal connection during narrative experiences. Yet most neuroimaging approaches treat the stimulus as the primary driver of neural activity, leaving the listener’s idiosyncratic contribution largely understudied. Here, we created a generalizable pipeline for operationalizing subjective narrative experience as a continuous, participant-specific neural predictor. We ask whether the subjective dimensions of narrative experience can be captured in brain activity alongside stimulus-driven features. Using fMRI, we had participants (N=99) listen to naturalistic autobiographical narratives and provide open-ended annotations of their internal states post-scan. We constructed participant-specific, continuous feature spaces from these annotations using collaborative filtering, and fit banded ridge regression models predicting whole-brain BOLD activity from both stimulus-driven (language) and subjective feature spaces. This work offers a framework for incorporating subjective experience into neural models of narrative comprehension.",experimental neuroscience (systems / cognitive),
Extended_Abstracts,488,pending,Outcome-driven decisions dominate causal inference in autism across species,"Autism is typically characterized by social communication differences, often interpreted through the lens of Theory of Mind—the ability to infer others’ beliefs and intentions. However, it remains unclear whether differences observed in social contexts reflect domain-specific impairments or broader differences in how individuals infer causes from observations. Here we test whether autism is associated with a different computational strategy for guiding perceptual decisions. We contrast two possibilities: relying directly on recent observable outcomes (reward or punishment), or inferring the causes of success and failure from the structure of stimuli and tasks. Neurotypical and autistic adults performed a two-tone pitch discrimination task in which feedback from the previous trial provided no information about the correct response on the current trial. Neurotypicals showed adaptive updating of perceptual biases based on the difficulty of recent stimuli, consistent with stimulus-based inference. In contrast, autistic participants relied more strongly on previous outcomes, tending to repeat rewarded responses. Strikingly, mice carrying the autism-associated 16p11.2 deletion showed the same outcome-driven bias in an auditory Go/NoGo discrimination task. These findings suggest that enhanced reliance on observable outcomes, rather than inference about stimulus structure, may represent a conserved computational feature of autism in humans and mice.",psychological / behavioral research,experimental neuroscience (systems / cognitive)
Extended_Abstracts,489,pending,Divergent working memory dynamics in biological and recurrent neural networks,"Persistent activity has long been considered a primary mechanism for maintaining information in working memory (WM). However, most supporting evidence relies on trial-averaged neural responses, which can obscure temporal dynamics during maintenance and mask contributions of heterogeneous cell types at the single-trial level. Here, we analyzed single-trial spiking activity from openly available intracranial recordings of neurosurgical patients performing a WM task (Kyzar et al., 2024). We trained biologically plausible recurrent neural network (RNN) models on an analogous task and directly compared maintenance dynamics between the neural data and the trained RNNs. We found that RNN models relied on sustained persistent firing to maintain task-relevant information, whereas human neurons exhibited intermittent activity during maintenance. These results extend the persistent activity framework, suggesting that human WM maintenance involves intermittent, potentially energy-efficient coding strategies that differ from the emergent solutions in network models.",theoretical / computational neuroscience,computational cognitive science / cognitive modeling+experimental neuroscience (systems / cognitive)
Extended_Abstracts,490,pending,"fMRIflow: A Modular, Web-Based Framework for Voxelwise Encoding Models","Voxelwise encoding models (VEM) are widely used in cognitive neuroscience. Despite existing tutorials and codebases for voxelwise encoding modeling, different labs and even different members within the same lab often develop ad-hoc scripts to fit VEM. This divergence can hinder reproducibility. Furthermore, when each lab writes its own analysis code, methodological mistakes can go unnoticed and lead to incorrect scientific conclusions, even if the code is fully reproducible. A shared framework makes these choices explicit and available for collective improvement. Here, we present fMRIflow, an open-source framework that streamlines the process of building VEM workflows. The framework standardizes the VEM workflow through a module-based architecture while preserving flexibility for diverse research needs. An interactive web interface improves usability and accessibility, lowering the barrier to adoption.",computational cognitive science / cognitive modeling,
Extended_Abstracts,491,pending,Semantic Neighborhood Density and Eye Gaze Time in Human Programmer Attention,"This paper studies the relationship between human eye gaze time on words in source code and the Semantic Neighborhood Density (SND) of those words. Human eye gaze time is a popular way to quantify human attention such as the importance of words people read and the cognitive effort people exert. Meanwhile, SND is a measure of how similar a word is in meaning to other words in the same context. SND has a long history where it has been connected to eye gaze time in various domains and helps explain human cognitive factors such as confusion and quality of reading comprehension. But SND carries an unknown and potentially unique meaning in software engineering. In this paper, we compute SND for tokens in source code that people viewed in two previous eye-tracking experiments, one in C and one in Java. We conduct a model-free analysis for statistical relationships between SND and gaze time. We found that words with high SND tend to have higher gaze time than low SND words, especially for low frequency words.",computational cognitive science / cognitive modeling,artificial intelligence / machine learning+psychological / behavioral research
Extended_Abstracts,492,pending,Do Social Micro-processes Emerge in Multimodal Language Models? A Case Study of Egocentric Referential Communication,"Have we built MLMs that truly communicate like people? Here we test the emergence of a key aspect of human social intelligence: social micro-processes, whereby speakers reason about the shared context to make simple word choices. We focus on demonstratives (i.e., THIS and THAT in English), whose use requires reasoning about the physical distance between a referent and the speaker’s position. We evaluate four MLMs in egocentric communication. Our preliminary results show that only advanced models produce demonstratives consistent with the expected near–far distinction, providing behavioral evidence of emerging social micro-processes. However, these models remain insensitive to the speaker’s viewpoint, struggle to correctly interpret egocentric descriptions of speaker location, and fail to generalize to third-person perspective-taking.",artificial intelligence / machine learning,computational cognitive science / cognitive modeling
Extended_Abstracts,493,pending,Manipulating human gaze reveals a cost structure of natural visual search,"A hallmark of human intelligence is the balance between goal-driven control and automatic processes. Visual search is a canonical task in which both systems guide behavior: goal drive prioritizes target-relevant features, while salience drive directs attention toward conspicuous regions. In classical paradigms, these systems can be placed in conflict, reducing efficiency. However, in natural scenes, salience and target relevance may exhibit complex statistical relationships, raising the question of how they jointly guide attention.

Here, we manipulate human overt attention in naturalistic visual search and quantify the resulting cost structure. Using deep image synthesis, we generate stimuli with controlled salience and show that this manipulation biases gaze during search. We then characterize search cost using image-computable measures and track how attentional priorities evolve over fixation sequences. We find that (i) gaze can be causally steered by salience, (ii) both effective set size and salience-target conflict increase the search cost, and (iii) a transition from salience- to target-driven guidance over time may underlie this cost.",computational cognitive science / cognitive modeling,psychological / behavioral research
Extended_Abstracts,494,pending,Still No Evidence for Cross-Fixational Integration: Non-Linear Encoding of Cortical Responses During Natural Vision,"Humans make several eye movements per second, requiring the visual system to construct perception from a sequence of brief fixations. This has led to the hypothesis that information gathered across fixations is integrated into a unified neural representation of the environment. In earlier work using linear encoding models, it was found that neural responses during a fixation were best predicted by the currently fixated image patch, with no measurable contribution from the previous fixation. Here, we tested whether such integration might instead be detectable through non-linear interactions. Using a large-scale MEG and eye tracking dataset from participants freely viewing natural scenes, we compared encoding models based on the current and previous fixation against matched control models in which the previous fixation was replaced by a random patch. Using non-linear MLP and GRU encoding models and examining responses across the whole cortex, we found no improvement in prediction performance when the true previous fixation was provided. Our findings therefore provide no evidence that visual information from the immediately preceding fixation contributes to neural responses during the current fixation, even when modeled with more expressive non-linear encoders.",computational cognitive science / cognitive modeling,
Extended_Abstracts,495,pending,Fine-Grained Emotion Structure in the Brain-Predictable Subspace of a Self-Supervised Video Model,"Do the brain and self-supervised video models share a common structure for representing emotion? A central debate in affective neuroscience concerns whether emotions are represented along affective dimensions such as valence and arousal, or as fine-grained emotion categories. Prior work showed that neural responses to emotional videos are better explained by fine-grained emotion categories than by affective dimensions. Here, we ask whether this categorical structure extends to the subspace shared between the human brain and a video foundation model trained without emotion labels. By aligning neural representations from a brain foundation model (Brain-JEPA) with embeddings from a self-supervised video foundation model (V-JEPA2), we identified a compact brain-predictable subspace restricted to only three of the leading principal components of a 1,408-dimensional embedding. This shared neural-computational subspace preferentially encodes discrete emotion categories rather than affective dimensions, with categorical dominance exceeding that of the full video model space, a pattern stable across all individual subjects. These findings suggest that self-supervised learning from visual experience spontaneously produces a low-dimensional, categorically organized affective subspace that aligns with human neural emotion representations.",computational cognitive science / cognitive modeling,artificial intelligence / machine learning+experimental neuroscience (systems / cognitive)
Extended_Abstracts,496,pending,A Unified Speech-to-Text-to-Speech Encoding Model for Natural Conversations,"Humans effortlessly alternate between speaking and listening during everyday conversations. What are the neural mechanisms that underlie these complex behaviors? Here, we investigated the neural basis of speech comprehension and production, leveraging around 100 hours of spontaneous, naturalistic conversations and concurrent electrocorticography (ECoG) recordings. We employed SeamlessM4T, a multimodal large language model (LLM) supporting both speech and text input and output. We extracted (1) speech perception embeddings from the speech encoder, (2) language embeddings from the text decoder, and (3) speech articulation embeddings from the text-to-speech-unit decoder. We then constructed joint electrode-wise encoding models using banded ridge regression. During comprehension, auditory areas were best predicted by speech perception embeddings, while semantic regions were best predicted by language embeddings. During production, the pre- and postcentral gyrus were best predicted by speech articulation and perception embeddings. Notably, the temporal pole was best predicted by speech articulation embeddings. Furthermore, our encoding model enabled us to track the temporal dynamics of speech comprehension and production. Overall, our findings highlight the power of LLMs to capture the neural patterns unfolding in natural conversations: from sensory perception to comprehension, and from planning to motor execution.",computational cognitive science / cognitive modeling,artificial intelligence / machine learning
Extended_Abstracts,497,pending,Foveated multiview models of human 3D shape perception,"Two recent developments in computer vision have brought us closer to human-like perception. First, multiview models trained on visual-spatial data have closed a longstanding gap between human and machine 3D perception; remarkably, these models demonstrate an emergent alignment to human error patterns and reaction times. Second, autoregressive gazing models trained for general-purpose reconstruction objectives exhibit an emergent alignment with human fixation patterns - despite no exposure to eye-tracking data. Here we ask whether these developments can be integrated into a foveated multiview transformer. We construct a model without any re-training, determine its zero-shot performance on 3D vision benchmarks, and evaluate its alignment to human behavior. The model retains meaningful task performance across all benchmarks even with sparse, low-resolution inputs, and its gaze patterns correlate with human gaze despite no training on eye-tracking data. These zero-shot results establish foveated multiview models as a promising direction for vision systems that are performant on 3D tasks and grounded in the mechanisms of human visual perception.",artificial intelligence / machine learning,computational cognitive science / cognitive modeling
Extended_Abstracts,498,pending,NeuroTIMM: Harmonizing the TIMM Model Zoo with Human Visual Strategies,"In previous work by Fel2022, the authors showed that ""harmonizing"" deep neural networks with human psychophysics to force them to rely on the same visual features as human observers aligned models with human perception while maintaining classification accuracy. Here, we scale up this approach with ClickMe 2.0, a larger and more robust behavioral dataset, and more efficient harmonization methods that make it feasible to align models across the full PyTorch Image Models (TIMM) library. Harmonized models exhibit substantially improved alignment with human visual strategies on ImageNet, which also yields higher correspondence with electrophysiological recordings from macaque visual cortex, and improved robustness against visual perturbations. We release all the harmonized weights as an open resource for the community.",artificial intelligence / machine learning,computational cognitive science / cognitive modeling
Extended_Abstracts,499,pending,Human-level 3D perception emerges from multi-view learning,"Here we introduce the first modeling framework that matches human performance on 3D visual tasks. We leverage a novel class of neural networks trained with a visual-spatial objective; given images from different locations within a scene, these models must learn to predict associated spatial information, such as camera position and visual depth. Notably, these visual-spatial data are analogous to sensory cues readily available to humans. We design a zero-shot evaluation approach to determine the performance of these `multi-view' models on a well established 3D perception benchmark, then compare model and human behavior. Our modeling approach is the first to match human accuracy on 3D shape inferences, even without training or fine-tuning on experimental data or images. Remarkably, independent readouts of model responses predict fine-grained measures of human behavior, including error patterns and reaction times, revealing a natural correspondence between model dynamics and human perception. Our findings indicate that human-level 3D perception can emerge from a simple, scalable learning objective over naturalistic visual-spatial data.",artificial intelligence / machine learning,artificial intelligence / machine learning+computational cognitive science / cognitive modeling
Extended_Abstracts,500,pending,Automated recall-to-story matching for memory research,"Research on memory increasingly relies on paradigms using naturalistic stimuli in which participants freely recall stories or films in their own words. For many analyses of such data it is critical to identify which story-elements are being referred to at each time point of a participant’s recall. Currently, this task is typically performed by human annotators, a process which is effortful and susceptible to human error. We present our ongoing work on an LLM-based tool, available as a Python package and CLI, that automates this recall matching. Our tool achieved strong agreement with human annotators on written narratives, though performance on movie narratives was more variable. The tool also remained highly consistent in its ratings across repeated runs. By automating story-to-recall matching, this tool aims to facilitate naturalistic memory research while improving consistency and reproducibility.",psychological / behavioral research,artificial intelligence / machine learning
Extended_Abstracts,501,pending,Encoding models reveal selective differences in face representations in developmental prosopagnosia,"People with developmental prosopagnosia (DP) struggle to recognize faces even though other aspects of their vision remain intact. This suggests that neural representations in DP are altered. Are these differences specific to the face-selective cortex and face stimuli, or a part of a broader visual processing deficit? To address this question we collected high-quality fMRI data from 7 neurotypical and 3 DP subjects and used ANN-based encoding models to test for differences in neural representations. We find that model prediction scores in the fusiform face area (FFA) were consistently lower in DPs than in NTs. This reduction was not explained by noisier data, as prediction scores in the body-selective extrastriate body area (EBA) were comparable across groups. Category-level analyses further showed that the reduction in FFA predictivity was specific to face images, with no group differences for bodies, scenes, or objects, and no face-specific deficit in EBA. Together, these findings point to selective differences in face representations in DPs in the FFA and show how ANN-based models can be used to characterize representational differences in the brain.",computational cognitive science / cognitive modeling,experimental neuroscience (systems / cognitive)
Extended_Abstracts,502,pending,The hippocampus represents abstract graph structure at multiple scales along its longitudinal axis,"Humans extract latent structure from their environment, and growing evidence suggests the hippocampus encodes such structure through predictive representations. In spatial domains, these representations are organized along the hippocampal longitudinal axis, with posterior regions encoding finer-grained, local structure and anterior regions supporting more global, coarse-grained structure. To test whether the same principle applies to abstract, non-spatial relational structures, we reanalysed fMRI data from participants viewing sequences drawn from a previously learned graph. We found that the left hippocampus represents abstract graph structure at multiple scales, with predictive scale increasing from posterior to anterior regions. Our findings suggest that hippocampal multi-scale predictive representations may be a domain-general mechanism for relational processing.",computational cognitive science / cognitive modeling,experimental neuroscience (systems / cognitive)
Extended_Abstracts,503,pending,Separating Numerosity and Proportion Representations Through Pretraining,"Numerosity and proportion are two fundamental types of quantitative information extracted from visual scenes, and both can be discriminated early in life. Although these cues are correlated in natural environments, incongruent combinations can occur. Young children can distinguish each individually but struggle when they conflict, suggesting that the neural representations supporting them are not yet fully refined. Here, we tested whether training on natural image classification alone can promote this refinement. We compared an untrained neural network with a network pre-trained on natural images and analyzed their latent representations. Pre-training increased the principal angle between subspaces and reduced interference in ablation analyses. Consistently, the pre-trained network showed higher accuracy in an interference task. These findings suggest that natural visual experience reorganizes quantitative representations into a more separable form.",computational cognitive science / cognitive modeling,theoretical / computational neuroscience
Extended_Abstracts,504,pending,Arousal Is the Odd One Out: Affective Properties Occupy a Unique Dimension in Human Object Representations,"How are objects represented in the human mind? We analyze property ratings for 1,823 everyday objects from the THINGS database to characterize the latent structure of human conceptual space. Using principal component analysis and cross-property prediction, we find that most object properties - including physical, biological, and manipulability dimensions - form a tightly redundant representational structure captured by two principal components. Affective properties, particularly arousal, are a striking exception: arousal cannot be predicted from structural object properties (R2 = 0.32), placing it in a dimension largely orthogonal to the rest of conceptual space. These findings suggest that the human conceptual system organizes objects along two dissociable axes – a structural/physical axis and an affective axis – and raise questions about whether current computational models of object knowledge, which are typically trained on visual and linguistic statistics, capture the full dimensionality of human object representations.",computational cognitive science / cognitive modeling,psychological / behavioral research
Extended_Abstracts,505,pending,Biologically Constrained Heterogeneity: Hybrid Spiking-Nonspiking Connectome-Constrained Models,"In diverse neural circuits, ranging from the locust locomotor system to the mouse retina, information is processed through the coordinated activity of spiking and nonspiking neurons. Some research suggests a potential evolutionary benefit to this dual-modality processing, and cellular heterogeneity is known to enhance robust learning in spiking neural networks (SNNs). Current research on nonspiking neurons in biological contexts primarily focuses on the trade-offs between local and global signals. However, the specific contribution of graded versus action potential-mediated signal propagation has rarely been isolated and tested within connectome-constrained models. While precise cellular parameters are often difficult to obtain, the classification of a neuron as graded or action-potential based is often well-characterized (e.g., photoreceptors tend to be nonspiking across organisms, whereas higher-order levels of the visual system such as RGCs in vertebrates and LPTCs in Drosophila tend to be spiking). We exploit this known heterogeneity to investigate whether directly connected spiking-nonspiking hybrid architectures provide a computational edge. We first validate the viability and robustness of this architecture on an auditory spiking identification task, the Spiking Heidelberg dataset, and find that hybrid networks outperform homogeneous baselines most strongly under limited neurons or training data. We then demonstrate the viability of this framework in a connectome-constrained model of the Drosophila antennal lobe which achieves 93-95\% test accuracy when trained on a 200+ odor classification task. PCA of projection neuron activity in our model reveals greater linear separability in odor representations relative to other neuron types in the antennal lobe, consistent with biological findings. Together, these results establish hybrid spiking-nonspiking architectures as a promising alternative for spiking tasks.",artificial intelligence / machine learning,theoretical / computational neuroscience
Extended_Abstracts,506,pending,Interfacing Macaque Cortex with Language Models for Generative Neural Readout,"Recent advances in neural decoding have moved beyond categorical readouts toward richer, semantically grounded representations, for example by mapping brain activity elicited by natural scenes to language embeddings of image captions. While effective, such approaches remain limited to static representations. To enable more flexible and interactive decoding of neural data, recent work has proposed interfacing brain activity directly with large language models (LLMs), allowing neural signals to condition open-ended language generation. However, these approaches have so far been restricted to human fMRI and time-averaged signals. Here, we extend this approach to intracranial recordings from macaque visual cortex during passive viewing in the THINGS dataset. We show that time-resolved neural activity is decodable into natural language, enabling generative readout of visual content. These preliminary results demonstrate that LLM-based neural decoding interfaces generalize beyond human fMRI and suggest that language-compatible structure is present in non-human primate visual representations.",computational cognitive science / cognitive modeling,artificial intelligence / machine learning
Extended_Abstracts,507,pending,A Reproducibility Framework for Subject-Level Alzheimer’s Decoding,"Many EEG papers warn about leakage, unstable validation, and weak reporting, yet these issues still appear frequently in current disease-classification studies (Brookshire et al., 2024; Kapoor & Narayanan, 2023; Kunjan et al., 2021). We make these risks concrete in one exemplar problem: Alzheimer's disease (AD) vs control (CN) decoding on OpenNeuro ds004504 (Miltiadous et al., 2023; Markiewicz et al., 2021). We evaluate three traps together, in one auditable workflow. Trap 1 (identity leakage): when epochs from the same subject appear in both train and test sets (subject-overlap), accuracy is inflated. Trap 2 (cohort sensitivity): even when no subject appears in both sets (subject-disjoint), results can still vary strongly depending on which subjects are held out. Trap 3 (objective mismatch): epoch-level metrics (an epoch is a short EEG segment treated as one sample) and subject-level metrics can rank models differently. To empirically demonstrate these traps, we compare PCA against a univariate T-test feature selector across KNN, SVM, XGBoost, and MLP. Overlap versus subject-disjoint splits test Trap 1, varying held-out cohort size and composition across repeated cohorts tests Trap 2, and epoch-versus-subject ranking comparisons test Trap 3. This work provides a reproducibility framework that makes leakage, cohort sensitivity, and objective mismatch jointly visible and testable. We recommend the use of subject-disjoint LOSO/LPSO (Leave-P-Subjects-Out) splits, reporting fold/cohort variability (SD), and reporting both epoch and subject accuracy.",artificial intelligence / machine learning,computational cognitive science / cognitive modeling+experimental neuroscience (systems / cognitive)
Extended_Abstracts,508,pending,Predicting Individualized Functional Topographies in Autism Spectrum Disorder,"Functional localizers have been widely used to localize individualized functional areas. However, given constraints on scanning efficiency, ecological validity, and the practical challenges of collecting localizer data in clinical populations, alternative approaches are needed. Previous work has found that hyperalignment can estimate category-selective topographies with high fidelity, even in individuals with perceptual deficits such as face blindness. Here, we extend hyperalignment to individuals with autism spectrum disorder (ASD), a developmental disorder with deficits in face perception and category-selective cortex. Using a dataset consisting of 24 individuals with ASD and 24 controls, we predicted their topographies for faces and objects using connectivity hyperalignment (CHA), and compared the predicted maps with estimations from their own functional localizer data. On average, the CHA-predicted maps were highly correlated with participants’ own topographies at both the whole-brain and fine-grained searchlight level. Hence, we show that category-selective topographies can be estimated with high fidelity using hyperalignment in clinical populations with widespread atypical neural responses.",theoretical / computational neuroscience,artificial intelligence / machine learning+computational cognitive science / cognitive modeling
Extended_Abstracts,509,pending,Reaching for Emotion Regulation with Reachy Mini,"Cognitive neuroscience models often lack ecological validity due to constrained laboratory environments and thus fail to generalize to real-world clinical deployments. To bridge this gap, we propose an extensible bedside companion utilizing the Reachy Mini robot. Our ultimate vision is an embodied system that holistically assesses patient physiological and cognitive-affective states, autonomously alerts medical personnel to anomalies, and improves clinical outcomes while serving as an 'ecological laboratory' for naturalistic data collection. As a foundational step toward this vision, this work establishes a core affective regulation loop. We continuously monitor a user's emotional state in unconstrained settings using Electroencephalography (EEG), video, and speech. Upon detecting negative emotional shifts, a Large Language Model (LLM) triggers targeted cognitive interventions: auditory stimuli (music), semantic information processing (news), a collaborative story-building game, and a targeted cognitive assessment: Montreal Cognitive Assessment-Blind. By continuously measuring responses during these tasks, the system closes the feedback loop to evaluate real-time emotion modulation. Ultimately, this demonstrates the viability of embodied AI for emotion regulation and real-world data capture.",artificial intelligence / machine learning,experimental neuroscience (systems / cognitive)
Extended_Abstracts,510,pending,Measuring Depth Inversion in the Ames Window Illusion,"How is the visual system able to resolve the ambiguity regarding depth and size of objects that results from the absence of binocular information?
    One angle that allows for the study of this phenomenon are illusions such as the rotating Ames Window, where an object appears inverted in depth for one half-cycle, resulting in an illusory oscillation. 
    We evaluate six modern depth estimation networks on their capability to reproduce this effect by measuring an object's estimated depth gradient over the course of one rotation. 
    We find that the depth gradient behaves in an oscillatory manner in all probed networks, suggesting some unifying commonality beyond network architecture.",experimental neuroscience (systems / cognitive),computational cognitive science / cognitive modeling
Extended_Abstracts,511,pending,Comparing Human and Machine Communication Patterns Through a Tangram Game,"When humans communicate about visual objects, they develop shared linguistic conventions that progressively reduce referential ambiguity through collaborative dialogue. To test whether vision-capable large language models (VLLMs) exhibit similar communicative behaviors, we compare human-human and agent-agent interactions in the tangram communication game, where two players establish shared references for abstract shapes across six repeated rounds. We analyzed existing human-human data and conducted agent-agent experiments with five VLLMs, measuring performance and using representational probes to explore the structure underlying performance. Humans demonstrate clear convention formation, with representations becoming increasingly distinguishable as accuracy improves from 78\% to 96\%. In contrast, AI agents showed consistently low performance, typically around 10--30\%, with little evidence of convention development, despite access to conversation history, interim accuracy reports, and what appear to be largely accurate initial descriptions by ``director'' agents. These results suggest that current VLLMs may still struggle with grounded, evolving, coreferential communication in this collaborative setting.",computational cognitive science / cognitive modeling,artificial intelligence / machine learning
Extended_Abstracts,513,pending,Physical Stress Disrupts Maladaptive Emotion-Decision Loops in Depression with Non-Suicidal Self-Injury: Evidence from a Combinatorial Bandit Task,"Non-suicidal self-injury (NSSI) is a maladaptive coping behavior frequently co-occurring with major depressive disorder (MDD), yet the computational mechanisms underlying emotion--behavior dysregulation under stress remain unclear. Using a four-armed combinatorial bandit task with acute physical stress manipulation, we examined decision-making in healthy controls (HC, $n=48$), MDD patients with NSSI (NSSI$^+$, $n=43$), and those without (NSSI$^-$, $n=26$). Model-free analyses revealed a maladaptive emotion--behavior loop in MDD, characterized by lower performance and reduced affective sensitivity to positive feedback. In addition, stress increased suboptimal repetition of choice with low deterministic payoffs in NSSI$^+$. Computational modeling showed that MDD had lower learning rates and reduced exploration, with NSSI$^+$ also characterized by higher initial values and diminished directed exploration. Stress facilitated decay of selection history, and decay of values in NSSI$^-$. These findings delineate behavioral and computational signatures of NSSI in depression awaiting further consolidation.",psychological / behavioral research,computational cognitive science / cognitive modeling+psychological / behavioral research
Extended_Abstracts,514,pending,Context-Dependent Relational Warping Underlies Triangle Inequality Violations in a Large Language Model,"Vector-space accounts assume that relational similarity is determined by fixed positions in a metric space, implying that
  similarity judgments should satisfy triangle inequality. Yet behavioral work has shown selective violations in mixed
  triangles, where the same ambiguous pair participates in different relations across comparisons. This raises a mechanistic
  question: how can a vector-based system produce context-dependent relational judgments if pair representations are fixed?
  We address this question in Llama-3.1-70B by comparing consistent and mixed triangles and by examining internal
  representations during in-context learning. The model reproduces the human asymmetry: triangle inequality is largely
  preserved in consistent triangles but systematically violated in mixed triangles. Internal analyses of condition-specific
  function vectors projected into a shared PCA space show that the ambiguous pair does not remain at a single stable
  location, but shifts toward different relation-specific directions as context changes. These findings suggest that mixed-
  triangle violations arise from context-sensitive representational warping, indicating that fixed-metric accounts are
  insufficient to explain relational similarity under changing context.",computational cognitive science / cognitive modeling,
Extended_Abstracts,515,pending,Hierarchical Organization of Actions in Creative Problem Solving: Evidence from the Puzzle Game Baba Is You,"Real-world problem-solving requires creatively redefining constraints, a process captured by the rule-dynamic puzzle \textit{Baba Is You}. However, modeling human strategies in such open-ended environments faces significant computational challenges: state-action space explosion, researcher bias in ""top-down"" operator definitions, and the non-Markovian nature of latent subgoals. Here, we develop an objective, bottom-up framework to identify atomic operators (OPs) and cluster them into Functional Units (FUs), aligning with evidence that humans construct simplified mental representations to plan. Applying a 4-state Hidden Markov Model(HMM) on inter-move reaction times (RTs), we dissociate latent states of intensive deliberation to quantify planning depth. Analyzing $1.2$ million actions from $1,118$ participants, we show that deliberation peaks during low-motor-load navigation and at the starting point of complex subgoals. This temporal gap widens at higher levels of the abstraction hierarchy (OP $\to$ FU), suggesting a strategic front-loading of computational resources. Furthermore, significant shifts in operator distributions post-failure indicate that restarts trigger global re-evaluations of internal models. Our findings provide a data-driven account of how humans optimize hierarchical planning to navigate and restructure causal logic.",computational cognitive science / cognitive modeling,psychological / behavioral research
Extended_Abstracts,516,pending,The Claw Machine Task: Modelling Confidence in Tool Use,"Advanced tool use requires evaluating a range of uncertainties. We introduce the Claw Machine experimental paradigm, a novel tool-use task in which reward structure and outcome uncertainty are manipulated independently, eliciting separate confidence ratings for action selection and physical execution. Data are reported from a preliminary sample of 36 out of 40 planned participants. A Bayesian negative entropy model, parameterised by inverse temperature $\beta$ indexing the degree to which reward influences confidence, captures this dissociation: action selection confidence tracks expected utility and varies with reward structure, while execution confidence reflects object properties and outcome variability independently of reward. Model-fitted $\beta$ did not correlate significantly with independent risk-taking (BART), suggesting reward sensitivity in structured tasks may be dissociable from general risk tolerance under ambiguity.",psychological / behavioral research,computational cognitive science / cognitive modeling
Extended_Abstracts,517,pending,Model manifold analysis suggests the human ventral visual system is less like an optimal classifier and more like a feature bank,"What do deep neural network (DNN) models actually tell us about the computational principles of visual information-processing in the biological brain? A now common finding in visual neuroscience is that many different kinds of DNNs -- with different architectures, tasks, and training diets -- are all comparably performant predictors of image-evoked brain activity in the ventral visual cortex. This relative parity of diverse models may at first seem to undermine the common intuition that these models can be used to infer the computational principles that govern the visual brain. In this work, we show to the contrary that comparable brain-predictivity does not preclude the differentiation of these same models in terms of the underlying manifold geometries that define them. To do this, we assess 12 manifold geometry metrics computed on a diverse set of 117 DNN models, curated to include multiple tasks, architectures, and input diets. We then use these metrics to predict how well each model aligns with occipitotemporal cortex (OTC) activity from the human fMRI Natural Scenes Dataset. We find that *manifold signal-to-noise ratio* (a metric previously associated with few-shot learning) is a robust predictor of downstream brain-alignment and supersedes both other manifold geometry metrics (i.e. *manifold capacity*) and downstream task-performance (e.g. top-k recognition accuracy) across multiple image sets (e.g. ImageNet21K versus Places365) and controlled model comparisons (e.g. assessments across ImageNet-1K trained architectural variants only). These results add to a growing body of evidence that the ventral visual stream serves as a basis set (or feature vocabulary) for object recognition rather than as the actual locus of recognition *per se*.",theoretical / computational neuroscience,computational cognitive science / cognitive modeling
Extended_Abstracts,518,pending,Can Human Perceptual Similarity Alignment Improve Interpretability in Visual Representations?,"What makes the features learned by vision models interpretable to humans? We introduce a psychophysics protocol that directly measures feature interpretability—the degree to which a person, given a feature visualization and importance maps, can predict where that feature will activate in a new image. The logic is simple: if a feature captures a recognizable visual concept, observers should be able to localize it; if it does not, they will struggle. Applying this protocol to sparse autoencoder features from a range of vision transformers, we find that self-supervised and foundation models are consistently less interpretable than their supervised counterparts. While fine-grained alignment with human similarity judgments is uniformly high across models and does not predict interpretability, coarse-grained alignment—capturing semantic rather than perceptual structure—is a stronger correlate, suggesting that further improvements in interpretability depend less on perceptual fidelity than on whether a model's representations reflect the semantic organization of human perception.",artificial intelligence / machine learning,psychological / behavioral research
Extended_Abstracts,519,pending,Optimal Retinal Ganglion Cell Allocation under Fixed Channel Budgets,"The mammalian retina must compress a high-dimensional visual scene into a limited number of retinal ganglion cell (RGC) spike trains along the optic nerve. Given the optical constraints of the eye lens, such as aberrations, input image statistics contain varying local spatial complexity around the fovea. Furthermore, the primate fovea dedicates 80\% of ganglion cells to the central visual field. We hypothesize that a nonuniform allocation is optimal from an information-theoretic perspective.
We model RGC distributions across retinal regions as a fixed-budget resource allocation problem and compare allocation strategies against rate-distortion theory. Our computational pipeline treats RGCs as mosaics of Difference-of-Gaussians (DoG) receptive fields tiled via $k$-means Voronoi cells, where each cell's center radius scales as $\sigma_c = s\sqrt{A_i}$ with its patch area $A_i$. Images are encoded into ON/OFF half-wave-rectified ganglion-cell responses and reconstructed via a minimum-norm matched-filter pseudoinverse decoder. Allocation strategies are compared against rate-distortion theory, which analytically predicts that optimal resources scale with $n_i \propto c_i^{1/(1+p)},$ where $c_i$ is local gradient-energy complexity and $p$ governs the distortion power law. We also test whether the optimal allocation is achievable under evolutionary algorithm schemes with random initializations. Experiments use synthetic image ensembles with controlled regional statistics---horizontal bands of varying texture and concentric foveal rings---and compare the uniform, gradient-energy optimal, and adversarial reverse cell allocations. Across all tested budgets ($N = 8 \sim 8192$), the gradient-energy optimal allocation consistently yields the lowest reconstruction MSE, with the benefit growing monotonically with both budget size and inter-regional complexity contrast. The reverse baseline consistently under-performs, confirming that allocation order matters. Evolutionary learning converges in the direction of the theoretically optimal allocation and ultimately surpasses it, achieving lower MSE than the analytic solution. Taken together, these results support the normative hypothesis that the primate fovea's disproportionate ganglion-cell density is consistent with complexity-matched, rate-distortion-optimal coding.",theoretical / computational neuroscience,artificial intelligence / machine learning+theoretical / computational neuroscience
Extended_Abstracts,520,pending,PyDDMBayes: A Multilevel Bayesian Framework for Generalized Drift-Diffusion Modeling,"Generalized drift-diffusion models (GDDMs) extend the classical DDM to support richer mechanistic hypotheses about decision-making. Standard approaches fit participants independently or pool them entirely, forcing a trade-off: independent fits are noisy and data-hungry, while pooled fits obscure individual variation. Multilevel modeling can resolve this trade-off through partial pooling, but existing multilevel implementations are restricted to classical DDM forms or require computationally expensive pre-training for each GDDM. More fundamentally, bridging multilevel modeling with GDDMs poses statistical challenges that off-the-shelf solutions do not overcome. Here we present PyDDMBayes, a framework and Python toolbox for multilevel Bayesian analysis of arbitrary GDDMs. In simulation, multilevel estimation reduces participant-level parameter recovery error compared to unpooled maximum likelihood, particularly with few trials. We show how a single multilevel GDDM yields both population-level inference and participant-level estimates of individual differences, and how the framework supports model comparison between competing mechanisms. This framework unifies inference across levels of analysis for arbitrary GDDMs.",computational cognitive science / cognitive modeling,
Extended_Abstracts,521,pending,The aging of creative problem solving revealed by the dynamics of latent cognitive-behavioral states,"Traditionally, aging declines are attributed to isolated capacity declines (e.g., executive function, fluid intelligence), but it remains unclear whether aging difference in creative problem-solving (CPS) primarily reflect impairments in specific cognitive capacities or declines in the dynamic coordination of cognitive processes, especially in open-ended, real-world-like situation. We addressed this using a novel, ecologically valid paradigm adapted from the dynamic puzzle game $\textit{Baba Is You}$. In two online experiments (121 younger, 114 older adults), older adults showed significantly poorer CPS performance despite comparable working memory and other core cognitive abilities. To uncover the mechanisms, we segmented variable-length behavioral logs (16–2150 actions), extracted temporal-spatial-interaction features, and applied Bayesian Hidden Markov Models (BHMM) to infer latent cognitive-behavioral states and their transitions. Information-theoretic analyses of these latent dynamics further showed that older adults exhibited longer segment duration normalized by the segment-wise perplexity of latent states, which partially mediated the age-related performance decline. These findings indicate that aging impairs CPS primarily through reduced flexibility in dynamically coordinating cognitive states, rather than deficits in isolated capacities. This computational framework provides new mechanistic insights into cognitive aging in complex problem solving.",psychological / behavioral research,
Extended_Abstracts,522,pending,An Optimal Compression Principle for Event Segmentation and Encoding,"Humans spontaneously segment continuous experience into events, which shape memory and learning. Yet it remains unclear what objective or principle makes particular moments function as boundaries.  We propose an information-theoretical framework, Minimum Description Length (MDL), that accounts for behavioral boundaries in sequences of stimuli by balancing global coding simplicity against within-event accuracy. This principled approach optimizes compression to extract generalizable event schema from noisy experiences, producing a family of hierarchical segmentations controlled by one granularity parameter. Across naturalistic video and audio stimuli, MDL boundaries align with human segmentation judgments. In simulations, the same principle recovers latent event structure without hand-specified state priors; and captures the U-shaped curve of free recall. The MDL framework suggests that event boundaries may emerge from general pressure toward efficient representation.",computational cognitive science / cognitive modeling,artificial intelligence / machine learning+psychological / behavioral research
Extended_Abstracts,523,pending,Efficiency and noise processing in early visual system,"The brain is known to perform active inference despite optic nerve constraint and noise. Earlier works have shown that noise can be beneficial under certain conditions. We use VAE as a model of the early visual system. Under a sparse prior, we find that noise can help efficient coding and observe emergence of bioplausible RFs and whitening as a result. Hence, we hypothesise that sparsity of neural code exists to exploit noise. Ongoing work solidifies this hypothesis.",theoretical / computational neuroscience,artificial intelligence / machine learning
Extended_Abstracts,524,pending,Neural Typicality in Naturalistic fMRI Defines an Interpretable Representation for Clinical Classification,"Naturalistic paradigms evoke structured neural responses shared across individuals, providing a rich but high-dimensional signal for studying brain function. Translating this signal into clinically useful representations, however, remains challenging. Here, we use Neural Typicality (Ntyp), a voxelwise measure of alignment to a shared response during naturalistic movie viewing, to construct a compact representation of brain dynamics and apply it to diagnostic classification in people with multiple sclerosis (pwMS).

Using this representation, we achieve reliable classification of pwMS versus healthy controls using simple feature extraction strategies, with data-driven decomposition yielding the strongest performance. Permutation testing confirms that classification reflects true disease-related structure. This was consistent across multiple movies acquired in separate scanning sessions.

The dimensions driving classification correspond to coherent, bilaterally organized brain networks that can be projected back onto the cortex, demonstrating that predictive performance arises from structured, interpretable brain organization rather than a black-box model. The ability to inspect these networks directly links classification to interpretation.

Together, these results show that naturalistic neural alignment defines a compact and meaningful representation of brain function that enables classification while revealing the neural structure underlying group differences.",artificial intelligence / machine learning,theoretical / computational neuroscience+experimental neuroscience (systems / cognitive)
Extended_Abstracts,525,pending,Dissociating different sources of uncertainty in mice,"Adaptive decision-making requires representing uncertainty often about several latent variables. While previous studies suggest that animals might represent uncertainty, it remains unclear whether such representations extend beyond task-relevant decision variables to include auxiliary perceptual variables. Here, we test whether mice represent both perceptual and decision uncertainty in a Go/No-Go orientation discrimination task while recording from area V1. We independently manipulated decision uncertainty (via stimulus orientation) and perceptual uncertainty (via stimulus contrast and dispersion). We then developed a Bayesian ideal observer (BIO) model that estimates trial-wise posterior distributions over stimulus orientation and choice. The model, fit to individual mice, outperformed both stimulus-based and behavior-only baselines in predicting choices. Estimated posteriors revealed dissociable structure: decision uncertainty was more strongly modulated by orientation, while perceptual uncertainty was driven by contrast and dispersion. These results provide evidence that animals might track multiple sources of uncertainty, and establish a framework for linking behaviorally inferred uncertainty to neural population activity. This approach enables direct tests of whether and how cortical circuits encode uncertainty during complex decision-making.",computational cognitive science / cognitive modeling,psychological / behavioral research+experimental neuroscience (systems / cognitive)
Extended_Abstracts,526,pending,Geometric Signatures of Event Boundaries in Brain Foundation Models,"Brains segment continuous experience into discrete events at moments of prediction error. These boundaries shape what is remembered and how experiences are interpreted. We ask whether a resting-state fMRI foundation model can capture neural event structure during movie watching. Using SwiFT_v2, a pretrained resting-state fMRI foundation model, applied to StudyForrest (N=15, Forrest Gump, ~162 behavioral event boundaries), we find that event boundary information is not decodable per-timepoint but emerges when averaging across many boundaries as a significant increase in embedding distance (p=.0003). These transitions involve representational displacement (cosine, Procrustes distance significant) without restructuring (local dimensionality, effective rank null). Temporal autocorrelation drops at boundaries (p=.028), providing a direct prediction failure signature. Signals appear only in later transformer layers (p<.02), and cross-subject alignment decreases at boundaries (p<.001). Foundation model embeddings thus capture event structure as continuous geometric transitions, complementing HMM's discrete detection.",theoretical / computational neuroscience,
Extended_Abstracts,527,pending,Towards a minimal model of early phonetic learning,"We study the relationship between learning mechanisms and predicted developmental trajectories in early phonetic learning. We show that, when set up appropriately, a simple minibatch K-means algorithm correctly predicts the emergence of a cross-linguistic difference between American English- and Japanese-learning infants in the perception of English R vs L, as in “rock” vs. “lock.” These results contribute to the ongoing exploration of the constraints that developmental trajectories of phonetic perception place on the associated learning mechanisms.",computational cognitive science / cognitive modeling,
Extended_Abstracts,528,pending,Asymmetric Interruption Costs Reflect Transition Structure Shaped by Task-Neutral Attractors,"Unexpected interruptions lead to persistent performance costs in subsequent task execution. 
Within a dynamical systems framework of cognitive control, where task-specific states are 
represented as attractors, interruption costs can arise from changes in the local dynamics of 
existing attractors or from the introduction of task-neutral attractors that alter transition structure, 
changing the rate of convergence. We tested these hypotheses using behavioral experiments and computational modeling. 
Behaviorally, interruptions increased response times in an asymmetric manner: 
returning to the pre-interruption task incurred larger costs than switching to an alternative task. 
This asymmetry was captured only when the local dynamics were modulated via changes in 
recurrent gains combined with an additional task-neutral attractor. 
These results suggest that recovery from unexpected interruptions is governed by 
multiple neural mechanisms changing the overall energy landscape among task attractors.",computational cognitive science / cognitive modeling,psychological / behavioral research
Extended_Abstracts,530,pending,Directional Confusions Reveal Inductive Bias Through Rate–Distortion Geometry,"Humans and modern vision models can reach similar classification 
accuracy while making systematically different kinds of mistakes — 
differing not in how often they err, but in who gets mistaken for 
whom, and in which direction. We show that these directional 
confusions reveal distinct inductive biases invisible to accuracy 
alone. Using matched human and deep vision model responses on a 
natural-image categorization task under 12 perturbation types, we 
quantify asymmetry in confusion matrices and link it to generalization 
geometry through a rate--distortion (RD) framework, characterized by 
slope (beta), curvature (kappa), and efficiency (AUC). Humans 
exhibit broad but weak asymmetries, whereas deep vision models show 
sparser, stronger directional collapses — a dissociation confirmed to 
be independent of accuracy. Robustness training reduces global 
asymmetry but fails to recover the human-like breadth--strength 
profile. Mechanistic simulations show that broad--weak and sink-like 
organizations produce opposite shifts in RD frontier geometry even 
when matched for performance, suggesting that human-aligned robustness 
requires redistributing error structure, not just reducing it.",computational cognitive science / cognitive modeling,artificial intelligence / machine learning+theoretical / computational neuroscience
Extended_Abstracts,531,pending,Beyond shapshot vision: decoding dynamic videos  from temporally evolving neural activity,"Visual perception requires processing of dynamic, continuously changing inputs, which elicit neural responses that unfold dynamically over time. Temporal dynamics of visual representations are extensively studied in the context of static vision, e.g. by testing how well visual images can be decoded from time-resolved human brain signals. Less is known about the temporal characteristics of neural responses to dynamic stimuli. Here, we directly compare the neural processing of static and dynamic inputs by computing temporal decoding profiles from electro-encephalography (EEG) activity measured in human subjects viewing short naturalistic videos and matched single-frame images. We ask the following questions: 1) Are dynamic videos and static images similarly decodable from EEG responses? 2) How well do neural representations generalize between images and videos? and 3) Is this generalization between formats modulated by video dynamics? We find that images and videos yield comparable within-format decoding accuracies at early stages of the EEG response time course, but videos are better decodable later in time (>200 ms). Neural decoding does substantially but not fully generalize across formats, with later convergence depending on the temporality of the video content. Specifically, image decoding generalizes least to highly temporal videos, suggesting that additional, video-specific representations are involved. These findings reveal unique neural representations for video over images.",theoretical / computational neuroscience,experimental neuroscience (systems / cognitive)
Extended_Abstracts,532,pending,The Baby Intuitions Benchmark 2: Evaluating Social Intelligence in Humans and Machines,"Human actions are driven by both instrumental goals to effect change in the physical world and social goals to engage with others. Even young infants appear capable of recognizing and reasoning about these goals, supporting early learning about agents and their environment. Can advanced artificial intelligence reason about the instrumental and social goals of others? The Baby Intuitions Benchmark 2 (BIB2) is designed to test this question. We present BIB2 along with preliminary data from N = 64 adults, validating expected patterns of human performance. We further introduce two computational models to be evaluated on BIB2: (1) a video transformer model that has shown success on BIB2’s predecessor, the Baby Intuitions Benchmark; and (2) a variant that incorporates inductive biases for social learning via pretraining on SAYCam-S, a large, naturalistic dataset of head-mounted video from a single infant. By probing inference about affiliation and agency from minimal cues, BIB2 provides a principled framework for studying the foundations of social intelligence and for advancing human-like AI.",psychological / behavioral research,artificial intelligence / machine learning+computational cognitive science / cognitive modeling
Extended_Abstracts,533,pending,Beyond Averages: Identifying Latent Behavioral Strategies in Approach–Avoidance Conflict Using Probabilistic Clustering,"Individuals differ in how they navigate approach–avoidance conflicts (AAC), balancing rewards and punishments. We applied Bayesian Gaussian mixture modeling to an AAC paradigm and identified three latent behavioral strategies: coarse value-sensitive explorers, cost–benefit optimizers, and non-avoiders. These clusters differed in how selectively participants allocated effort across reward–punishment conditions, revealing graded versus coarse or indiscriminate strategies. Our results highlight that adaptive and maladaptive avoidance arise from distinct mechanisms and that probabilistic clustering can uncover hidden behavioral heterogeneity with relevance for neural and clinical investigations.",computational cognitive science / cognitive modeling,artificial intelligence / machine learning+psychological / behavioral research
Extended_Abstracts,534,pending,Characterizing Decision Strategies from Think-Aloud in Risky Choice,"Models of risky choice typically infer decision processes from gamble attributes and observed choices rather than directly observing the reasoning that unfolds during decision-making. Although such models can predict behavior well, their latent variables are researcher-specified, motivating interest in think-aloud protocols as a window into the human decision process. However, prior think-aloud work has often relied on either manual analysis that is difficult to scale or predictive use of language models that offers limited insight into reasoning structure. Here, we test whether think-aloud verbal reports can be distilled into interpretable representations that both reveal structure in reasoning and capture decision-relevant information that improves prediction of choice behavior. We compared baselines with think-aloud-based models ranging from interpretable abstractions of participants’ verbal reports to sanitized and full transcript representations. Think-aloud-based representations improved prediction over an LLM baseline that received only option values and probabilities, with progressively richer representations yielding higher accuracy. Some models that used abstract representations of think-aloud also outperformed the Expected Value and Prospect Theory baselines. These results suggest that think-aloud can be transformed into interpretable abstractions that reveal sequential reasoning structure and additional decision-relevant signal not captured by gamble attributes and observed choices alone. More broadly, this framework uses think-aloud to bridge formal models of choice with the reasoning processes that drive behavior.",computational cognitive science / cognitive modeling,artificial intelligence / machine learning+psychological / behavioral research
Extended_Abstracts,535,pending,Downsampled Representations Improve Cross-Model Transfer in hV4 Encoding-Model Metamers,"Metamers are physically distinct images that produce the same response in a model or brain area and can therefore probe which image changes leave that response unchanged. In brain-response modeling, encoding models can synthesize images that preserve the predicted response to a reference image. However, matching a single fitted encoding model does not by itself support an inference about shared invariance within an ROI. We therefore define metamer validity as hold-out cross-model transfer to independently fit models not used during synthesis. Using hV4 responses from the Natural Scenes Dataset, we trained six AlexNet-based encoding models, reserving three for synthesis and three for hold-out evaluation. We varied the number of jointly matched synthesis models ($K=1,2,3$) and compared Pixel and Lowpass synthesis conditions. Hold-out transfer was consistently higher for Lowpass than for Pixel, and increases in $K$ produced more consistent gains in Lowpass than in Pixel. Thus, inferences from encoding-model metamers depend on both multi-model constraints and synthesis parameterization.",theoretical / computational neuroscience,artificial intelligence / machine learning
Extended_Abstracts,536,pending,Dynamical systems analysis of a large-scale cortical language model enables mechanistic interpretation,"The meanings of words and concepts arise in the brain as distributed cell assemblies spanning sensory and motor cortical areas. Understanding how such representations form and propagate across the cortical hierarchy is a central challenge for the cognitive neuroscience of language. Large-scale cortical models grounded in neuroanatomy provide a natural platform for this question, yet their complexity makes it difficult to relate observed dynamics to underlying circuit properties. We apply Wilson-Cowan mean-field theory and dynamical systems analysis to the MatCo model, a 12-area neural field model of language-related cortex, deriving analytical stability boundaries that partition parameter space into distinct dynamical regimes. We find that non-uniform sensory drive causes neurons within the same cell assembly to operate in different dynamical regimes, producing heterogeneous activity incompatible with a mean-field description. Normalising synaptic input resolves this, placing the assembly in a single, well-defined regime whose behaviour – from transient stimulus-driven responses to sustained reverberant activity – is accurately predicted by the analysis. Inter-areal propagation is governed by proximity to the saddle-node stability boundary: only near this boundary does recurrent amplification successfully recruit secondary and associative areas across different modalities, linking local excitatory-inhibitory balance to the conditions for distributed semantic memory retrieval. These results ground a complex cortical language model in dynamical systems theory, opening a principled path toward mechanistic accounts of language and meaning.",theoretical / computational neuroscience,computational cognitive science / cognitive modeling
Extended_Abstracts,537,pending,Bridging Encoding to Decoding: Synthetic fMRI from Brain Foundation Models Improves Neural Decoding,"Encoding models predict brain activity from stimuli; decoding models invert this mapping—yet the knowledge accumulated in large-scale encoding models has not been leveraged for decoder training. Here we bridge them by using a brain encoding foundation model (TRIBE v2) to synthesize training data for decoder learning. We generate ~5,000 synthetic fMRI responses to natural images, align their distributions with real recordings through noise injection, and pretrain a visual decoder on this augmented set before finetuning on limited real data. This approach yields consistent improvements in retrieval-based decoding across all data regimes (28–42% relative gain, *p* < 0.05), and a shuffled-pairing control confirms that the gains arise from the encoding model's learned stimulus–brain mappings. These results demonstrate that knowledge accumulated in encoding foundation models can be transferred to decoding via synthetic data generation, offering a practical pathway to alleviate data constraints in neural decoding.",computational cognitive science / cognitive modeling,artificial intelligence / machine learning
Extended_Abstracts,538,pending,Adaptive Tuning of Human Learning to the Latent Structure of a Multi-Armed Bandit Task,"Solving real-world decision-making tasks requires not only identifying optimal choices, but also adapting one’s search strategy to the structure of the learning environment. While generalisation and uncertainty-driven exploration have been shown to support learning in large, complex environments, it remains unclear whether and how humans adapt their search strategies to tasks with different latent reward structures. Here, we answer this question using multi-armed dynamic Bernoulli bandit tasks, comparing human search behaviour across spatially correlated and independent reward environments. We found that subjects learned to learn in both tasks and showed comparable meta-learning trajectories. Crucially, their patterns of exploration diverged with training, with participants in the independent tasks exploring less often but choosing farther away options and this was retained over days. Upon analysing subjects’ trial-by-trial behaviour through the lens of reinforcement learning (RL), we found that value generalisation over nearby options predicted participant choices in the correlated but not the independent task. Furthermore, models that incorporated a non-RL tendency to repeat previous choices better explained participant behaviour in the independent task but not in the correlated task. Together, our findings suggest that humans flexibly adapt their learning strategies to different task environments based on their latent correlation structure.",computational cognitive science / cognitive modeling,psychological / behavioral research
Extended_Abstracts,539,pending,Predictive Latent Simulation as a Memory Retrieval Mechanism,"Research on hippocampal sharp-wave ripples (SWR) suggests that memory retrieval and internal simulation are deeply intertwined: prospective sequences emerge during the same neural events that drive memory access, and their content reflects expected future relevance rather than recency. Yet the computational mechanism coupling imagination to retrieval remains underspecified. We propose that imagination-guided retrieval, using internally generated latent simulations as queries against stored experience, offers a parsimonious account of this coupling. We examine navigation agents that use a world model to imagine future states that index persistent memory, without those states ever being directly observable. Perfect-retrieval experiments across three navigation backbones reveal a consistent $\sim$20-point performance gap that localizes the bottleneck to simulation quality, and multi-agent memory sharing improves navigation in proportion to the agent pool, paralleling hippocampal replay reorganized by social observation. Together, these findings offer testable predictions for the imagination-retrieval hypothesis.",artificial intelligence / machine learning,artificial intelligence / machine learning+computational cognitive science / cognitive modeling
Extended_Abstracts,540,pending,Do Better Visual Question Answering Models Attend More Like Humans?,"We examine whether improvements in visual question answering (VQA) models are associated with more human-like attention behavior. Using the VQA-HAT dataset, which provides human attention annotations, we analyze the attention patterns of a state-of-the-art model (ViLT-B/32) and compare them with both human attention and prior VQA models. While the model achieves strong task performance, its attention alignment with human annotations remains substantially below human-human agreement and comparable to earlier architectures. These observations indicate that advances in model performance do not necessarily correspond to more human-like inductive biases in attention. These results suggest a fundamental dissociation between predictive accuracy and cognitive plausibility, challenging the assumption that architectural progress yields more human-like reasoning.",artificial intelligence / machine learning,computational cognitive science / cognitive modeling+theoretical / computational neuroscience
Extended_Abstracts,541,pending,Anatomy-Aware Masked Image Modeling for Self-Supervised Learning on 3D Brain MRI,"Self-supervised pre-training on structural brain MRI can learn transferable representations without diagnostic labels, but standard masked image modeling (MIM) masks patches uniformly at random, ignoring the brain's anatomical organization. Scattered patch reconstruction can be solved from local intensity cues alone, bypassing the inter-regional reasoning most relevant to neuropsychiatric conditions. We propose \textbf{anatomy-aware MIM}, which replaces random patch masking with region-level masking derived from cortical parcellations (\texttt{aparc+aseg}). By masking entire anatomical regions at a time, the encoder is forced to reconstruct missing brain structures from long-range inter-regional context rather than local neighborhoods, with no additional supervision or parameters. Integrated into a multi-task pre-training framework based on 3D Swin Transformer and evaluated via linear probing, anatomy-aware MIM improves schizophrenia classification over random MIM: balanced accuracy from 64.7\% to 66.9\%, AUC from 0.767 to 0.771, and recall from 0.398 to 0.451 (+13.3\% relative). These results support a broader principle that domain-appropriate masking is a meaningful inductive bias for self-supervised learning in structured biological systems.",artificial intelligence / machine learning,
Extended_Abstracts,542,pending,Computational Natural Language Analysis Reveals Psilocybin-Induced Changes in Meaning-Making,"Emerging evidence indicates that psilocybin produces sustained improvements in wellbeing, thought to be mediated by changes in how individuals construct meaning from internal and external experience. However, the mechanistic basis of this process is poorly understood. We draw on Linguistic Active Inference Theory (Yao, 2025) and the REBUS model (Carhart-Harris & Friston, 2019), to argue that naturalistic speech provides a tractable window into psychedelic-induced perturbations of precision weighting. Within this framework, psilocybin is hypothesised to reduce the precision of high-level prior beliefs, increasing sensitivity to incoming prediction errors and promoting more flexible inference. We tested this account in a sample of 40 healthy participants undergoing a single high-dose psilocybin intervention. Meaning-making dynamics were assessed via naturalistic thought sampling across 10 days both pre- and post-intervention, with speech data analysed using bag-of-words, probabilistic topic modelling and graph-based semantic network analyses. Psilocybin was associated with an increased frequency of self-referential and meaning-making terms. Graph-based analyses revealed reduced modularity and increased global integration within semantic networks — a pattern we interpret as reflecting reduced top-down prior precision and more flexible integration of information. These computational signatures were associated with a shift in inner speech valence towards more positive and regulatory forms, and increased wellbeing, supporting a mechanistic account linking psychedelic-induced precision modulation to psychological outcomes.",computational cognitive science / cognitive modeling,computational cognitive science / cognitive modeling+psychological / behavioral research+theoretical / computational neuroscience
Extended_Abstracts,543,pending,re:vision – A community-driven replication initiative for condition-rich neuroscience of visually-presented stimuli,"Condition-rich fMRI studies have contributed strongly to our understanding of visual representations in the brain and their alignment with deep neural networks. However, the datasets underlying these studies often capture only a fraction of visual experience or may undersample important parts of the visual world. This raises questions about the replicability and generalizability of these findings.
To address this challenge, we introduce re:vision, a community-driven initiative that aims to systematically replicate influential findings in the neuroscience of visually presented images to determine the degree to which the field reflects genuine findings beyond dataset-specific biases. re:vision is built on LAION-fMRI, a new multi-echo 7T fMRI dataset in which, over >30 sessions, five participants each viewed approximately 7,000 images selected to maximize coverage of visual and semantic space. In re:vision, researchers will replicate published studies following original analysis procedures as closely as possible. Beyond replication, the initiative aims to test generalization using out-of-distribution images and semantically defined subsets of the stimulus space. Through large-scale collaborative replication on a carefully constructed dataset, re:vision aims to establish a stronger empirical foundation for visual neuroscience and NeuroAI.",computational cognitive science / cognitive modeling,artificial intelligence / machine learning
Extended_Abstracts,544,pending,Recent Trial History Improves Encoding Models of Brain Responses During Emotional Video Viewing,"Trial-wise brain responses during naturalistic viewing may depend not only on features of the current trial but also on recent stimulus history. Here, we investigated whether adding recent-trial information improves region-wise encoding models of trial-wise fMRI responses during emotional video viewing. Focusing primarily on emotion features, we compared current-only models with history-augmented models that incorporated 1-back and 2-back information, while also examining visual feature spaces in parallel. Adding 1-back features improved prediction across much of cortex and many subcortical regions, with the strongest gains observed for emotion features. Visual feature spaces also showed positive 1-back gains, but these were smaller. By contrast, adding 2-back features produced little further improvement beyond the 1-back model. These results indicate that trial-wise responses during emotional video viewing are not fully captured by current-trial features alone and that the most useful recent-history information is concentrated in the immediately preceding trial, particularly in the emotion feature space.",theoretical / computational neuroscience,experimental neuroscience (systems / cognitive)
Extended_Abstracts,545,pending,How RNNs shape the geometry of mixture inputs? Biased suppression and emergent codes stem from connectivity,"Neural circuits routinely process mixtures --- weighted combinations of simpler inputs.
Examples include plaids in vision, competing speakers in audition, odor blends in olfaction.
Empirically, the response to such mixtures can either combine the component responses proportionally,
or suppress one in favor of the other, or encode new directions that neither component alone produces \citep{Rust2006,Busse2009,Zoccolan2005}.
Which circuit properties determine which encoding arises?
The Divisive Normalization model captures the phenomenology of proportional and suppressive regimes,
but does not explain the underlying mechanisms, nor does it predict emergent mixture-selective directions.

This study shows how all three encoding geometries arise from a single mechanism in a biologically plausible network model: recurrent connectivity amplifies different directions of activity non-uniformly.
A mixture input shifts the network's operating point relative to each single stimulus, and this shift rescales each dynamical mode by a different factor.
Depending on the connectivity structure, this non-uniform rescaling can bias the mixture response toward one component or generate new encoding directions not reducible to any combination of single-stimulus responses.

Thus, in recurrent networks, the same stimulus family can be linearly mixed, selected, or segregated in the encoding space,
and this geometry can flexibly change with the stimulus itself. Mixture processing is a non-trivial computation, which has implications for downstream systems.",theoretical / computational neuroscience,artificial intelligence / machine learning
Extended_Abstracts,546,pending,Adaptive Distortions of Confidence Reflect Environment Statistics and Internal Constraints,"Confidence judgements are widely modelled as reflecting the strength of internal evidence, yet this account rests on SDT frameworks that assume static, symmetric decision environments. Although evidence reliability and natural input statistics can independently bias confidence (Boldt et al., 2017; Webb et al., 2023), how category priors and evidence variance jointly distort confidence towards accuracy correspondence remains unknown. Here, we manipulate category priors and evidence variance in SDT simulations while holding d’ constant. Skewed priors shift the decision criterion towards the frequent category, producing category-specific distortions in metacognitive sensitivity (AUROC2) without altering discrimination performance. Feedforward neural networks trained on MNIST digits and Gabor patches under unbalanced category frequencies develop the same asymmetric confidence patterns while maintaining classification accuracy, demonstrating that these distortions can emerge from optimisation dynamics alone, without explicit criterion computation. Our findings indicate that metacognitive precision is jointly shaped by environmental statistics and decision-policy optimisation.",theoretical / computational neuroscience,computational cognitive science / cognitive modeling+theoretical / computational neuroscience
Extended_Abstracts,547,pending,A Modular Framework for Embedding Brain-like Topology in Recurrent Neural Networks,"Spatially embedded recurrent neural networks (seRNNs) provide a framework for investigating how the brain’s spatial organisation shapes computation. Previous work extended this framework to include topological constraints, using the Earth Mover’s Distance between communicability distributions to drive artificial networks toward brain-like connectivity structure. A proof of concept demonstrated that such networks not only converge toward empirical communicability distributions but also develop spatially structured mixed selectivity for distinct cognitive demands — a functional signature absent in unconstrained networks. However, this initial demonstration required manual tuning and was limited to a single topological measure and task. Here we present a modular framework designed for the systematic investigation of how different structural properties of biological neural networks affect learning and computation. We present functional results from the original proof of concept, describe the framework’s design, and discuss how this approach enables controlled investigation of which topological properties of the brain matter for which computations.",theoretical / computational neuroscience,artificial intelligence / machine learning
Extended_Abstracts,548,pending,Signal-to-Noise Ratio Predicts Neural Response Predictability with Limited Association with Tuning Properties in Mouse Visual Cortex,"What determines whether a neuron's activity can be accurately predicted 
by a deep neural network (DNN)? The field commonly assumes that neurons 
with strong, reliable responses are the most predictable. Here, we 
challenge this assumption by dissecting neural responses into signal and 
noise components using large-scale calcium imaging data from mouse visual 
cortex ($N = 78,853$ neurons). Signal-to-noise ratio (SNR; Spearman 
$\rho = 0.552$), rather than total response power ($\rho = 0.310$), is 
the dominant predictor of DNN prediction performance (trial-averaged 
correlation). Furthermore, we identify a population of neurons with high 
trial-to-trial variability but high signal power that achieves superior 
comparable predictability (mean performance $0.401$), challenging the view that high 
variability necessarily degrades encoding fidelity. This work establishes 
SNR as a principled metric for neuron selection in neural encoding 
models.",artificial intelligence / machine learning,computational cognitive science / cognitive modeling
Extended_Abstracts,549,pending,Belief Filtering: Meta-inference of Internal Models,"Characterising the internal states underlying behaviour is challenging.  Human participants or other ""agents"" may act rationally, but with beliefs shaped by mistaken models of the causal structure of the environment and by internal noise.  External ""observers"" may access a veridical world state and witness behaviour, but have no direct view of beliefs, noise, or the internal model that shapes them.  Here, we demonstrate a formal framework to clearly distinguish agent and observer models, and their belief states, within an amortised meta-inference approach.  The approach makes it possible to track the evolution of an agent's beliefs across time, and thus identify the internal model on which it acts.",computational cognitive science / cognitive modeling,artificial intelligence / machine learning+computational cognitive science / cognitive modeling+theoretical / computational neuroscience
Extended_Abstracts,550,pending,Spatial uncertainty underlies geometric distortions in navigation and grid cell tuning,"Navigation requires estimating one’s location from noisy sensory inputs. While environmental geometry is known to distort both navigational behavior and grid cell responses, these effects have been explained piecemeal. Here we propose a unifying principle: the brain maintains and updates uncertainty about spatial location, and this uncertainty shapes both behavior and neural coding.

We introduce the Bayesian Image-computable Observer for Navigation (BION) that integrates visual and self-motion inputs to infer a posterior over location. Crucially, spatial uncertainty is structured by environmental geometry due to retinal projection, yielding systematic inhomogeneities in information. These in turn explain human homing across trapezoidal, stretched, and compressed
environments. 

We further show that encoding this uncertainty in neural population codes predicts rat grid field size, anisotropy, rescaling, and boundary-tethering under analogous manipula-
tions. Unlike prior models that treat distortions as epiphenomena, our framework interprets them as optimal adaptations to uncertainty.

These results suggest that spatial uncertainty is not incidental but fundamental to navigation, providing a normative account linking perception, behavior, and neural representation.",theoretical / computational neuroscience,computational cognitive science / cognitive modeling+theoretical / computational neuroscience
Extended_Abstracts,551,pending,Experienced dimensions of 3D scene structure provide organizing dimensions for scene-selective areas in the human brain,"Here, we explore how natural visual experience of scenes is related to the representation of 3D scene structure in the human brain. First, we define a model to quantify 3D scene structure in terms of the distribution of surface normals and distances in arbitrary images. To quantify natural visual experience of these 3D structural features, we apply this model to samples of egocentric video frames drawn from a large database of head-mounted video collected while human subjects performed natural tasks. We then use principal components analysis to discover commonly experienced patterns of 3D structural features. We find that the first dimension of variance in scene structure distinguishes open from closed scenes. To relate visual experience of structure to brain responses, we model brain responses in the Natural Scenes Dataset as a function of the same 3D structural features. Analysis of fit model weights reveals a gradient of selectivity from open to closed scenes across multiple scene-selective areas. Thus, the main dimension that varies in our visual experience of scenes is mapped across scene-selective areas in the human brain.",theoretical / computational neuroscience,
Extended_Abstracts,552,pending,Sensorimotor context modulates reinforcement learning,"Reinforcement learning, a framework for human learning and decision-making, is influenced by a wide array of factors. One underexplored domain is sensorimotor context. This study examined behavior on a two-choice reversal learning task under two conditions: stationary (arm movements between parallel computers) and active (walking between computers). Participants chose repeatedly between two options rewarding at 70% and 30% probability, with the advantageous option reversing with 20% probability every 15 trials. A mixed-effects model revealed that sensorimotor context modulated reinforcement learning, but only in participants who completed the active condition first: the probability of repeating the same choice was higher in the subsequent stationary trials. No such effect emerged in the stationary-first group. Further work will use computational modeling, affective states, and strategy reports to identify the specific mechanisms.",psychological / behavioral research,computational cognitive science / cognitive modeling+psychological / behavioral research
Extended_Abstracts,553,pending,Mode-Selective Memory Decay from Multilayer Neural Architecture: A Spectral Theory,"Detailed episodic memories decay faster than schematic representations across behavioral, neuroimaging, and lesion paradigms, yet no formal model derives this rate separation from neural architecture. Complementary learning systems theory explains where fast and slow memories reside but not why their decay rates differ quantitatively. Spaced repetition models fit forgetting curves empirically but lack a mechanistic substrate. This paper introduces a spectral framework that formalizes memory as controlled state evolution on a product cognitive manifold equipped with a multilayer graph Laplacian. The Kronecker-sum structure of this Laplacian yields an additive eigenvalue decomposition in which high-frequency modes (encoding fine-grained perceptual detail) decay exponentially faster than low-frequency modes (encoding broad relational structure). The spectral gap of the weakest layer sets the global forgetting rate, producing a layer-bottleneck principle. A stability bound constrains how strongly intervention can perturb the system before reconsolidation-like overwrite occurs. Each operator component maps onto identified neural mechanisms, including hippocampal binding, neocortical consolidation, thalamic gating, and amygdala salience tagging. The framework predicts mode-selective decay, layer bottlenecking, load-sensitive forgetting, and reconsolidation margin violation, all of which align with established empirical findings. The Weibull forgetting curve emerges naturally as a consequence of multi-mode projection, and the spectral gap bounds the mutual information decay rate between the current and initial cognitive state. Preliminary validation from a deployed adaptive learning plat33 form (1,500+ users, 4,200 review events) supports the derived relationship between knowledge-graph spectral gap and observed retention (r=0.71, p<0.001). These results suggest that the detail-before-schema decay ordering is not an empirical regularity requiring fitting but a mathematical consequence of multilayer architecture, opening a path toward spectral methods as a unifying formalism across behavioral and neural levels of memory analysis.",computational cognitive science / cognitive modeling,artificial intelligence / machine learning+psychological / behavioral research+theoretical / computational neuroscience+experimental neuroscience (systems / cognitive)
Extended_Abstracts,554,pending,CogMaze: A Benchmark of Egocentric Spatial Understanding in Humans and Vision-Language Models,"Humans are adept at spatial understanding: integrating egocentric observations to support navigation and reasoning. Evidence suggests this relies on an allocentric representation of the environment (cognitive maps). While vision-language models (VLMs) perform well on many multimodal tasks, they remain weak at spatial understanding, suggesting they don't form cognitive map-like representations. We introduce CogMaze, a benchmark of spatial understanding in humans and VLMs. It includes a 3D simulated maze with visual landmarks, a ground-truth schema for probing representations, and tasks for humans and VLMs. We evaluate with a VLM in environments of varying complexity.",computational cognitive science / cognitive modeling,artificial intelligence / machine learning+psychological / behavioral research
Extended_Abstracts,555,pending,Human Causal Reasoning Demonstrates Neurosymbolic Structure in Exploration-driven Benchmarks,"Studying how humans navigate sparse-reward environments may reveal architectural principles for more flexible AI, as human cognition excels where AI systems continue to struggle: in causal inference, learning from sparse data, and flexible problem-solving. To investigate this, 40 participants solved two instruction-less puzzle benchmarks with five levels each. Verbal reasoning traces were elicited using a think-aloud protocol; keystrokes, timestamps, and game states were logged as participants navigated the puzzles. Through grounded theory analysis of behavioral observations, verbal markers were tracked across trajectories of mechanic-based and objective-based learning, and then classified into a taxonomy of knowledge acquisition using natural language processing for feature extraction. Findings reveal the structured inferential processes of human learning, challenging the sufficiency of the traditional explore-exploit framework and motivating neurosymbolic architectures capable of genuine causal learning in sparse-reward, exploration-driven environments. We introduce 'establish' as a novel intermediary mechanism capturing the hypothesis-testing and confirmatory behaviors that bridge exploration and exploitation in computational learning models.",psychological / behavioral research,artificial intelligence / machine learning+computational cognitive science / cognitive modeling
Extended_Abstracts,556,pending,Meta-learning In-Context Enables Training-Free Cross Subject Decoding of Vision and Motor,"Decoding neural representations across both visual and motor domains is fundamentally constrained by structural and functional inter-subject variability. Current methodologies typically require subject-specific training or gradient-based fine-tuning to account for individualized cortical organization. To address this limitation, we propose a meta-learning in-context framework that enables training-free cross-subject decoding. The model operates through a hierarchical inference process. First, it performs system identification by conditioning on a limited set of paired behavioral and neural data from a target individual, inferring voxel-specific forward encoding models. Second, the architecture aggregates these estimated encoder weights alongside observed neural activations across distributed cortical regions to execute functional inversion. This formulation predicts unseen visual stimuli and motor targets for novel subjects without requiring parametric updates, anatomical coregistration, or shared calibration datasets. By framing neural translation as an in-context learning objective, this approach demonstrates how generalized inverse models can scale across heterogeneous neural datasets and diverse sensorimotor applications.",computational cognitive science / cognitive modeling,artificial intelligence / machine learning
Extended_Abstracts,557,pending,Escape Response Reveals Computations Of Network Robustness,"Whole-brain imaging in C. elegans with optogenetic stimulation of a few neurons that induce the escape response provides a comprehensive understanding of how the network achieves this robust behavior. With the advent of high-speed calcium imaging through Bessel illumination, we demonstrate that neurons with earliest onsets are not necessarily those directly anatomically connected to simulated neurons.",experimental neuroscience (systems / cognitive),
Extended_Abstracts,558,pending,Geometric regularization of representation spaces enables efficient application of cognitive operators,"Humans solve many cognitive tasks by applying operators to internal representations rather than directly manipulating sensory input. A central challenge for artificial agents is to reach human-level generalization on abstract problems. One idea is to learn latent representation spaces whose geometric structure supports the efficient learning, application and generalization of operators \citep{marchetti2023equivariant, van2020plannable}. We refer to this kind of operator as a cognitive operator.
In this work, we study how the curvature of representation spaces influences the learnability and accuracy of cognitive operators corresponding to structured environmental transformations. Focusing on the mental rotation task, we model an agent using an encoder whose latent space serves as an internal representation. Drawing on tools from differential geometry, we formalize environmental transformations as Lie group actions and cognitive operators as vector fields on a latent manifold. Motivated by curvature-dependent error bounds for differential equations on Riemannian manifolds, we propose a set of curvature-regularization objectives that encourage locally linear, low-curvature latent geometries.
Experimental results on synthetic mental rotation stimuli show that curvature-regularized latent spaces yield more accurate operator learning performance. Together, these findings highlight the importance of latent geometry for bridging representation learning and cognitive computation, and provide a principled framework for learning cognitive operators in neural systems.",artificial intelligence / machine learning,computational cognitive science / cognitive modeling
Extended_Abstracts,559,pending,Understanding and Optimizing Contrastive Hebbian Learning Through Dynamical System Analysis,"Contrastive Hebbian Learning (CHL), a dynamical system algorithm inspired from Hebb’s Rule, neurons that fire together wire together, is a local rule that requires no global feedback and aligns with brain inspired networks. Current implementations rely on fixed settling steps for integration to reach equilibrium. In this work we investigate the dynamical system of CHL to provide an objective method for quantifying settling time. By analyzing the layers trajectories, we can demonstrate that the network behaves as a stable linear differential equation with hidden layers converging to stable nodes, which can be analyzed mathematically. By quantifying the number of steps, we can show using CIFAR-10 and MNIST that we can provide a control mechanism for cutting training time iterations compared to fixed steps CHL models.",artificial intelligence / machine learning,theoretical / computational neuroscience
Extended_Abstracts,560,pending,Interactions Between Features and Conjunctions during Category Learning,"In learning multi-feature categories, humans often rely on primary features themselves rather than conjunction of these features. Conjunctions have also been recognized as critical for learning complex tasks, as conjunctions can expand the dimensionality of neural representations to allow for linear classification of categories which are nonlinear in the primary features (e.g. XOR). When humans learn a task requiring use of both feature and conjunctive information, it remains unclear how feature and conjunctive contributions to choice behavior interact across the learning trajectory. Here, we investigate the interactions between feature and conjunctive representations with a task in which humans learn categories from stimuli composed of fractal images at three spatially defined features. We develop a kernel-based framework to decompose behavioral choices into contributions from feature and conjunctive learning modes. The decomposed learning dynamics showed three intriguing interactions in learning of features and conjunctions within a task block: (i) anti-correlation between loadings of primary features; (ii) enhanced loading of a conjunction yoked to a highly loaded primary feature; and (iii) reduced loading of a conjunction not yoked to that primary feature. Furthermore, we tested how learning the relative ‘weights’ of different features transfers from one task block to the next block, which requires learning new categories from new fractals presented at the same spatial feature locations. High loading on a conjunction during the prior block led to enhanced learning of a yoked primary feature during the subsequent block. We found that multiple prominent category-learning models fail to capture all four interactions observed in our experiments. Finally, eye-tracking during task performance implicates spatial attentional mechanisms in mediating these feature interactions. Together, our findings reveal multiple forms of interaction between primary and conjunctive features during category learning, which poses constraints for future models of learning, and its interplay with attention, in multi-feature environments.",computational cognitive science / cognitive modeling,psychological / behavioral research+theoretical / computational neuroscience+experimental neuroscience (systems / cognitive)
Extended_Abstracts,561,pending,Bottom-up Modeling of Striatum and its Brain Circuit Interactions,"The basal ganglia is involved in a variety of cognitive functions such as action selection, goal-directed behavior, and reward-based decision-making. However, most computational models of the cortico-basal ganglia circuits exclude major characteristics such as detailed physiological interactions among cells, and inclusion of multiple distinct cell types (including GABAergic fast spiking neurons, cholinergic interneurons, and more). Given the extensive role of these interneurons in reward-based learning, it is of great interest to study their  properties at the circuit level. Here we present a bottom-up biologically-derived spiking model of the cortico-basal ganglia circuit incorporating D1 and D2 medium spiny neurons as well as fast-spiking and cholinergic  interneurons, and evaluate it on a dot-distortion category-learning task matched to macaque electrophysiology and rodent interneuron recordings. The model reproduces key empirical signatures including task-dependent firing patterns and cell-type-specific interactions across striatal and prefrontal cortical populations. These findings highlight the importance of incorporating multiple populations of existing cell types into computational models of brain circuitry.  The model offers new insights into the circuit-level mechanisms of reward-based decision-making.",theoretical / computational neuroscience,computational cognitive science / cognitive modeling+experimental neuroscience (systems / cognitive)
Extended_Abstracts,562,pending,Persistent polar-angle asymmetries in performance and system-level computations despite equating cortical size,"Visual performance is location-dependent: Typically, it decreases with eccentricity and is higher along the horizontal than the vertical meridian–termed the horizontal-vertical anisotropy (HVA)–and along the lower- than the upper-vertical meridian–vertical meridian asymmetry (VMA). We have previously studied how (i) system-level computations vary across the visual field: Internal noise increases with eccentricity and gain varies around polar angle, yielding both an HVA and VMA, and (ii) cortical surface area modulates performance: equating cortical size (M-scaling) eliminates contrast threshold differences across eccentricity, but only reduces polar angle asymmetries. Here, we investigated whether and how scaling stimulus size to equate cortical surface area across locations (M-scaling)—on a per individual basis—modulates performance and system-level computations. To do so, we estimated contrast thresholds using an equivalent-noise protocol (signal embedded in varying noise levels), and fit a perceptual template model to estimate gain and internal noise at each location, using both constant and M-scaled stimulus sizes. Across eccentricity, internal noise increased when stimulus size was constant. M-scaling eliminated this eccentricity effect by equating internal noise, while gain increased in the periphery. Around polar angle, gain was higher at the horizontal than the vertical meridian and at the lower- than the upper-vertical meridian, but internal noise did not vary. M-scaling diminished the HVA in gain and resulted in a VMA in internal noise. These results indicate that visual performance differences across eccentricity and around polar angle reflect different computations: the former in internal noise and the latter in gain. Critically, equating cortical surface area across locations on an individual basis eliminates eccentricity differences, but polar angle asymmetries in performance and system-level computations persist, albeit in an attenuated manner.",psychological / behavioral research,theoretical / computational neuroscience
Extended_Abstracts,563,pending,Diffusion-map phenotyping from exactly solvable brain-dynamics models via descriptor-family kernel fusion,"Comparing brain dynamics across heterogeneous subjects requires representations that are cross-subject comparable, mechanistically interpretable, and compact for unsupervised phenotyping. We present a pipeline integrating consensus shared latent coordinates, exactly solvable pairwise maximum-entropy (Ising) models, and multi-view kernel learning to produce a low-dimensional mechanistic phenotyping space. Whole-brain time series are projected into population-universal shared coordinates by aligning and fusing complementary methods (SRM, MCCA, Group PCA/ICA) via Procrustes rotation and stability-aware consensus weighting. With K=12 shared dimensions, the 2^K=4096 state space permits exact partition-function computation, yielding normalised, directly comparable energy landscapes. Energy-landscape and phase-diagram analyses extract heterogeneous per-subject mechanistic descriptors: attractor structure, barrier spectra, kinetic summaries, and near-criticality observables. We integrate these descriptor families via type-specific similarity kernels (Wasserstein for distributions, radial-basis for scalars, spectral for matrices), combined through multiple kernel learning. Diffusion-map embedding of the fused kernel produces interpretable axes along which subjects are positioned by their full dynamical profile. On resting-state functional ultrasound data from heterogeneous autism-model mice, stable subtype clustering emerges along axes reflecting switching kinetics, landscape ruggedness, and criticality proximity, robust under ablation and bootstrap resampling. The framework supports mechanistic phenotyping when large-sample designs are impractical.",theoretical / computational neuroscience,psychological / behavioral research
Extended_Abstracts,564,pending,Folk Psychological Structure of Mind in Large Language Models,"Humans organize mind perception along two dimensions: Experience (capacity to feel) and Agency (capacity to act and plan), shaping moral judgment, social interaction, and communication. This study adapts Gray, Gray, and Wegner's (2007) mind perception survey to six instruction-tuned LLMs from four architectural families. Behaviorally, most models produce entity rankings on Experience and Agency that significantly correlate with human data. Representational similarity analysis (RSA) of internal activations reveals that folk-psychological structure emerges in intermediate transformer layers even absent any mind-attribution task, with significant alignment in four of six models. These findings suggest that LLMs have internalized an implicit folk psychology reflected in both their overt judgments and internal representations.",artificial intelligence / machine learning,artificial intelligence / machine learning+computational cognitive science / cognitive modeling+psychological / behavioral research
Extended_Abstracts,566,pending,Back to the Feature: Toward a Feature-Centric Account of Brain–LM Alignment,"Large Language Models (LLMs) have emerged as powerful proxies for linguistic processing in the human brain, yet the standard practice of quantifying this alignment via a single scalar obscures the underlying drivers of the relationship. This ""scalar-centric"" approach treats high-dimensional embeddings as atomic units, establishing that alignment exists while remaining agnostic to how it is achieved. We propose a shift toward a feature-centric perspective that inspects the specific embedding dimensions contributing to neural alignment. We demonstrate that while naive feature analyses suggest a superficial homogeneity across the brain, this is a methodological artifact. By synergizing feature decomposition via Sparse Autoencoders (SAEs) with sparse encoding models (Lasso), we uncover distinct feature subsets that dissociate between cortical regions and temporal windows. We redefine brain-LLM alignment not as aggregate similarity, but as a structural inquiry into which computational dimensions map onto distinct neural dynamics.",theoretical / computational neuroscience,artificial intelligence / machine learning+computational cognitive science / cognitive modeling
Extended_Abstracts,567,pending,Neuroscience-Inspired Analyses of Visual Interestingness in Multimodal Transformers,"Human attention is the gateway to conscious perception, memory and decision-making. However, its role in modern transformer models remains largely unexplored. As these systems increasingly influence what people see, prefer and buy, the question arises as to whether they encode principles of human interest or merely exploit large-scale correlations. Addressing this issue is crucial for understanding cognition and ensuring the responsible use of Artificial Intelligence (AI) in communication and marketing.
In order to address this issue, the concept of visual interest was examined within the multimodal vision-language-model Qwen3-VL-8B, using a pre-defined Common Interestingness (CI) score derived from large-scale human engagement data on the photo-sharing platform Flickr.
In the present study, we analyzed internal representations across vision and language components using methods from the neurosciences. Our analyses revealed that CI information is linearly decodable from final-layer embeddings, indicating that it is encoded in a human-aligned manner.
Dimensionality reduction and Generalized Discrimination Value (GDV) analyses demonstrate that CI-related hidden presentations emerge in intermediate vision transformer layers and becomes progressively more distinguishable across language model layers. Concept vectors derived using geometric, probe, and Sparse Auto-Encoder (SAE) based methods converge in higher layers, as confirmed by representational similarity analysis. This indicates a robust and structured encoding of visual interestingness without explicit supervision.
In particular, we find that human visual interestingness emerges as a structured, linearly accessible representation in multimodal transformers, becoming progressively stronger from visual perception to semantic/language-level processing.
To the best of our knowledge, this work is the first to apply systems neuroscience methods to multimodal transformer models in order to study how visual interest is internally represented. Future work will seek to identify shared computational principles linking human brain dynamics and transformer architectures, with the ultimate goal of uncovering the organizing mechanisms — potentially reflecting shared or platonic representational structures — that give rise to attention and interest in both biological and artificial systems.",artificial intelligence / machine learning,computational cognitive science / cognitive modeling+psychological / behavioral research
Extended_Abstracts,568,pending,Learning Long-Range Temporal Dependencies Through Sleep-Inspired Acceleration,"Learning long-range dependencies between events spread out in time remains difficult for systems constrained by finite memory, posing a central challenge for continual learning systems. In biological neural networks, the temporal scaffolding hypothesis asserts that memory replay during slow-wave sleep functionally reduces the temporal distance between associated events, facilitating novel associations to emerge in subsequent processing. Inspired by this principle, we investigate whether accelerating the propagation of sequential data during learning can improve learning across long horizons. We introduce a hierarchical reservoir architecture with two distinct learning phases. A replay-like phase with controlled temporal acceleration, during which an autoencoder learns compressed representations of reservoir activity, and a supervised phase in which a readout layer is trained to optimize task-specific objectives. We evaluate this approach on a synthetic inference task that requires prediction of future states conditioned on events occurring far in the past, as well as ECG classification of heart beats and rhythms. These results suggest that learning from temporally accelerated sequences provides a complementary mechanism for extending effective memory depth beyond the inherent context window and can be integrated with existing learning rules.",artificial intelligence / machine learning,theoretical / computational neuroscience
Extended_Abstracts,570,pending,Shallow Hippocampal Anticipation and Dopamine Responses During Evaluation of Novel Shortcuts,"When animals encounter new paths (offering potential shortcuts), they must assess whether the opportunity is worth pursuing. This evaluation likely involves mental simulation over candidate paths, but the specific computations and their neural mechanisms remain unclear. A key computational challenge is that exhaustive search is expensive; the brain may instead use truncated search, simulating a few steps ahead and substituting cached values of intermediate locations instead of extended trajectories.

We investigated these mechanisms using simultaneous recordings of nucleus accumbens dopamine (fiber photometry) and dorsal CA1 hippocampal activity (high-density electrophysiology) in rats navigating a dynamic hexagonal maze where barriers periodically changed location. Previous work reported phasic dopamine excitation upon encountering newly available paths, which was sensitive to aspects of the path's value, but arose rapidly, before animals could have learned value through direct experience. Here, we examine hippocampal representations during this period, testing whether nonlocal activity might subserve forward search and reveal its spatial extent.

Positions decoded from hippocampus at new path encounters were biased toward locations ahead of the animal, particularly on trials where rats subsequently entered the new path. Critically, these representations primarily targeted nearby locations, inside and immediately beyond the new opening, with minimal representation of distant goals. Dopamine responses aligned with decoded hippocampal dynamics showed good alignment with the time when hippocampus first represented the location immediately beyond the new opening (the adjacent hexagon), the nearest location where cached value about subsequent goals might be available. Supporting this interpretation, dopaminergic responses were larger when this adjacent hexagon was visited during reward foraging in the preceding block.

These findings provide preliminary evidence that hippocampal prospective coding accompanies rapid evaluation of new spatial opportunities, suggesting that rather than representing extended trajectories to goals, the brain may judiciously evaluate nearby locations whose cached value can substitute for further search.",experimental neuroscience (systems / cognitive),computational cognitive science / cognitive modeling+psychological / behavioral research
Extended_Abstracts,571,pending,"A Probe-Based Detector Using Saliency Divergence, Gradients, and Layer Sensitivity","Adversarial patches cause targeted misclassification by steering a model’s evidence toward a small, visible region while human perception remains largely unaffected. We propose a post hoc detector that attaches lightweight probes to a frozen classifier and fuses three complementary signals: (i) input-gradient statistics of the predicted class, (ii) layer-wise sensitivity to small activation noise, and (iii) human-model saliency divergence, quantified by comparing Grad-CAM with human saliency maps. Features from these probes are fed to a small secondary classifier (detector) that predicts whether an input is patched. To our knowledge, our detector is the first adversarial-patch detector to explicitly incorporate human attention modeling via saliency divergence, aligning what the model relies on with where humans look, without modifying or retraining the base model.

Across CAT2000, FIGRIM, and SALICON, using ResNet-50 and EfficientNet-B0 backbones, our detector achieves F1 scores up to 99.6% and remains in the 80–99% range across the adversarial patch attack settings, outperforming probing baselines, SentiNet, and X-Detect. Ablations show gains from adding gradients and divergence to sensitivity in most of the cases, indicating complementary cues and highlighting divergence’s discriminative power. Our detector is simple to deploy (post hoc; no retraining) and provides interpretable rationales via its saliency and sensitivity components, suggesting a practical path to robust, explainable detection of adversarial patches.",artificial intelligence / machine learning,theoretical / computational neuroscience
Extended_Abstracts,572,pending,Circuit motifs underlying representational untangling,"The ventral stream maps patterns of light to increasingly untangled, high-level category representations through hierarchical processing. What circuitry supports this untangling? Here we address this question in a fully observable “model organism,” AlexNet, by extracting the minimal inter-layer wiring sufficient to preserve accurate object categorization. Building on importance-based circuit pruning Hamblin et al., 2022, we refine logit-targeted pruning with (i) \textbf{sign-aware pruning}, which prunes excitatory and inhibitory connections on interleaved schedules to stabilize selection, and (ii) a \textbf{cross-layer marginal-loss} rule that allocates pruning across layers according to the increase in a calibrated one-vs-all loss per removed connection. Across 1,000 ImageNet categories, the resulting decision-preserving circuits retain only ~4.5% of connections and are, on average, ~5.7% below the calibrated unpruned baseline on corrected one-vs-all accuracy. Circuit structure reveals a shared macro-motif: dense early connectivity, progressively sparser convolutional stages, and dramatic sparsity in the fully connected readout. Cross-category wiring overlap also declines across the hierarchy, yet late-stage overlap remains significantly more structured than chance given matched circuit sparsity. At the superordinate level, the animate and inanimate domains contain substantially more shared computational routes within domain than the random a priori expectation, with increasingly separable circuitry along the hierarchy. Broadly, this method exposes the circuit-level computational structure underlying representational untangling, revealing systematic routing motifs across the hierarchy, and providing a computational approach for mapping category-computing circuitry across deep neural network systems.",artificial intelligence / machine learning,theoretical / computational neuroscience
Extended_Abstracts,574,pending,Metacognitive sensitivity governs resource-rational compression in hierarchical structure learning,"Humans form compressed hierarchical representations and metacognitively evaluate their own uncertainty to cope with information-processing constraints. Computationally, successor representations (SRs) characterize compressed predictive representations of multi-scale environmental structures where states are encoded in terms of their relationships with other states. SR approaches recover a discount factor (𝛾) indexing the temporal horizon of successors, and the contribution of the representation to decisions (𝛽). However, it is unknown how hierarchical structure, coupled with metacognitive evaluation, jointly affect predictive representations and their influence
on behavior. Furthermore, a rational agent should calibrate both aspects described by this framework (𝛾 and 𝛽) not only to environmental statistics, but also to their working memory (WM) capacity. Notably, unfamiliar stimuli require more WM resources for encoding, but it is further unknown if such stimulus-driven WM capacity leads to more compressed representations that blend, rather than distinctly represent, multiple environmental structures. To address these gaps, we fit an analytical SR model to choice behavior from a hierarchical learning paradigm where participants learned co-occurrences embedded in a sequence across two sessions with either familiar line
drawings or unfamiliar fractal stimuli. We found a tradeoff between the discount factor (𝛾 ; representing the degree of compression) and the influence of representations on decisions (𝛽): fractals elicited a greater 𝛾, but line drawings drove higher likelihood of representations influencing choices, suggesting that fractal-induced reductions in available WM capacity may drive greater compression of
structure representations. Further, fractal stimuli elicited a negative relationship between metacognitive sensitivity and discount factor (𝛾), but a positive relationship between metacognitive sensitivity and behavioral dependence on SR (𝛽). We interpret this as evidence that
higher metacognitive sensitivity may support “resource-rational” representational compression and use of efficient internal representations of hierarchical environmental structure.",computational cognitive science / cognitive modeling,psychological / behavioral research
Extended_Abstracts,575,pending,Modeling Visual Cortex by Maximizing Layerwise Multiscale Manifold Capacity,"Task-optimized deep neural networks have risen to prominence as the most predictive phenomenological models of responses in primate visual cortex, but leave much to be desired from the perspective of biological plausibility.
One such limitation is the reliance on precise credit assignment through global backpropagation of error signals.
Recent work has shown that this weakness can be circumvented by requiring each subsequent stage to solve a distinct and increasingly complex task, allowing for layerwise local learning signals.
We propose a novel strategy for crafting such intermediate losses that uses an efficient coding framework formulated in terms of manifold capacity, which can be computed using a sequence of *canonical cortical computations*.
In particular, we leverage the relationship between the multiscale nature of visual signals and the dilation of receptive field sizes in cascaded visual representations to modulate complexity, allowing for the reapplication of these common loss computations at each stage of the hierarchy.
We evaluate our approach on its ability to predict neural datasets spanning three areas of the ventral stream hierarchy in macaques, as well as human psychophysical data on an object classification task.  We find that our unsupervised layerwise model matches or exceeds the performance of competitive architecture-matched baselines on all evaluations considered.",theoretical / computational neuroscience,artificial intelligence / machine learning
Extended_Abstracts,576,pending,From Clicks to Conflict: A Computational Study of Approach-Avoidance Conflict Task Engagement,"Approach–avoidance conflicts (AACs), in which the same action entails both appetitive and aversive aspects, are ubiquitous in everyday decision making. Excessive and costly avoidance in such conflicts is a key feature of anxiety disorders, yet the computational mechanisms underlying maladaptive avoidance remain poorly understood. To address this, we adapted a foraging-based AAC paradigm in which participants actively explore visual search fields for rewards while simultaneously being at risk of receiving punishment. We developed an online version in which participants foraged across four visual fields for (fictive) coins while risking aversive auditory screams. Each search field was associated with a specific combination of reward and punishment magnitude (low/high reward $\times$ low/high punishment), and these contingencies were explicitly instructed prior to the task. In each trial, participants decided whether and for how long to search within a field.

The task design allowed us to capture AAC during active exploration and examine decision policies under explicitly known reward–punishment contingencies. Specifically, for 46 participants, we quantified behavior at two levels: the binary commitment to search in a field captured whether participants approached a field at all, whereas the extent of search within a field indexed how far they were willing to pursue rewards under risk. Both click-related measures systematically varied with reward–punishment structure, being highest for high-reward/low-punishment states and lowest in the reverse condition, with a gradual decline across trials suggestive of fatigue.

To dissociate decision strategies, we implemented an agent-based behavioral modeling framework comparing alternative subjective value computations, including linear reward–punishment integration, non-linear reward–punishment interaction, approach bias, and trial drift effects. Formal model comparison indicated that commitment to search was best explained by agents integrating rewards and punishments with approach bias and trial-dependent decline, while the extent of the search additionally required sensitivity to reward–punishment interactions. We observed strong individual differences; preliminary analyses indicated that approach bias was positively associated with self-reported approach motivation and the subjective valence of the reward. These findings highlight that avoidance in instructed conflicts reflects multiple interacting components and support the use of online paradigms for computational psychiatry.",psychological / behavioral research,computational cognitive science / cognitive modeling
Extended_Abstracts,577,pending,Arousal–Attainability–Value: A Bounded Dynamical Model of Wanting with Progress,"Momentary wanting is shaped by attentional amplification, deprivation, and perceived feasibility, yet unified dynamical formulations that are both interpretable and stable remain limited. We propose a bounded dynamical model in which (i) arousal functions as an attentional amplifier computed as a soft conjunction of salience, novelty, and proximity; (ii) attainability encodes a feasibility belief sensitive to progress cues (approach vs. retreat) and success history; and (iii) manifest value (wanting) emerges from an arousal-weighted blend of latent value (liking) and a need–feasibility drive, gated by smooth disengagement functions. The model is specified via first-order relaxation dynamics, clipping, and logistic gates to ensure boundedness and interpretability. We test the model via simulation studies and ablation tests across two controlled scenarios — progress manipulation and history manipulation — demonstrating signature phenomena such as progress asymmetry and learned suppression after repeated failure. We further outline simulation studies for need-cycle dynamics and multi-object competition to demonstrate satiation-driven wanting and contextual re-ranking. This work provides a minimal computational core for dynamical accounts of motivational value and a foundation for later empirical validation.",psychological / behavioral research,computational cognitive science / cognitive modeling+psychological / behavioral research+theoretical / computational neuroscience
Extended_Abstracts,578,pending,A systematic analysis of representations in artificial neural networks across hyperparameters,"Artificial neural networks trained by backpropagation are useful tools for simulating human neural representations, yet their internal representational geometry remains poorly understood. Researchers often select model hyperparameters based on task performance, but this practice assumes that high accuracy implies biological relevance. However, if networks with comparable performance develop different internal structures, accuracy-based selection may lead to misleading comparisons with brain data. Building on prior studies, which have usually focused on single hyperparameters, we provide a systematic multi-factor analysis of representational variability using a fully crossed hyperparameter design. This study explored the influence of eight hyperparameters – batch size, hidden layer size, learning rate, nonlinearity, optimizer, L1 and L2 regularization, and weight initialization – on the representations learned by 1504 feedforward networks trained on a dual-task MNIST dataset. Using representational similarity analysis, we quantified the consistency of the representations of the networks. Spearman rank correlations between representational dissimilarity matrices revealed substantial representational variability (ρ = .55), which decreased when averaging across networks with identical hyperparameter configurations (ρ = .70), indicating that representational differences arose from both hyperparameter choices and training stochasticity (random initialization and batch sampling). In addition, application of principal component analysis suggested that activation function, hidden layer size, optimizer choice and learning rate had the largest influence on network representations. Together, these findings show that networks with comparable behavioral performance can develop substantially different internal representations as a function of hyperparameter choice. More broadly, the results demonstrate that hyperparameters matter for representational geometry in complex and interacting ways that are not fully captured by task performance alone. This suggests that implementation details can impact inferences on model-brain comparisons, as representational conclusions may vary across different hyperparameter settings.",computational cognitive science / cognitive modeling,artificial intelligence / machine learning
Extended_Abstracts,579,pending,"How Local Lexical Distance, Surprisal, and Context-level Semantic Distance affect the N400 to THIEF: Metrics from Large Language Models Reveal Context-Dependent Reweighting","Prior work indicates that both local lexical association and discourse-level constraints modulate the N400, but their relative contributions across contexts remain unresolved. We addressed this question using large language model (LLM)-derived predictors of single-trial N400 amplitude in two EEG experiments with matched prime--probe pairs. Predictors were (i) prime--probe cosine distance (local lexical distance), (ii) cosine distance between discourse context and probe embeddings (context-level semantic distance), and (iii) probe surprisal.
In Experiment 1, participants heard a spoken prime and then viewed a related or unrelated probe (*e.g.*, CLASS–SCHOOL *vs.* CLASS–THIEF). Unrelated probes elicited larger N400 amplitudes, and local lexical distance significantly predicted trial-level N400 variation.
Experiment 2 reused the same prime--probe words, but the prime was the sentence-final word of a two-sentence vignette designed to induce a causal inference (*e.g.*, “Lucy got off her bike and locked it to a post. The bike was gone when she came out of class.”). The probe was either lexically related to the sentence-final word (*e.g.*, SCHOOL) or the unstated causal inference (*e.g.*, THIEF; unrelated in Experiment 1, *causally related* in Experiment 2). In this discourse condition, lexically related probes elicited larger N400 amplitudes than causally related probes.
Model comparisons showed that surprisal provided the strongest single-predictor account of N400 variance. Context-level semantic distance explained additional variance beyond surprisal, whereas local lexical distance did not improve fit once surprisal and context-level distance were included. These results support a context-dependent reweighting account: under causal discourse constraints, N400 variance is better captured by discourse-level predictive/semantic metrics than by local lexical association alone, and highlight the distinct, non-redundant contributions made by surprisal and context-level semantic distance to N400 modulation.",experimental neuroscience (systems / cognitive),artificial intelligence / machine learning+computational cognitive science / cognitive modeling
Extended_Abstracts,581,pending,Quantifying Entrainment Evidence: A Comparison of Frequentist and Bayesian Approaches for Information Processing Pathway Maps,"Information Processing Pathway Maps (IPPMs) offer a scalable framework for formalizing the complex sequence of mathematical transformations applied to sensory stimuli. These maps chart the latency and cortical expression of computational steps, relying on statistical inference to link model outputs with observed neural activity. Traditionally, this mapping has relied on frequentist hypothesis testing. However, determining which of several competing computational models best explains neural data is a problem of model adjudication, arguably better suited to probabilistic inference. Here, we present a direct comparison between the established frequentist approach and a novel Bayesian framework for mapping cortical entrainment. While the Bayesian formulation retains the core strength of IPPMs—generating explicit predictions of time-varying neural signals—it fundamentally alters the selection criterion, shifting from rejecting a null hypothesis to quantifying the relative evidence for competing computational hypotheses. We evaluate the performance and interpretability of both approaches using an auditory neuroimaging dataset to reconstruct a known loudness-processing pathway. We discuss the implications of this shift for systems neuroscience, specifically regarding the handling of collinear models and the robust accumulation of evidence.",theoretical / computational neuroscience,computational cognitive science / cognitive modeling
Extended_Abstracts,582,pending,Multi-View Temporal Alignment for Cross-Species fMRI,"Cross-species neuroimaging is critical for linking cellular-resolution findings in non-human primates to human brain function. However, comparisons are complicated by differences in brain organization, behavior, and imaging signals. In particular, macaques are typically scanned using monocrystalline iron oxide nanoparticles (MION), which improves signal-to-noise but produces a hemodynamic response that differs from the blood-oxygen-level-dependent (BOLD) response in humans. This confounds data-driven analyses that rely on temporal alignment between species.

Here, we introduce Multiview Temporal Alignment (MVTA), a multivariate method that directly aligns macaque MION signals to human BOLD. By learning the temporal transform from variance that is shared across species, MVTA avoids contamination from species-specific and idiosyncratic signals and outperforms approaches based on canonical hemodynamic response functions (HRFs) or voxel-space objectives.

We first validate MVTA using simulations by comparing four pipelines for handling cross-species temporal correspondence: 1) comparisons of representational structure without temporal alignment (baseline), 2) an existing ``double convolution'' approach that involves convolving the observed data in each species with the canonical HRF of the other, 3)  a temporal transform learned from voxel space, and 4) MVTA. MVTA outperforms all other methods across several metrics.

We demonstrate how MVTA can be combined with hyperalignment to identify shared cross-species representational structure using a novel fMRI dataset in which macaques (3T, $n=3$) and humans (7T, $n=9$) viewed identical movies and functional localizers. Using human ROIs as seeds, we identified corresponding macaque regions: V1 to V1, face-selective regions to face-selective regions, and V4 overlapping ventral portion of its standard atlas definition (Jung et al., 2021). This pipeline provides a quantitative measure of cross-species 
representational correspondence under naturalistic stimulation. By improving temporal alignment, MVTA enables exploratory cross-species analyses that were previously infeasible.",experimental neuroscience (systems / cognitive),theoretical / computational neuroscience
Extended_Abstracts,583,pending,Quantifying information gain in narrative stimuli using open-source large language models,"Narrative structure is central to human memory, scaffolding the consolidation of past experience into structured knowledge and shaping the encoding of to-be-remembered information. Further, narratively-structured stimuli increase neural signals of engagement and value relative to non-narrative stimuli, suggesting that humans may exhibit an inductive bias toward narratively-structured information. These two lines of research have recently been integrated into a theory proposing that narrative structure facilitates credit assignment in high-dimensional and temporally discontiguous state-spaces (Chen & Bornstein, 2024). Because credit assignment is a ubiquitous problem faced by cognitive agents, understanding how it is solved by humans can help advance understanding of how it can be solved by other agents. To do this, methods are needed for quantifying the time-evolving valuation of information as it unfolds within a narrative. A recently-developed computational metric called Sequentiality (Sap et al., 2022) appears to be a promising tool toward this end, but additional work is needed to assess its utility for applications to the question of credit assignment. This project addresses that gap by (1) creating and validating an open-source, ensemble-based implementation of Sequentiality, (2) systematically characterizing the role of prior knowledge in shaping Sequentiality values, and (3) establishing a direct empirical link between Sequentiality and human judgments of event importance and causal centrality. Expanding upon the findings of Sap et al. (2022), we show that Sequentiality values critically depend on the prior knowledge an observer has about narrative structure. We suggest these findings motivate interpreting the metric in terms of $\textit{contextual information gain}$, rather than the original interpretation of schema-consistency or familiarity. Together, these findings pave the way for using Sequentiality as a proxy for a key theoretical construct involved in solving the credit assignment problem: an eligibility trace indicating which previous states are most relevant for updating or retrieving based on incoming information from the environment.",computational cognitive science / cognitive modeling,artificial intelligence / machine learning+psychological / behavioral research
Extended_Abstracts,584,pending,Could a neuroscientist understand a high-dimensional representation?,"Understanding how neural systems process information requires analytical tools that can characterize their internal representations to the full extent. Brains and deep neural networks represent information in population codes, with stimulus-related variance distributed as a power-law over at least thousands of principal components (PCs). Can common modeling techniques in neuroscience fully characterize such representations? We first address this question by analyzing synthetic data matrices generated from power-law representations. We focus on representational similarity analysis (RSA) and encoding models, widely used techniques that have been proposed as preferred methods to compare representations. We show that when data are generated from power-law representations, like those seen in brains and DNNs, RSA and encoding scores are determined almost entirely by a handful of leading PCs and are insensitive to the bulk of the ground-truth components that make up the representation. In contrast, alternative approaches involving cross-validated orthogonal decomposition reveal reliable signal spanning multiple orders of magnitude of PCs. We next show that similar results are obtained when we apply the same analyses to a large-scale dataset of human fMRI responses to natural scenes, thus demonstrating that the limitations of RSA and encoding models characterized here have practical implications for analyses of real neuroscience data. Together, these findings reveal major limitations of common modeling techniques for characterizing population codes in high dimensions. More broadly, they suggest that the prevailing paradigms of the field are biased toward low-dimensional theories and may limit our ability to understand neural representations in their full complexity.",experimental neuroscience (systems / cognitive),artificial intelligence / machine learning+computational cognitive science / cognitive modeling+theoretical / computational neuroscience+experimental neuroscience (systems / cognitive)
Extended_Abstracts,585,pending,Is This the Real Life? Is This Just Fantasy? A Domain Adaptation Framework for Identifying Higher-Order Reality Representations,"How does your brain know what’s real? Neural responses to perceived versus imagined content often seem to overlap in their neuroanatomical loci and representational structure, but the brain is nevertheless able to differentiate between imagery and perceptual input. How does the brain engage in this reality monitoring capacity, and what can this tell us about the mechanisms behind the conscious experience of seeing? A class of theories of consciousness, known as Higher-Order (HO) theories, posit that conscious experience depends on the formation of higher-order representations, which monitor and interpret first-order (perceptual and imagined) representations. Yet HO theories differ in their positioning on the nature of such HO representations. Here, we develop and validate a computational approach to interrogating the nature of HO representations by using domain adaptation (DA), a machine learning technique that can statistically align distributions of data from different sources. We apply DA to ask when and where patterns of human fMRI BOLD responses (N=18) can be aligned across perception and imagination, and across contents, to reveal areas that encode content-agnostic reality signals, reality-agnostic content signals, and signals of one type that are conditioned on the other, thereby providing differential support for specific aspects of competing HO theories. We find content-conditioned reality signals in the precuneus and posterior cingulate cortex, while content-agnostic reality signals appear more in the occipital fusiform and occipital pole. In contrast, content representations specific to perception versus imagination appeared in the precuneus and intracalcarine cortex, while the temporal occipital fusiform cortex appeared to encode content regardless of its source. These results suggest highly localized and separable computations may collectively drive the overall assessment of whether an internal representation is real or imagined. Further, these results demonstrate the viability, promise, and power of DA approaches to interrogating the inputs to higher-order neural representations.",theoretical / computational neuroscience,artificial intelligence / machine learning+computational cognitive science / cognitive modeling+experimental neuroscience (systems / cognitive)
Extended_Abstracts,586,pending,An Analysis of Neuroidal Memory Formation within D. melanogaster,"The Neuroidal model poses a neurobiologically plausible theory for modeling the brain. This symbolic network has been shown to capture realistic memorization behaviors using the JOIN algorithm. The model has also been recently improved by incorporating Watts-Strogatz small-worlds within its base structure. From the efforts of neuroscience researchers, we have access to the Drosophila melanogaster ($\textit{D. melanogaster}$) fruit fly's connectome, which has been found to also contain small-worlds in this thesis. By synthesizing the Ocellar Ganglion (OCG) region of Drosophila, we compare a digitized version of a real-world brain with an instance of the Neuroidal model. In this thesis, we offer novel results that display the stability of JOIN within OCG, and a striking comparative evaluation between the Neuroidal model and OCG's capacity for memories. This study further establishes the Neuroidal model as both an efficient and plausible neural network for general cognition.",theoretical / computational neuroscience,artificial intelligence / machine learning
Extended_Abstracts,587,pending,Predicting Human Visual Attention on Words in Source Code,"This paper presents a computational model to predict human visual attention over words in software source code.  The visual attention of software engineers when reading source code has long been studied as a means to understand human cognitive processes during software engineering tasks.  Predicting this visual attention is important for perfecting user interface design and understanding what information human programmers need.  We propose a model of programmer visual attention in which we design a novel loss function that computes similarity between human attention measured during eye tracking experiments and the internal attention of the artificial neural network.  We evaluate our model by comparing its outputs to actual eye tracking data from three separate datasets. Two are in the Java programming language and one is in the C programming language.  We find that our model outperforms relevant baselines by 39%, 82%, and 12% in each of these studies according to accepted metrics.",artificial intelligence / machine learning,computational cognitive science / cognitive modeling
Extended_Abstracts,588,pending,Task-conditioned neural dynamics reveal the computations underlying flexible face perception,"Computational visual neuroscience seeks to identify the computations by which the brain dynamically categorizes the visual world and constructs social meaning. Humans rapidly infer identity and emotion from faces, yet it is unclear which computational operations selectively weigh, route and integrate static and dynamic features to support distinct categorization goals, and how these operations impose constraints on artificial neural network architectures. Here, we combine generative face modeling, with magnetoencephalography (MEG; n = 24) and information-theoretic analyses to derive stimulus feature representations directly from dynamic brain activity. We show that identity and emotion features are preserved and transmitted through distinct cortical pathways depending on task demands. Crucially, these feature streams converge in anterior temporal cortex, where static and dynamic features are nonlinearly and synergistically integrated into a person-specific representation that emerges only for familiar faces. Together, these results specify a task-conditioned computational mechanism–feature gating, pathway-specific routing, and nonlinear integration–that constructs social meaning and imposes concrete constraints on artificial neural network architectures, linking neural dynamics, cognition, and algorithmic models within a cognitive computational neuroscience framework. The empirical mechanisms underlying these findings are reported in a companion manuscript under review; the present work focuses on their computational interpretation and implications for cognitive computational neuroscience.",experimental neuroscience (systems / cognitive),computational cognitive science / cognitive modeling+theoretical / computational neuroscience
Extended_Abstracts,590,pending,Brain Foundation Model Representations of Naturalistic Emotional Dynamics,"Emotional experience emerges from coordinated activity across distributed intrinsic brain networks, yet modeling these large-scale and temporally evolving patterns remains challenging with conventional neuroimaging approaches. Brain foundation models pretrained on large-scale fMRI datasets may provide a lower-dimensional representation space that supports decoding and interpretation of affective variables without requiring task-specific supervision.

Here, we evaluate this hypothesis using BrainLM, a masked-autoencoder transformer pretrained on large-scale fMRI recordings. We test whether its embeddings contain information associated with emotion-related variables during naturalistic movie viewing. Using leave-one-subject-out Ridge regression on both frozen and LoRA-finetuned embeddings, we predict continuous valence, arousal, and categorical emotion labels, and compare performance to linear and nonlinear models trained directly on parcel-level brain activity. BrainLM embeddings support comparable predictive performance while requiring only simple linear decoding, suggesting that they provide a compact and informative latent space for affective analysis.

To examine how this information is organized, we extend a perturbation-based interpretability framework to quantify how minimal changes in parcel-level input signals shift the learned embedding along affective dimensions. This yields parcel-level sensitivity estimates that identify regions contributing most strongly to changes in BrainLM embeddings. We then summarize interactions among high-sensitivity parcels using sparse weighted graphs and standard graph metrics, providing an interpretable view of how affect-related information is distributed across intrinsic brain networks. Valence-related shifts involve a smaller set of parcels within visual, salience, and executive networks, whereas arousal-related shifts engage a broader set spanning multiple networks. These graphs reflect co-variation in embedding sensitivity rather than direct functional connectivity, offering a complementary perspective on how the model integrates information across brain regions.

Together, these findings indicate that pretrained BrainLM embeddings can be used to examine both region- and network-level contributions to emotion-related representations. This approach provides an additional framework for exploring how distributed brain activity patterns are captured within foundation model embedding spaces.",computational cognitive science / cognitive modeling,artificial intelligence / machine learning
Extended_Abstracts,591,pending,Parameter-Efficient Alignment of VLM to Human Odd-One-Out Behavior,"Odd-one-out triplet tasks are widely used to derive a dimensional representation of object concepts from behavioral data, either for directly probing conceptual structure or for downstream uses. However, fitting behavioral embedding models typically requires millions of judgments and yields static representations that are costly to extend to new objects, or new stimulus images of known objects. This situation has motivated an interest in using machine learning foundation models to extrapolate beyond the original stimulus set, with the main constraints being cost and degree of alignment with human representations. 

In this work, we introduce a parameter-efficient feature compression method that aligns a pretrained vision--language model (CLIP) to human odd-one-out behavior by learning only a small head on top of fixed visual embeddings. The resulting low-dimensional representations achieve near-human accuracy on triplet prediction, and improve zero-shot generalization to novel objects and novel stimulus images relative to the pretrained baseline. Furthermore, they display closer agreement with the structure derived from human behavioral data using VICE, and the categorical organization of the objects considered. The same framework can be fine-tuned with small individualized triplet datasets to better capture subject-specific judgment patterns.

These results suggest that a simple, portable adaptation of an existing foundation model can serve as an accessible surrogate for human judgments in triplet tasks. More broadly, they support the view that modeling human behavior in this setting does not require using the largest foundation models, but can be achieved with compact, researcher-friendly tools.",computational cognitive science / cognitive modeling,artificial intelligence / machine learning+psychological / behavioral research
Extended_Abstracts,593,pending,How Do You Know It’s Real? Controlling False Positives in Whole-Brain Neural Decoding,"Contemporary work in functional brain imaging often suggests that neuro-cognitive representations can be widely distributed across many regions. Whole-brain neural decoding seeks to uncover such representational systems by using regularized machine learning to select features and decode activation patterns measured across the entire cortex. A central challenge for this approach concerns reliability: while standard cross-validation techniques will ensure that selected neural features (e.g. voxels, electrodes, etc) do jointly encode the targeted information, spurious correlations present in large and noisy datasets can nevertheless lead such models to also select many arbitrary features. How can we be sure the neural signals uncovered do not contain many such false positives?

To answer this question we introduce Knockoff-Max, a resampling-based false positive control framework, and evaluate its effectiveness when combined with a recently proposed whole-brain decoding method, Iterated LASSO (iLASSO). Simulation experiments with controlled ground-truth signals show that the integrated approach maintains false positive rates under 0.05, across different noise levels. When used to decode stimulus category (face, place or object) in an existing fMRI dataset, Knockoff-Max selects fewer features than iLASSO alone, but still discovers widely distributed representations spanning all four lobes of the brain. The results suggest that inclusive whole-brain decoding can reveal reliable distributed semantic neural representations even when false positives are stringently controlled, and offers a new technique for investigating whole-brain distributed codes in other domains.",experimental neuroscience (systems / cognitive),artificial intelligence / machine learning+computational cognitive science / cognitive modeling
Extended_Abstracts,595,pending,Temporal Processing during Decision-Making under Uncertainty,"Time perception and decision-making are interrelated processes that are critical to much of human and animal behavior. Although the behavioral importance of this link between the processes has been established, the neural underpinnings of temporal decision-making are unclear. The current study leverages human intracranial electrophysiology to investigate the neural contribution of temporal processing to decision-making under risk. To probe temporal decision-making, we use a version of the Balloon Analogue Risk Task, in which participants inflate virtual balloons with the goal of reaching maximal balloon size but stopping inflation before the balloon pops. Points are awarded based on inflation duration of successful trials, such that points awarded are linearly related to balloon size. By decoding temporal features of the task on a trial-by-trial basis, we find neural representations of time during balloon inflation. Specifically, we find that both medial and lateral temporal regions of the brain encode the majority of this time-related signal. Importantly, we can decode the progression of time leading up to the outcome of a successful decision (pressing a button to stop inflation before the balloon pops). This encoding of time depends on an active decision to end the trial: we cannot decode time during passive observation of balloon inflation to a known maximal size. To validate these results further, we used a temporal convolution network to predict participants’ response (i.e., time of button press) based on the brain activity leading up to the response. We found that we could predict the moment of response with high accuracy and temporal resolution. The model predicted the timing of successful decisions but not the timing of balloon pops. Together, these findings reveal neural representations that encode the progression of time, specifically in relation to an active decision.",experimental neuroscience (systems / cognitive),computational cognitive science / cognitive modeling+psychological / behavioral research
Extended_Abstracts,596,pending,Investigating Human–AI Alignment in Abstract Reasoning via Mechanistic interpretability,"While large language models (LLMs) exhibit increasingly sophisticated problem-solving abilities, it remains unclear whether their internal computations align with human cognition. Recent correlational work found representational alignment between human neural activity and intermediate LLM layers during an abstract pattern completion task. To investigate whether these aligned representations causally drive behavior, we applied attribution patching to Qwen2.5-72B-Instruct to isolate a sparse circuit of ""consensus"" attention heads that generalize across abstract pattern types. We then performed targeted causal ablations, comparing the effects on the model's predictions through its stack of layers against rigorous statistical controls. Ablating these consensus heads significantly reduced the model’s confidence in the correct solution token, an effect that was uniform across pattern types. Crucially, this circuit was localized in relatively late layers, diverging from prior intermediate-layer correlational findings. While preliminary, this divergence suggests that RSA and causal attribution methods may simply be sensitive to different aspects of the model's computation. Based on these results, we hypothesize that LLMs might process abstract reasoning in stages: utilizing intermediate layers for broad representational abstraction, while relying on late layers for task-agnostic output calibration. Further research is needed to fully disentangle these mechanisms.",artificial intelligence / machine learning,computational cognitive science / cognitive modeling+experimental neuroscience (systems / cognitive)
Extended_Abstracts,597,pending,Effective dimensionality tracks the time-varying accessibility of input features during speech comprehension,"How does the brain dynamically build rich meanings from low-level acoustic information during spoken language understanding? Using an iEEG dataset from ten participants (1,688 electrodes) watching movies with naturalistic dialogue, we asked how the evolving geometry of the high-gamma power relates to speech processing at sub-word temporal resolution. We found that the *effective dimension* of the high-gamma response at individual electrodes expands and compresses rapidly over the time course of a single word, and critically, that a transient expansion in dimensionality tracks the availability of linearly decodable information about the input---a signature predicted by theoretical neuroscience and experimentally confirmed for the first time in the domain of speech comprehension. The link between dimensionality and linear decodability of input-relevant information is further supported by the fact that dimensionality was generally higher during speech than nonspeech, and a subset of electrodes in the temporal and frontal cortex showed a pronounced post-word-onset expansion in dimensionality. Taken together, our results show that high-gamma dimensionality provides a temporally precise marker for when input-relevant features become linearly accessible during natural speech comprehension.",theoretical / computational neuroscience,theoretical / computational neuroscience
Extended_Abstracts,598,pending,Egocentric vs. Allocentric Reference: Bayesian Modeling of Turkish Demonstrative Selection in Situated Dialogue Indicates Divergent Joint Attention Strategies in High-Functioning Autism,"Successful social interaction relies on the effective integration of linguistic choices and the tracking of a conversational partner’s mental state. In the domain of reference, demonstratives serve as critical tools for directing joint attention, yet the extent to which their use is shaped by the speaker’s versus the listener’s perspective remains a subject of debate. This is particularly relevant in High-Functioning Autism Spectrum (HFAS) adults, where subtle differences in Theory of Mind (ToM) may manifest in real-time communication strategies. In this study, we perform a secondary analysis of dual eye-tracking data from a collaborative task to investigate the production of Turkish demonstratives (bu, şu, o). We annotated demonstrative utterances and their intended referents, focusing on gaze-referent distance measures in the window immediately preceding the utterance. To analyze these data, we utilized Bayesian conditional logistic regression to quantify how speaker and listener attention influence the probability of selecting specific demonstratives. Furthermore, we employed Bayesian model comparison to evaluate which hierarchical division of the demonstrative set best fits the group-specific data. Our results reveal that while both HFAS and control groups share a common hierarchy of demonstrative selection, their underlying strategies differ significantly. For the control group, the choice of bu and şu was highly sensitive to the listener’s locus of attention. In contrast, the HFAS group adopted a more self-centered strategy: their use of bu and şu was driven primarily by their own attention, showing a relative insensitivity to the listener's gaze. Interestingly, for the demonstrative o, the HFAS group did show dependence on listener attention—an effect not observed in the control group. Collectively, these findings provide new evidence for the semantics of the Turkish demonstrative system and demonstrate that ToM-related difficulties in HFAS adults are observable in the adoption of egocentric referring strategies during social interaction.",psychological / behavioral research,computational cognitive science / cognitive modeling
Extended_Abstracts,599,pending,Shared Versus Specialized Pathways in Learning Computationally Divergent Visual Behaviors,"The primate visual system supports multiple behaviors simultaneously, enabling both understanding of the visual world and physical interactions with it. Learning to support these goals imposes competing computational demands on shared visual representations. For example, object recognition requires invariance to changes in viewpoint and scale, whereas grasping requires sensitivity to those same features. How the visual system resolves this tension during learning remains unclear. One candidate solution is the anatomical organization of the visual cortex into partially segregated ventral and dorsal pathways, more strongly connected to downstream semantic and action-related systems, respectively. Although extensive neuroscience evidence has characterized functional and representational differences across these pathways, it cannot establish whether segregation causally resolves competing learning demands. To address this question, we use computational models that allow direct manipulation of visual architecture during learning. We compare two capacity-matched convolutional networks trained jointly on recognition and grasping: (i) a single-pathway multitask model with fully shared structure, and (ii) a dual-pathway multitask model that shares early processing but splits into task-specific branches later. We isolate the effect of multitask learning by comparing these models to single-pathway models trained on one task only (grasp-only and recognition-only baselines). The dual-pathway model learned grasping significantly faster than the shared multitask model, while matching recognition performance. Across three generalization tests involving novel viewpoints (T1), instances (T2), and object categories (T3), both multitask models outperformed the grasp-only baseline under moderate shifts (T1–T2), but only the dual-pathway model retained this advantage under the strongest shift (T3). Gradient-alignment analyses showed that pathway segregation reduces task interference while preserving beneficial feature sharing in early layers. Together, these findings indicate that partial pathway segregation acts as an inductive bias that facilitates efficient, simultaneous learning of visual behaviors under competing representational demands.",theoretical / computational neuroscience,artificial intelligence / machine learning
Extended_Abstracts,600,pending,An adaptive role for anhedonia following early-life unpredictability,"Early-life unpredictability (ELU), a form of early-life adversity, has been shown to lead to asymmetrically greater impact of negative, rather than positive, outcomes, during learning. Separately, work on consummatory anhedonia suggests that the experience of reduced pleasure can arise from ""warping'' internal representations of environmental states, such that outcomes are more distant and prediction errors are reduced. Although ELU and anhedonia are highly correlated in the population, how these mechanisms interact remains unclear. Here, we use simulations to examine whether adopting an anhedonic belief about the state space adaptively reduces the hedonic asymmetry that results from ELU. Combining these two computational frameworks, we show that warping both substantially reduces perceived hedonic experience but, critically, with the benefit of reshaping the balance between gains and losses. While belief-space warping attenuates both positive and negative prediction errors, it disproportionately suppresses negative outcomes and alters the tradeoff structure. This approach may be particularly valuable in navigating environments with high prevalence of perceived threats. These results suggest that anhedonic belief representations may mitigate the subjective impact of negative outcomes under ELU, offering a computational account of how these processes jointly shape hedonic experience and providing a potential adaptive explanation for the prevalence of anhedonia in individuals with unpredictable early-life experiences.",computational cognitive science / cognitive modeling,psychological / behavioral research
Extended_Abstracts,602,pending,INVERSE MODELING OF AUDITORY CORTICAL-SUBCORTICAL DYNAMICS FROM SCALP EEG SIGNALS VIA JOINT PSD NETWORKS,"Separating cortical and subcortical contributions from scalp EEG remains fundamentally challenging due to volume conduction and the ill-posed inverse problem inherent to source localization. Traditional methods such as dynamic statistical parametric mapping (dSPM) require subject-specific MRI scans, precise electrode localization, detailed head models, and anatomical preprocessing which limit practical deployment for clinical screening and real-time applications. We propose a dual-decoder contrastive learning framework that learns both spectral and structural features directly from scalp topology, trained on source-localized supervision to enable rapid inference on new recordings.
Our architecture maps 63-channel EEG power spectral densities to physiologically structured 256-dimensional embeddings through residual convolutional blocks with channel attention mechanisms. Independent decoders reconstruct cortical (10 ROIs including bilateral Heschl's gyri, superior and middle temporal gyri) and subcortical (3 ROIs: brainstem nuclei and bilateral thalamic medial geniculate nuclei) activity across five frequency bands (delta, theta, alpha, beta, gamma). Training combines mean squared error reconstruction loss with L1 sparsity regularization and a novel power-weighted contrastive loss that enforces structural separation between cortical and subcortical embedding centroids by maximizing their cosine distance.
We trained on 20 participants across naturalistic listening contexts (clean/noisy/competing-speaker audiobooks) with held-out participant validation (16/4 split, 2000 non-overlapping windows). The contrastive approach achieved 31\% lower mean absolute reconstruction error, 8.6-fold improved correlation versus baseline autoencoder, and near-perfect cluster separability (ROC AUC~1.0). Frequency-band analysis reproduced expected neurophysiological patterns, with cortical dominance progressively decreasing from low to high frequencies. This work demonstrates that meaningful cortical-subcortical representations can be learned from scalp recordings alone, with potential applications in rapid clinical screening, interpretable biomarker discovery across auditory processing hierarchies, and natural extensions to higher-density recording modalities (MEG, HD-EEG, iEEG).",computational cognitive science / cognitive modeling,artificial intelligence / machine learning+psychological / behavioral research
Extended_Abstracts,603,pending,Incorporating Empirical Eye-Tracking Data into Attentional Drift Diffusion Models: Implications for Parameter Recovery and Model Validation,"Attentional drift diffusion models (aDDMs) account for how visual attention shapes decision-making by allowing drift rates to vary with eye movements. These models provide better fits to choice and reaction time data than standard sequential sampling models that ignore attentional effects. However, aDDMs pose significant computational challenges: time- and trial-varying drift rates make parameter estimation computationally expensive, while treating eye-tracking data as exogenous complicates out-of-sample simulation and model falsification.
Recent advances have addressed these computational barriers. Shinn et al. (2020) developed PyDDM, a unifying framework for generalized drift diffusion models that enables efficient parameter estimation and includes extensions for simple attentional models. Liu et al. (2025) introduced efficient algorithms for computing first passage time distributions in aDDMs, achieving major speedups over previous methods.
Despite these advances, a critical gap remains: existing studies rely on synthetic fixation data. Yet empirically, attentional effects are strongly moderated by stimulus properties, particularly relative value differences. To our knowledge, no existing package has been validated using empirical fixation distributions that capture realistic properties like first-fixation biases, duration patterns, and value-dependent gaze allocation.
We address this gap by characterizing empirical eye-tracking data from 14 published studies across multiple decision domains. Our preliminary analyses reveal systematic differences between synthetic and empirical fixation patterns. Based on these findings, we conduct three sets of analyses: (1) parameter recovery using data simulated with empirical fixation distributions, (2) model recovery testing whether existing methods can distinguish between different attentional processes when eye movements follow realistic patterns, and (3) cross-dataset comparison of attentional model predictions across our collection of empirical fixation data. These analyses will establish whether recent efficient estimation methods provide valid inference when applied to realistic eye-tracking data, and identify potential systematic biases that could affect conclusions about attentional processes in decision-making.",psychological / behavioral research,computational cognitive science / cognitive modeling
Extended_Abstracts,604,pending,Predicting EEG Spectrograms from fMRI to Identify Brainwide Activity Underlying Neural Rhythms,"Simultaneous EEG-fMRI combines EEG’s high temporal resolution with fMRI’s high spatial resolution, allowing investigation of the spatiotemporal dynamics of electrophysiological neural rhythms that underlie brain states. However, the complex relationship between fMRI and EEG signals and the substantial inter-subject variability in how these signals are related make jointly analyzing the two challenging. As a novel approach for analyzing EEG-fMRI, we developed a machine learning framework to predict EEG spectrograms (0–17.1 Hz) from brainwide fMRI data. By predicting spectrograms, our model leverages the covarying structure of neural oscillations. Our model consists of an RNN encoder and a nonlinear fully-connected decoder. We created a Subject Generalization model that predicts EEG spectrograms for unseen subjects, and a Subject Specific model that learns individualized EEG features. We applied this approach to an EEG-fMRI dataset of 27 subjects transitioning through wakefulness and non-REM sleep stages, brain states which are defined by neural rhythms. We found that the Subject Generalization model accurately predicted EEG spectrograms. The Subject Specific model significantly improved prediction for all frequencies above 6 Hz, demonstrating that inter-subject variability in the EEG and fMRI relationship is smaller in slower frequencies. To determine which brain areas contain predictive information, we trained models on each gray matter region. We found that certain networks, such as arousal systems, broadly predicted all frequencies, whereas others selectively predicted specific rhythms, such as the visual network predicting alpha (8.5–12 Hz). However, EEG prediction benefited from learning simultaneously from all brain regions, demonstrating that they contain complementary information. Our results show that fMRI contains rich information about neural rhythms that allow prediction of EEG dynamics across vigilance states, and that this information is distributed across large-scale brain networks. Additionally, this approach enables investigation of brainwide dynamics underlying oscillatory activity in a variety of experimental paradigms.",artificial intelligence / machine learning,experimental neuroscience (systems / cognitive)
Extended_Abstracts,605,pending,Biomarker-Conditioned State-Space Models for Multimodal EEG Forecasting at Scale,"Single-trial neural responses are shaped not only by external stimuli but also by
ongoing physiological state---cardiac, respiratory, and oculomotor dynamics---yet
most EEG forecasting methods ignore these signals.
We introduce a Biomarker-Conditioned Bidirectional Mamba-2 (BiMamba) framework
that forecasts 500\,ms of multi-channel EEG from a pre-stimulus window enriched
with concurrently recorded peripheral physiological channels.
We benchmark four architectures---1D-ResNet, BiLSTM, PatchTST, and
BiMamba---on two complementary paradigms:
{\it passive perception\/} (CineBrain: 64-channel EEG with ECG and ECG-derived respiration during
movie watching, 6 subjects) and
{\it active control\/} (EEGEyeNet: 129-channel EEG with gaze position,
${\sim}356$ subjects).
On held-out test data with 1\,s context, all architectures achieve positive
cosine similarities ($0.37$--$0.41$ on EEGEyeNet; $0.21$--$0.42$ on CineBrain),
substantially exceeding persistence and phase-shuffled null baselines, and
confirming that single-trial EEG forecasting is learnable across model families.
A context-scaling experiment on CineBrain across $\{1, 5, 10, 60\}$\,s reveals sharp
architectural divergences:
PatchTST and ResNet collapse toward the theoretical chance floor at 60\,s (cosine sim\,$<\!0.09$),
while BiMamba performs best at longer contexts (5--60\,s)
and retains $\sim$58\% of its short-context performance
(${\rm cossim}{=}0.212$ at 60\,s vs.\ $0.365$ at 1\,s).
BiMamba's $O(L)$ complexity enables processing minute-long windows
without memory bottlenecks, capturing the autonomic timescales that modulate cortical state.
A biomarker ablation confirms that conditioning on ECG-derived signals
significantly improves forecasts ($p{<}0.001$ at 1\,s; $p{=}0.012$ at 60\,s).
The ablation is validated with bootstrap 95\% confidence intervals, paired permutation tests, and
per-subject statistics ($N{=}6$).",computational cognitive science / cognitive modeling,artificial intelligence / machine learning+psychological / behavioral research+experimental neuroscience (systems / cognitive)
Extended_Abstracts,606,pending,Interactions between tree search and task simplification in planning,"Humans can flexibly solve novel, complex problems by planning. This involves forming an internal model of a task, reasoning about possibilities in that model, and selecting effective actions. However, these cognitive operations are costly and humans have limited cognitive resources, necessitating the use of \textit{resource rational} planning strategies. Here, we analyze the interaction of two broad strategies: heuristic tree search and task simplification. We propose a framework for interleaving tree search with task simplification, present a concrete algorithmic instantiation of this approach, and prove it finds the optimal policy in problems composed of discrete objects where the task is to reach a goal configuration in as few steps as possible. When applied to tasks such as Rush Hour and Sokoban, our approach significantly decreases the total amount of computation required to find a solution. These results reveal how the interaction of resource rational strategies can lead to efficiencies above and beyond the individual strategies.",computational cognitive science / cognitive modeling,
Extended_Abstracts,607,pending,Modeling human echolocation using a Kalman filter,"Some blind individuals use echolocation, a skill that allows them to better navigate their environment using echoes from self-generated mouth clicks reflected off surrounding surfaces. Echolocation involves a complex interplay of sensory accumulation, information processing, dynamic prediction, motor planning and execution in real-time. Computational modeling offers a valuable approach to understanding the cognitive and neural mechanisms underlying echolocation performance, in particular the temporal dynamics of the process. We present a computational model of human echolocation behavior based on a Kalman filter, where we treat the echolocator as an active sensor that maintains an internal belief about the target’s location and continuously refines it via echo feedback. The model, based on observations of echolocation in blind human experts, simulates the use of mouth clicks and returning echoes to localize and orient toward a target under varying conditions. In the experiment, the target is placed at a random azimuth in the frontal plane. An echolocator aims a series of mouth clicks in various directions and infers the target azimuth using acoustic information received from the click echoes. The system integrates three major components: (1) a simulation of echoacoustic interaural time differences (ITD) to estimate the relative head-target angle; (2) a Kalman filter that processes these ITDs to iteratively update probabilistic beliefs about target location and associated uncertainty; and (3) a motor control system that modulates head movements with the current belief state. The Kalman filter serves as a representation of the internal state of the observer, where its beliefs drive the direction of head rotation, and its uncertainty estimates drive head velocity adjustments. Model performance demonstrates that simple predictive computational approaches can reproduce key aspects of echo-guided sensorimotor learning, providing a framework that may be leveraged to develop biologically plausible models, advance understanding of best practices, and potentially improve intervention strategies.",computational cognitive science / cognitive modeling,psychological / behavioral research
Extended_Abstracts,608,pending,Learning Flexible Task Representations from Temporal and Sequential Regularities in Continuous Experience,"Cognitive agents must represent their environment in order to learn and act appropriately to obtain their goals. In reinforcement learning, state representations provide the critical scaffolding for update-based learning rules but are themselves oftentimes assumed. In cases where they are learned, that learning is typically over the rigid structure of classic Markov decision processes, forcing environmental variability and sequential dependencies to be captured through increased size and complexity of the state transition model as a whole.

However, from an agent’s perspective, experience during learning often contains characteristic and reliable structure in time: outcomes follow cues at reliable intervals and task epochs persist for predicable lengths of time. We present a perspective on state representation learning in which agents exploit temporal and sequential regularities in their environment to learn compositional task representations that are both efficient and flexible. Using a semi-Markov framework, agents infer hidden task-states using a world model that explicitly includes state dwell-time distributions along with state transition probabilities. We derive learning rules for both the duration of task-states and their transition probabilities, allowing for tandem online adaptation of these properties to the intervals between and sequence of observations during a task. We demonstrate the utility of this approach in simulated task settings, showing that adaptation to temporal structure enables cognitive agents to develop succinct and task-aligned state representations even in conditions of high observation uncertainty. Further, we show how bidirectional interactions between temporal and sequential learning mechanisms explain divergent adaptations in state representation in a non-stationary environment, despite algorithmic invariance in the model. Our findings reveal the centrality of temporal structure for the formation and evolution of cognitively-interpretable task-state representations direct from continuous experience, and its role in the emergence of distinct representational approaches to the same sequence of events during cognitive tasks.",computational cognitive science / cognitive modeling,theoretical / computational neuroscience
Extended_Abstracts,609,pending,Activity-Space Modulation of Latent Dynamics Enables Recruitment of Output-Potent and Output-Null Subspaces for Temporally Abstract Action,"Neural population activity in premotor and primary motor cortex has been shown to segregate into output-potent dimensions, which immediately drive movement, and output-null dimensions, which do not. During multiple choice, forced delay choice tasks where the subject is cued but cannot act until a subsequent 'Go' cue is given, neural activity concentrates in output-null dimensions, letting the motor system prepare upcoming actions without prematurely generating output. Whether output-null dynamics serve a similar role during continuous control, where no delay periods exist, remains unclear. Moreover, how temporal urgency—the time pressure under which an agent must act—shapes output-potent and output-null subspaces is unknown.

We study these questions in a hierarchical reinforcement learning model, where a high-level metacontroller directs a low-level base agent, each operating at a different timescale. The base agent is a recurrent neural network that navigates an arena under variable time constraints, maintaining a hidden state that summarizes its history of observations and actions. A linear bottleneck layer compresses this hidden state into a compact representation used to generate actions. Regularization penalties partition hidden-state activity, by design, into output-potent and output-null dimensions. The metacontroller trains separately on a harder sparse-reward variant that the base agent never encountered. It steers behavior by modulating the base agent's hidden state at periodic decision points, setting an 'intended duration' at each point for reaching the next subgoal. By setting this temporal intention at each subgoal, the agent undertakes a temporally extended action.

We find that the speed at which the hidden state moves through the agent's learned state space, which we call latent trajectory speed, scales with temporal intentions and is uncorrelated with physical movement speed. This dissociation shows that hidden-state dynamics reflect internal planning rather than a direct trace of motor output. The metacontroller targets output-potent directions preferentially, and this preference strengthens under tighter deadlines, consistent with the agent favoring immediate action over preparation when time is short. 

To test the causal role of output-null activity, we performed two complementary experiments. In the first, we zeroed out the output-null component of the hidden state at each discrete timestep within a fixed window of steps preceding each subgoal transition, disrupting the agent's ability to use output-null dynamics for planning. In the second, we ablated the block of the recurrent weight matrix, the matrix governing how the hidden state at each timestep influences the hidden state at the next, that is responsible for projecting output-null activity forward in time. Both experiments impaired performance. In the activity-space experiment, impairment grew both with window length and with how early before the transition the perturbation began. In the weight-space experiment, ablating the null block nearly eliminated task success across all temporal intentions, while ablating the potent block impaired but preserved partial success, confirming that recurrent propagation of output-null activity is necessary for successful task completion. This impairment was weaker under shorter temporal intentions in the activity-space experiment, consistent with the agent relying less on output-null dynamics for planning when time is short. Under longer temporal intentions the agent routes more activity from the output-null into the output-potent subspace, and disrupting either the activity or the connectivity responsible for this routing degrades performance accordingly. Under shorter temporal intentions the agent acts more directly, so disrupting output-null activity causes less impairment. The balance between planning and acting thus shifts systematically with the temporal demands of the task.",theoretical / computational neuroscience,artificial intelligence / machine learning+computational cognitive science / cognitive modeling
Extended_Abstracts,610,pending,Alljoined-1.6M: A Million-Trial EEG-Image Dataset for Evaluating Affordable Brain-Computer Interfaces,"We present a new large-scale electroencephalography (EEG) dataset, comprising over 1.6 million visual stimulus trials collected from 20 participants, and totaling more than twice the size of the current most popular benchmark dataset, THINGS-EEG2. Crucially, our data was recorded using a 32-channel consumer-grade wet electrode system costing ~$2.2k - around 27x cheaper than research-grade EEG systems typically used in cognitive neuroscience labs. Our work is one of the first open-source, large-scale EEG resource designed to closely reflect the quality of hardware that is practical to deploy in real-world, downstream applications of brain-computer interfaces (BCIs). We aim to explore the specific question of whether deep neural network-based BCI research and semantic decoding methods can be effectively conducted with such affordable systems—filling an important gap in current literature that is extremely relevant for future research. In our analysis, we not only demonstrate that decoding of high-level semantic information from EEG of seen images is possible at consumer-grade hardware, but also that our data can facilitate effective EEG-to-Image reconstruction even despite significantly lower signal-to-noise ratios. In addition to traditional benchmarks, we also conduct analyses of EEG-to-Image models that demonstrate log-linear decoding performance with increasing data volume on our data, and discuss the trade-offs between hardware cost, signal fidelity, and the scale of data collection efforts in increasing the size and utility of currently available datasets. Our contributions aim to pave the way for large-scale, cost-effective EEG research with widely accessible equipment, and position our dataset as a unique resource for the democratization and development of effective deep neural models of visual cognition.",theoretical / computational neuroscience,artificial intelligence / machine learning+computational cognitive science / cognitive modeling
Extended_Abstracts,611,pending,Neural Alignment Reveals Selective Reorganization in Domain-Adapted Language Models,"Neural alignment analyses have shown that large language models reliably predict brain activity during naturalistic comprehension and are increasingly used to compare and evaluate model representations. However, alignment scores are often treated as a single measure of “brain-likeness,” making it hard to understand what differences between models actually mean computationally or cognitively.

Here, we propose using known functional differences between brain networks to interpret model differences more directly. Focusing on the language-selective and domain-general multiple-demand (MD) networks, which support dissociable aspects of comprehension, we examine how domain-specific pretraining alters neural alignment during technical lecture viewing. Using voxelwise fMRI encoding models, we compare contextual embeddings from a general-purpose model (BERT) and a domain-adapted model (SciBERT) while participants viewed extended and short lectures in computer science and history. 

Across datasets, SciBERT showed a selective advantage over BERT in predicting activity in the MD network during computer science lectures, while the two models performed similarly in the language network. This dissociation was strongest in deeper transformer layers and did not generalize to non-technical content. Complementary representational analyses revealed systematic reorganization of embedding geometry following domain-adaptive pretraining. Together, these findings suggest that domain-specific pretraining selectively changes representations relevant for effortful, integrative comprehension, while leaving core linguistic tracking relatively stable. More broadly, the results show how network-specific neural alignment can help explain not just whether models differ, but how they differ.",computational cognitive science / cognitive modeling,artificial intelligence / machine learning
Extended_Abstracts,612,pending,Computational simulation reveals the critical role of Hebbian learning in monotonic desynchronization,"Emerging research on desynchronization reveals strong relations to memory formation and recollection with much of the evidence originating from studies of the hippocampus, a brain region central to memory processing. However, growing evidence emphasizing the role of desynchronization is accompanied by challenges, most notably the synchronization/desynchronization conundrum. The conundrum arises from an apparent contradiction between learning and Shannon's information theory: spike-timing-dependent plasticity (STDP) acquires information via synchronized populational activity whereas information theory suggests that information is encoded through higher variability. Both frameworks are well-founded. Learning is widely accepted as the mathematical abstraction of STDP while Shannon's information theory showcases its power ubiquitously across fields from communication system to neuroscience. Here, we propose that learning and Shannon's information theory are not necessarily opposing principles. Rather, learning plays a critical role in the process of synchronization and desynchronization. To justify our claim, we conduct computational simulations based on a Hodgkin–Huxley neuronal model coupled with NMDA, AMPA, and GABA synapses with inputs of biologically realistic spiking data. Our results show that enabling STDP significantly influences synchronization and desynchronization dynamics. Specifically, we find that STDP and desynchronization form a regulatory loop, in which STDP regulates the level of synchrony, and in turn contains subsequent learning strength. Further study of the loop reveals STDP is capable of switching neurons from synchronization to desynchronization. This framework mitigates the synchronization/desynchronization conundrum by clarifying the relationship between desynchronization and learning, and offers a new perspective on how synchrony contributes to memory formation and recollection.",computational cognitive science / cognitive modeling,computational cognitive science / cognitive modeling+theoretical / computational neuroscience
Extended_Abstracts,613,pending,Keep it in Sight: Reward Function Compression Through Goal Visibility,"Humans often learn from outcomes defined by abstract goals rather than explicit rewards. This flexibility supports real-world behavior but typically causes slower and less efficient learning compared to directly observable rewards. The reward function compression theory proposes that this arises as evaluating abstract goal outcomes burdens limited cognitive resources otherwise directed toward learning, and that this cognitive cost can decrease over iterations when a specialized reward function over a compressed goal feature space is learned. Alternatively, this cost could simply arise from immediate dual-task effect, where goal maintenance imposes a cost on decisions. To arbitrate between these hypotheses, we extended a goal-based learning protocol to offload goal or non-goal information to a visible reminder. While the dual-task hypothesis predicts that this should immediately rescue goal-based learning, the reward compression hypothesis predicts a gradually acquired benefit proportional to the compressibility of a match/mismatch rule. Our results (N = 61)  supported the reward compression hypothesis. Visible goals gradually reduced learning costs, eventually approaching the efficiency of point-based learning. An equivalent decrease in memory load (visible non-goals) did not boost learning as much, highlighting the role of outcome evaluation in goal-directed learning. Computational modeling revealed that outcome evaluation efficiency, indexed by participants' reward collection response time, specifically influenced participants' learning processes, rather than decision noise. These results show that learning from goals depends on our ability to train efficient estimators of outcome values, which is facilitated by keeping goals in sight.",computational cognitive science / cognitive modeling,psychological / behavioral research
Extended_Abstracts,614,pending,Impaired decision-making from intrinsic epileptiform disruption of human brain activity,"Interictal epileptiform discharges (IEDs) are brief pathological events that may impair cognition, yet their moment-to-moment impact during different stages of decision-making is not well characterized. In this study, intracranial EEG from 55 epilepsy patients performing the Balloon Analogue Risk Task (BART) was analyzed, relative to four task time periods of interest: 500-ms windows of post-stimulus onset, pre-response, post-response, and pre-outcome. IED occurrences were detected across time and iEEG contacts, and behavioral measures in IED versus non-IED trials across participants were compared. IED occurrences were associated with worse behavioral performance, including reduced accuracy and increased reaction time (RT) and inflation time (IT), compared to non-IED trials. To test whether behavioral disruption changed with the number of detected IEDs, RT, IT, and accuracy on trials with 1 versus 2+ IEDs were compared. Trials with 2+ IEDs across iEEG contacts had lower accuracy trials with 1 IED (permutation test, p<0.001). In contrast, RT and IT were not associated with the number of detected IEDs (IT: permutation test, p=0.26; RT: permutation test, p=0.982). Finally, mean band-limited (1-150 Hz) power (averaged within each time-frequency range) across IED-significant (i.e., in brain areas where IEDs occurred and significantly affected behavior), IED-nonsignificant (i.e., in brain areas where IEDs occurred and did not significantly affect behavior) and non-IED trials was quantified. We found the strongest power differences in hippocampus, followed by the middle temporal gyrus and superior frontal gyrus in some windows. These results are consistent with region-specific neural disruption during the same task time periods where behavior is affected. Overall, our results show that IEDs cause brief, time-locked disruptions of neural activity that translate into measurable, time-specific behavioral impairment on the BART.",psychological / behavioral research,experimental neuroscience (systems / cognitive)
Extended_Abstracts,616,pending,Conserved Kinematic Representations enable Zero-Shot Decoding in Handwriting BCIs,"While intracortical Brain-Computer Interfaces (iBCIs) that decode imagined handwriting have achieved high communication rates for Latin scripts, they rely on observing every character in the alphabet during training. This poses a challenge in scaling to logographic languages (e.g., Chinese, Japanese), where the character set exceeds thousands of classes. The limitation highlights a fundamental question in motor neuroscience: does the motor cortex represent handwriting through the composition of shared kinematic primitives, that can be exploited by decoders? We introduce a computational framework for aligning neural activity to imagined kinematics in large datasets, enabling the training of a zero-shot capable machine learning algorithm for decoding unseen characters. Our model achieves 64% hits@3 retrieval on unseen letters, suggesting that neural representations of kinematic strokes are robustly conserved across different character contexts. 
This study provides a framework for dissecting conserved neural dynamics in large-scale intracortical datasets and offers strong evidence for a compositional basis of complex motor control. It also establishes a new paradigm for open-vocabulary iBCI communication with minimal recalibration burden on the user, crucial to increasing adoption of neuroprosthetics in logographic languages.",artificial intelligence / machine learning,computational cognitive science / cognitive modeling
Extended_Abstracts,617,pending,Perceptual Distance from a Deep Neural Network (DNN) Predicts Human Brain Response to Foreign Accented Speech,"Recent research has used embeddings from a popular DNN for speech representation to derive measures of the perceptual distance between different utterances of the same sentence, showing that these DNN-derived distance measures of foreign-accented speech are better predictors of their intelligibility than are those derived from acoustic-phonetic cues. Here we examine whether DNN-derived distance measures can model differences in event-related potentials (ERP) elicited by speech produced by talkers whose accent diverged to varying degrees from that common to the language community of the participants. EEG was collected as 40 healthy native English speakers listened to sentences read by four different talkers. Item-based ERPs were derived by averaging (across participants) the EEG that was time-locked to the final word in each sentence, and as voiced by each of the talkers. A talker-specific modulation analysis used measurements of difference waves formed by subtracting ERPs to speech voiced by a fourth, reference talker (with a canonical American accent) from those elicited by each of the three other talkers. Analyses here used the DNN-derived perceptual distance measure as one of five continuous predictors (cloze probability, perceptual distance, mean f0, number of pauses, articulation rate) of the amplitude and latency of item-level ERPs to gauge neural sensitivity to each talker’s distance from the reference talker. Talker-specific modulation analysis revealed an effect where perceptual distance of accents scaled positively with P2 amplitude. Perceptual distance measures from the DNN were thus associated with neural responses suggesting foreign accented speech incurred changes in sound extraction processes (auditory P2). This study extends prior behavioral results that suggest the plausibility of DNN-derived perceptual distance measures, revealing their relationship to the brain’s real time response to words in accented speech. The contextually informed DNN representations of speech present an interesting alternative to cue-based attempts to quantify accents.",experimental neuroscience (systems / cognitive),computational cognitive science / cognitive modeling
Extended_Abstracts,618,pending,Optimizing Language Model Embeddings to Voxel Activity Improves Brain Activity Predictions,"Recent studies have shown that encoding models with contextual semantic embeddings from transformer-based large language models (LLMs) can accurately predict brain responses during naturalistic language processing. Most of these studies construct encoding models using contextual embeddings from a single LLM model layer and with a fixed context length across all brain regions. However, this approach overlooks meaningful variations across the brain. Different brain regions are known to support different levels of the language processing hierarchy and represent different timescales of information. Thus, contextual embeddings from a fixed model layer and context length may not accurately capture brain responses in all regions. In this study, we investigate whether optimizing the contextual embeddings for each voxel improves their ability to predict brain activity. We optimize contextual embeddings for each voxel by selecting the best predicting context length and model layer. We use an existing fMRI dataset in which four participants read narrative stories and isolated sentences. We find that voxel-specific optimization significantly improves the prediction accuracy of contextual semantic embeddings. In addition, a preliminary analysis suggests that voxel-specific optimization may change the estimated semantic tuning in many language-selective voxels. These findings show that voxel-specific optimization of contextual embeddings provides a more accurate account of how contextual semantic information is represented in the brain.",computational cognitive science / cognitive modeling,artificial intelligence / machine learning
Extended_Abstracts,619,pending,Individual Variation in Non-Spatial Navigation is Related to Adaptive Learning and Use of Successor Representations,"A crucial component of decision-making is the ability to learn from experience and form internal representations of the environment. People’s cognitive graphs — their internal ‘map’ of the environment - are critically dependent on their ability to distinguish between similar items and experiences ($\textit{memory specificity}$). Additionally, people have been shown to vary in their information seeking behavior during initial learning of environments. We address these two lines of research by relating participant learning of different non-spatial associative networks to their subsequent inferences about the latent graph. Participants first actively explored and implicitly learned stimulus-stimulus associations by viewing groups of images (nodes) representing potential paths (edges) and selecting images which triggered the presentation of the next image group. Next, participants were tested on their ability to navigate quickly through the graph. There were four types of graphs: unstructured/random, grid/lattice, community-structured, and community-structured with additional ‘bridge’ nodes separating each community. We analyzed how participant exploration related to their later navigation performance via two complementary forms of computational modeling. First we used a choice model of each participant’s exploration decisions. The model is a function of both the participant’s local information in their prior experience ($\textit{novelty}$), and the global information present in underlying graph structure ($\textit{communicability}$). Second, we fit a $\textit{successor representation}$ (SR) to exploration response times, capturing individual differences in planning horizon as a function of graph structure. We found evidence that information seeking strategy, the structure of the graph, and planning horizon make distinct contributions to navigation performance. Finally, we compared our model results to a measure of participants’ memory specificity and found that memory capacity constrains exploration choice behavior. Overall, our results suggest that humans adapt their learning and use of internal representations during associative network learning in ways that reflect their individual memory capacity.",computational cognitive science / cognitive modeling,psychological / behavioral research
Extended_Abstracts,620,pending,Aligning the Brain with Language Models Through a Nonlinear and Multimodal Approach,"How does the brain fuse sound and meaning during natural speech, and what modeling assumptions are required to model and predict this fusion? This question matters because encoding models—which predict neural responses from stimulus features—are a central tool in cognitive neuroscience, and their architectural assumptions can constrain both predictive performance and the mechanistic conclusions we draw from them.
    However, despite nonlinear approaches becoming standard in vision encoding, speech encoding models still predominantly rely on linear mappings from unimodal features, an assumption that fails to capture the complex integration of auditory signals with linguistic information across widespread brain networks during speech comprehension. Here, we introduce a nonlinear, multimodal prediction model that combines audio and linguistic features from pre-trained models (e.g., Llama, Whisper).
    Our approach achieves a 17.2\% and 17.9\% improvement in prediction performance (unnormalized and normalized correlation) over traditional unimodal linear models, as well as a 7.7\% and 14.4\% improvement over prior state-of-the-art models relying on weighted averaging of linear unimodal predictions. These substantial improvements not only represent a major step towards future robust in-silico testing and improved decoding performance, but also reveal distributed multimodal processing patterns across the cortex that aligns with key neurolinguistic theories including the Motor Theory of Speech Perception, Convergence-Divergence Zone model, and embodied semantics. Overall, our work highlights the often neglected potential of nonlinear and multimodal approaches to speech encoding, paving the way for future studies to embrace these strategies in naturalistic neurolinguistics research.",artificial intelligence / machine learning,computational cognitive science / cognitive modeling
Proceedings,7,accepted,Eyes of the beholder: attention-guided metamers reveal divergent scene representations,"The human representation of visual scenes integrates high-resolution information sampled by viewing fixations with lower-resolution context extracted from the visual periphery. In this paper, we ask how individualized scene viewing by different people translates into individualized scene understanding. We do this by showing that scene metamers—generated scenes judged to be the same as originally viewed scenes—depend on the specific scanpath of fixations guiding the generation. To enable attention-guided scene generation we introduce Seen2Scene-v2, a latent diffusion model that generates images from scene-viewing fixations and blurred peripheral pixels. Human participants had to view a scene and then make a “same” or “different” judgment about a briefly presented second scene, many of which were fixation-guided generations from Seen2Scene-v2. The generative model was therefore integrated into our behavioral data collection. We obtained metamerism rates (the proportions of trials where generated images were confused with originals) under three attention conditions: the viewer's own fixations (own condition), another viewer's fixations on the same image (cross-viewer condition), and another viewer's fixations on an unrelated image (random condition). We found a consistent ordering of results: scenes generated using a participant's own attention were most likely to be judged as ”same”, with cross-viewer metamer rates being significantly lower and random-condition rates lower still. To explain these mistaken “same” judgments, we computed multiple representational similarity measures. Feature similarity across all levels of the visual hierarchy predicts metamerism, but the three-way separation between conditions persists when controlling for any one feature. We also compared our model to the current state-of-the-art in gaze-contingent scene generation and found that Seen2Scene-v2 better predicts our stratification of results. Based on our obtained differences between own- and cross-viewer conditions, despite being the same images, we conclude that people form different scene representations that are specific to their allocation of attention during viewing.",computational cognitive science / cognitive modeling,artificial intelligence / machine learning+psychological / behavioral research
Proceedings,13,accepted,Task Representational Dynamics For Compositional Generalization During Context-dependent Cognitive Tasks,"The ability to generalize compositionally is central to intelligent behavior. While recent work shows that networks can generalize compositionally under certain conditions, many studies focus on simple compositional tasks, such as those that are purely linguistic (or unimodal), or those with no temporal structure. Here we investigate how representational dynamics shape compositional generalization in recurrent neural network (RNN) models during cognitive tasks with evolving temporal structure, providing insights into neural computation during flexible reasoning. We trained RNNs on the Concrete Permuted Rules (C-PRO) task, a cognitive compositional task established for humans that requires integration of information across task phases. We assessed how different learning regimes induced generalization and representational dynamics. We systematically varied model initializations to generate RNNs that exhibited a wide range of compositional generalization performance, ranging from 38% to 90%. Analysis of high-performing models revealed nontrivial temporal dynamics of task representations, highlighting the importance of selectively engaging the right features at the appropriate task phase for generalization. Our findings reveal that successful compositional generalization requires the orchestration of structured intermediate representations that are dynamically composed, resulting in complex, feature-specific representational dynamics – providing testable principles for how neural systems enable flexible reasoning.",theoretical / computational neuroscience,computational cognitive science / cognitive modeling
Proceedings,18,accepted,Investigating Invariances in Auditory Event Categorization with Model Metamers,"Real-world acoustic inputs contain rich sensory information that we parse into discrete auditory objects and categories. Although deep neural networks (DNNs) are increasingly used to model auditory perception, the field lacks rigorous behavioral benchmarks, particularly for auditory event categorization. Here, we developed a 25-way categorization paradigm for broad classes of natural sounds to test whether categorical invariances of DNNs align with those of human observers. We first confirmed that humans could reliably categorize the natural sounds, demonstrating that our paradigm is well-suited for testing invariances in auditory categories. To probe model invariances, we evaluated human recognition of `model metamers' (synthetic stimuli matched to the model's internal activations for each natural stimulus) for a wide range of architectures trained on speech or auditory event recognition. When evaluating widely-used public models, we found that human recognition of auditory event model metamers was generally influenced by the training task and data distribution; speech models trained on standard, curated datasets produced less recognizable metamers than auditory event recognition models. We additionally analyzed a controlled set of models to directly investigate the influence of training task and adversarial training, revealing that improved metamer recognition induced by adversarial training is task-dependent. However, even in the best-performing models, we observed a sharp decline in human recognition at the final classification layer compared to the penultimate representation layer. Overall, our results suggest that while invariances in modern architectures better align with human observers for auditory event categorization, there is still a large discrepancy between the categorical invariances of auditory neural networks and the invariances of human observers.",artificial intelligence / machine learning,computational cognitive science / cognitive modeling+psychological / behavioral research+theoretical / computational neuroscience
Proceedings,24,accepted,NeuralPlayground: A Standardised Environment for Evaluating Models of Hippocampus and Entorhinal Cortex,"Neural processes in the hippocampus and entorhinal cortex are thought to be crucial for spatial cognition. A growing variety of theoretical models have been proposed to capture the rich neural and behavioral phenomena associated with these circuits. However, systematic comparison of these theories—both against each other and against empirical data—remains challenging. To address this gap, we present **NeuralPlayground**, an open-source, standardized software framework for comparing theory and experiment in the domain of spatial cognition. This Python software package provides a reproducible way to evaluate models against a centralized library of published experimental results, including neural recordings and animal behavior. Currently, the framework implements:  **Agents**: Three agents embodying different computational models. **Experiments**: Three experiments comprising publicly available neural and behavioral datasets. **Arena**: A customizable 2-dimensional arena (continuous and discrete) capable of generating both common and novel spatial layouts.  **Comparison**: A tool that facilitates systematic comparisons between models and data. Each module can also be used separately, allowing standardized and flexible access to influential models and datasets. We hope **NeuralPlayground**, available on GitHub, provides a starting point for a shared, standardized, open, and reproducible computational understanding of the role of the hippocampus and entorhinal cortex in spatial cognition.",theoretical / computational neuroscience,artificial intelligence / machine learning
Proceedings,28,accepted,Dissecting Larval Zebrafish Hunting using Deep Reinforcement Learning Trained RNN Agents,"Larval zebrafish hunting provides a tractable setting to study how ecological and energetic constraints shape adaptive behavior in both biological brains and artificial agents. Here we develop a minimal agent-based model, training recurrent policies with deep reinforcement learning in a bout-based zebrafish simulator. Despite its simplicity, the model reproduces hallmark hunting behaviors—including eye vergence-linked pursuit, speed modulation, and stereotyped approach trajectories—that closely match real larval zebrafish. Quantitative trajectory analyses show that pursuit bouts systematically reduce prey angle by roughly half before strike, consistent with measurements. Virtual experiments and parameter sweeps vary ecological and energetic constraints, bout kinematics (coupled vs. uncoupled turns and forward motion), and environmental factors such as food density, food speed, and vergence limits.  These manipulations reveal how constraints and environments shape pursuit dynamics, strike success, and abort rates, yielding falsifiable predictions for neuroscience experiments. These sweeps identify a compact set of constraints—binocular sensing, the coupling of forward speed and turning in bout kinematics, and modest energetic costs on locomotion and vergence—that are sufficient for zebrafish-like hunting to emerge. Strikingly, these behaviors arise in minimal agents without detailed biomechanics, fluid dynamics, circuit realism, or imitation learning from real zebrafish data. Taken together, this work provides a normative account of zebrafish hunting as the optimal balance between energetic cost and sensory benefit, highlighting the trade-offs that structure vergence and trajectory dynamics. We establish a $\textit{virtual lab}$ that narrows the experimental search space and generates falsifiable predictions about behavior and neural coding.",theoretical / computational neuroscience,artificial intelligence / machine learning
Proceedings,33,accepted,The Wisdom of a Crowd of Brains: A Universal Brain Encoder,"Image-to-fMRI encoding is important for both neuroscience research and practical applications. However, such ""Brain-Encoders"" have been typically trained per-subject and per fMRI-dataset, thus restricted to very limited training data. In this paper we propose a Universal Brain-Encoder, which can be trained jointly on data from many different subjects/datasets/machines. What makes this possible is our new voxel-centric Encoder architecture, which learns a unique ""voxel-embedding"" per brain-voxel. Our Encoder trains to predict the response of each brain-voxel on every image, by directly computing the cross-attention between the brain-voxel embedding and multi-level deep image features. This voxel-centric architecture allows the functional role of each brain-voxel to naturally emerge from the voxel-image cross-attention. We show the power of this approach to (i) combine data from multiple different subjects (a ""Crowd of Brains"") to improve each individual brain-encoding, (ii) quick & effective Transfer-Learning across subjects, datasets, and machines (e.g., 3-Tesla, 7-Tesla), with few training examples, and (iii) use the learned voxel-embeddings as a powerful tool to explore brain functionality (e.g., what is encoded where in the brain).",artificial intelligence / machine learning,theoretical / computational neuroscience
Proceedings,36,accepted,Invariant correlation: a general and straightforward method to quantify invariance in time-varying neural signals,"Recognizing information in natural stimuli is challenging because sensory inputs for different instances of the same feature often vary substantially. Successful recognition thus requires neural systems to generate representations that are invariant to such variation, posing a fundamental computational challenge for sensory coding. While invariance has been extensively studied in the visual system using static images, less is known about how invariant representations arise in the auditory cortex, in part due to methodological challenges in characterizing invariance from dynamic and time-varying neural signals. Here, we introduce the “invariant correlation”, a straightforward and general method for directly quantifying the strength and temporal dynamics of invariance from time-varying neural signals and computational models. We demonstrate its utility by quantifying invariance to acoustic variation in neural representations of phonemes using spatiotemporally precise intracranial recordings from human auditory cortex. Our method successfully revealed substantial diversity in the strength and dynamics of invariance across the human auditory cortex and across different phonetic features within individual electrodes. We illustrate how many of these empirically measured patterns can be explained by applying the same analysis to the predictions from a simple computational model based on spectrotemporal tuning in a cochleagram representation of sound. Although we focus here on speech, the invariant correlation is a broadly applicable tool for characterizing the organization and computational mechanisms underlying invariant representations of dynamic stimuli across sensory modalities.",experimental neuroscience (systems / cognitive),
Proceedings,38,accepted,Nothing from Something: Can a Language Model Discover 0?,"AI systems based on artificial neural networks are being developed with aspirations of pushing the boundary of human mathematical knowledge. A key question for these systems is how much they can reach beyond their training data. Mathematical discovery requires a strong form of out of distribution generalization; the ability to hypothesize genuinely new - and potentially logically more powerful - mathematical structures. It has been hypothesized that language abilities support such generalizations in human cognition. In this work, we use simple arithmetic as a case study for examining how modern AI models could expand their mathematical horizons, evaluating whether these models can independently discover the concept of ""zero"". We show that (1) language models of a GPT-2 size are unable to perform this generalization at test time regardless of language pretraining, but (2) models can improve substantially after training on tens or hundreds of examples of zero. Additionally, we find that language pretraining reduces the number of required examples by up to 50%, showing that language abilities can scaffold mathematical discovery in neural models.",computational cognitive science / cognitive modeling,artificial intelligence / machine learning
Proceedings,57,accepted,Task-guided cross-subject latent alignment: a multi-encoder-decoder VAE,"Aligning neural activity across subjects offers the promise of discovering shared computational principles and generalizable decoders. However, traditional alignment methods require shared stimuli across subjects, a constraint that limits applicability to naturalistic paradigms with limited or non-overlapping data. We introduce a Multi-Encoder-Decoder Variational Autoencoder (MED-VAE) that achieves cross-subject alignment without shared stimuli by anchoring representations to a common scaffold provided by a pretrained ANN. Using the Natural Scenes Dataset, we show that MED-VAE creates common latent spaces with superior semantic organisation, achieving higher cross-subject alignment than common methods while maintaining robust generalisation to held-out stimuli where traditional methods degrade. Reconstructing from these common spaces back to each subject's original neural space, MED-VAE preserves equal stimulus-driven signal in its cross-subject latent space. Finally, we show that this superior alignment directly enables cross-subject neural prediction, as demonstrated via cross-subject image decoding. In summary, we introduce a framework to identify generalisable common subspaces for cross-subject predictions and downstream tasks, demonstrated here for visual cortex responses to static images.",theoretical / computational neuroscience,artificial intelligence / machine learning+computational cognitive science / cognitive modeling
Proceedings,59,accepted,What Makes a Category Memorable? Human Conceptual Diversity Outpredicts Perceptual Similarity and Deep Neural Networks,"Conceptual knowledge structures human memory, with better memory performance for more conceptual diverse information even when it is perceptually similar. To what extent do modern deep neural networks capture the conceptual structure relevant for memory performance? We investigated how human judgments of within-category diversity relate to memorability and to the representational structure of deep neural networks. Participants sorted exemplar images from 498 object categories (from the THINGS database) based on either conceptual similarity (function, purpose, typical context) or perceptual similarity (shape, color, texture). We measured category-level memorability using a recognition memory task with within-category foils. We then tested how memory performance related to human diversity scores and to diversity computed from CLIP, DINOv3, and VGG16 embeddings across multiple layers. Human conceptual and perceptual diversity were correlated ($r$ = .46) but dissociable, with some categories showing high conceptual but low perceptual diversity (e.g., electrical plugs that look similar but function in different countries). Critically, conceptual diversity was the strongest predictor of memorability (R$^2$ = .57), and adding perceptual diversity or model-based measures did not improve prediction. Across models, correlations with human conceptual and perceptual judgments both increased with layer depth, and all three architectures converged to similarly good predictions at their final layers. However, none matched the predictive power of human conceptual diversity ratings in predicting human memorability. These findings extend prior work linking conceptual distinctiveness to memory by demonstrating that purely local, within-category structure, independent of a category's position in global semantic space, predicts how well individual exemplars are remembered. The gap between human and model-derived diversity estimates suggests that the typical implementations of vision models lack the flexible, context-sensitive feature weighting that humans deploy when organizing objects conceptually, highlighting an important constraint for computational accounts of human visual memory.",computational cognitive science / cognitive modeling,artificial intelligence / machine learning+computational cognitive science / cognitive modeling+psychological / behavioral research
Proceedings,73,accepted,Human-aligned Universal Audio Representations with Contrastive-Equivariant Self-Supervised Learning,"Human auditory experience consists of a wide range of environmental sounds in addition to music and speech. Yet, computational models of auditory processing are often trained for a single domain, with resulting representations that do not easily transfer to other tasks. Here, we adapt Contrastive-Equivariant SSL (CE-SSL) to the audio domain to learn a universal audio representation. The learning algorithm operates on superpositions and transformations of source signals, enforcing equivariance to concurrent source mixing and other acoustic transformations. We demonstrate the viability of the resulting models with three sets of results. First, the learned representations transfer to tasks in three different domains (word recognition, musical instrument identification, and environmental sound identification). Second, the learned representations preserve variance to non-categorical acoustic features, enabling superior zero-shot transfer to acoustic discrimination and paralinguistic tasks. Third, we show that the learned representations predict fMRI responses on-par with representations from supervised models, achieving strong neural predictivity without explicit labels. Our approach easily scales to large unlabeled datasets. The results demonstrate a promising self-supervised training method to achieve general purpose audio representations, and point the way towards human-aligned auditory models derived from unlabeled naturalistic datasets.",artificial intelligence / machine learning,theoretical / computational neuroscience
Proceedings,74,accepted,Eccentricity-Constrained CNN Training Reveals Adaptive Information Coding Around the Visual Field,"Within topographic eccentricity maps in the primate visual system, neural populations representing the central visual field tend to have higher spatial resolution and overlap regions selective for faces and words, while periphery-preferring regions have lower spatial resolution and overlap scene-selective regions. Prior behavioral and neuroimaging evidence suggests that this “eccentricity bias” may reflect the relevance of visual field portions for different tasks: the central visual field may be more informative for fine-grained tasks like face recognition and reading, while the periphery may be more informative for large-scale scene understanding tasks. To test this, we leveraged egocentric video and eye-tracking data from the Visual Experience Dataset (VEDB). We trained ResNet-18 models using contrastive learning (SimCLR), using video frames that were modified to isolate information available at different eccentricities (gaze-contingent fovea-only crops, periphery-only crops, and periphery-only crops with a NeuroFovea transform applied). We then evaluated model performance on several downstream tasks, as well as model alignment with human fMRI data (Natural Scenes Dataset; encoding model framework). When examining in-domain classification of VEDB frame categories, we observed systematic variability in the performance of fovea-only and periphery-only models across categories, suggesting differential informativeness of visual field eccentricities across tasks. On downstream classification without fine-tuning, VEDB-pretrained models generalized more strongly to scene recognition (Places365) than to face recognition (VGGFace2), with fovea-only models showing an advantage on both tasks. Across visual cortex, VEDB-pretrained models achieved similar neural predictivity to models trained on mid-sized non-egocentric datasets (ImageNet-100), suggesting experience-sampled egocentric data, despite its low diversity and constrained semantic content, supports emergence of cortically-aligned representations. Moreover, in sub-regions of scene-selective cortex (PPA, RSC), periphery-only models explained more variance than fovea-only models, suggesting scene-selective regions may be adapted to the statistics of the peripheral visual field. Together, these results suggest that naturalistic egocentric experience provides an organizing constraint on perception, leading to adaptive, task-aligned information processing.",computational cognitive science / cognitive modeling,artificial intelligence / machine learning
Proceedings,78,accepted,Topographic constraints shape brain-like component structure in auditory models,"If topography is a fundamental feature of the brain, it should influence both how neurons are arranged in space (i.e. explain brain maps) and how information is structured within the neural population. The human auditory cortex provides a strong, but previously underused test for the latter idea. Neural responses measured with both fMRI and ECoG can be decomposed into interpretable components corresponding to sound categories such as speech, music, and song, offering a view of how sound information is partitioned in the brain. Here we ask whether introducing topographic constraints into the training of audio neural network models shapes their internal representations to better match the component structure observed in the brain. To address this question, we introduce a new class of topographic auditory models, TopoAudio, which incorporate a wiring-length constraints and encourage nearby units on a two-dimensional cortical sheet to develop similar response tuning. Despite these additional constraints we find that TopoAudio achieves comparable performance on standard speech and environmental sound classification tasks to standard non-topographic models and matches them in predicting human fMRI responses. Crucially however, topographic models develop more compact internal representations, and their inferred components align more closely with those derived from human ECoG recordings. These results provide initial evidence that topography offers a general mechanism for producing biologically aligned internal representations in artificial neural networks. More broadly, component-level alignment provides a complementary way for testing whether topography reshapes population responses in models to better match the representational structure observed in neural recordings.",artificial intelligence / machine learning,theoretical / computational neuroscience
Proceedings,81,accepted,Independent-Component-Based Encoding Models of Brain Activity During Story Comprehension,"Encoding models provide a powerful framework for linking continuous stimulus features to neural activity; however, traditional voxel-wise approaches are limited by measurement noise, inter-subject variability, and redundancy arising from spatially correlated voxels encoding overlapping neural signals. Here, we propose an independent component (IC) based encoding framework that dissociates stimulus-driven and noise-driven signals in fMRI data. We decompose continuous fMRI data from naturalistic story listening into ICs using one subset of the data, and train encoding models on independent data to predict IC time courses from large language model representations of linguistic input. Across subjects, a subset of ICs exhibited consistently high predictivity. These ICs were spatially and temporally consistent across subjects and included cognitive networks known to respond during story listening (auditory and language). The auditory component time courses were strongly correlated with acoustic stimulus features, highlighting the interpretability of identified component time courses. Components identified as noise or motion-related artifacts by ICA-AROMA showed uniformly poor predictive performance, confirming that highly predicted components reflect genuine stimulus-related neural signals rather than confounds. Overall, IC-based encoding models enable analyses at the level of functional networks, accommodating the variability in network locations across individuals and providing interpretable results that are easy to compare across subjects",experimental neuroscience (systems / cognitive),artificial intelligence / machine learning
Proceedings,87,accepted,"Implications of hierarchical Markov models of behavior: on irreversibility, predictability, and dimensionality","The maturation of quantitative tools for studying the high-level structure of animal behavior, and especially tools which represent spontaneous behavior as a sequence of stereotyped and neurally well-defined 'syllables', demands that the field revisit a fundamental theoretical question: if the coarse structure of behavior can be accurately described by Markov models, what do these models really tell us about behavior? In this work, we explore the theoretical implications of these models and discuss how they allow us to quantitatively formulate questions about the sequence-like nature and effective dimensionality of behavior. One important insight is that the eigenvalues and eigenvectors of various model-associated matrices furnish interpretable time scales and modifications of behavior that occur on those time scales. We illustrate our points using both toy examples and Markov models fit to real data. By analyzing the consequences of Markov representations, we clarify the theoretical meaning of progress in quantifying behavior.",theoretical / computational neuroscience,computational cognitive science / cognitive modeling+psychological / behavioral research
Proceedings,92,accepted,Metabolic cost of information processing in Poisson variational autoencoders,"Computation in biological systems is fundamentally energy-constrained, yet standard theories of computation treat energy as freely available. Here, we argue that variational free energy minimization under a Poisson assumption offers a principled path toward an energy-aware theory of computation. Our key observation is that the Kullback-Leibler (KL) divergence term in the Poisson free energy objective becomes proportional to the prior firing rates of model neurons, yielding an emergent metabolic cost term that penalizes high baseline activity. This structure couples an abstract information-theoretic quantity—the *coding rate*—to a concrete biophysical variable—the *firing rate*—which enables a trade-off between coding fidelity and energy expenditure. Such a coupling arises naturally in the Poisson variational autoencoder (P-VAE)—a brain-inspired generative model that encodes inputs as discrete spike counts and recovers a spiking form of *sparse coding* as a special case—but is absent from standard Gaussian VAEs. To demonstrate that this metabolic cost structure is unique to the Poisson formulation, we compare the P-VAE against Gr-VAE, a Gaussian VAE with ReLU rectification applied to latent samples, which controls for the non-negativity constraint. Across a systematic sweep of the KL term weighting coefficient $\beta$ and latent dimensionality, we find that increasing $\beta$ monotonically increases sparsity and reduces average spiking activity in the P-VAE. In contrast, Gr-VAE representations remain unchanged, confirming that the effect is specific to Poisson statistics rather than a byproduct of non-negative representations. These results establish Poisson variational inference as a promising foundation for a resource-constrained theory of computation.",artificial intelligence / machine learning,theoretical / computational neuroscience
Proceedings,95,accepted,Geometric Dynamics Across Recurrent Vision Models,"The human visual system contains rich feedforward, feedback, and bypass pathways that shape how object categories are represented over time. Inspired by this neuroanatomy, a growing set of deep vision models incorporates recurrent dynamics, yet how category representations differ across recurrent mechanisms remains unclear. Here we characterize the geometric signatures of recurrence in four distinct model families: two-pass long-range modulatory feedback networks (LRM/LRA; Konkle & Alvarez, 2023), two within-layer recurrent models (BL, CORnet-RT; Spoerer et al., 2020, Kubilius et al., 2018), and a recurrent model with skip connections and gating (ConvRNN; Nayebi et al., 2018). We find that these recurrent models are geometrically heterogeneous in two key aspects. First, at inference time, these models show distinct representational shifts across processing steps: LRM/LRA locally compacts category representations toward prototypes while preserving global between-category structure, whereas BL, CORnet-RT, and ConvRNN each exhibit distinct global drifts alongside local changes. Second, training with different recurrent architectures yields distinct learned decision-stage geometry: LRM/LRA develops near-orthogonal category prototypes, a pattern absent in their feedforward counterpart (AlexNet) and other recurrent vision models, but also present in some feedforward architectures (e.g., ResNets). These divergent signatures reveal that ""recurrence"" is not a single computational strategy in current models: different recurrent architectures exhibit distinct geometric trajectories and decision-stage structures. Such heterogeneity motivates more careful differentiation among recurrent vision models in both computational and neuroscientific contexts.",theoretical / computational neuroscience,computational cognitive science / cognitive modeling
Proceedings,96,accepted,Deep Graph Learning Reveals Individualized Somato-Cognitive Integration Zones in the Adolescent Brain: Evidence from the SCAN Network,"The discovery of the Somato-Cognitive Action Network (SCAN) challenges the classical motor homunculus by revealing inter-effector regions that integrate bodily control with executive functions. However, mapping these fine-grained integration zones in adolescents remains a computational challenge due to high inter-individual variability and the blurring effects of group-averaged templates. Here, we propose an uncertainty-aware Graph Neural Network (GNN) framework to delineate individualized functional architectures. Leveraging high-resolution fMRI (resting-state and movie-watching) from the Healthy Brain Network (HBN), our model incorporates cortical mesh topology as spatial constraints to generate vertex-wise areal labels, uncertainty maps, and integration scores. The GNN-derived individualized atlas demonstrated superior intra-subject homogeneity compared to group-level templates, successfully identifying individualized SCAN networks interdigitated between classical effector-specific areas (foot, hand, and tongue). Crucially, we revealed systematic differences in functional organization along the dorso-ventral axis common to both hemispheres: transitioning from dorsal planning zones (motor imagery/anticipation) to middle execution hubs (visuomotor coordination), and finally to ventral monitoring zones linked to error detection and linguistic processing. We further delineated ventral integration loops connecting SCAN to auditory cortices, establishing a perception-action cycle that transforms sensory inputs into motor plans. Finally, developmental analysis demonstrated that naturalistic stimuli enhance the detection of developmental trajectories. We observed age-related increases in SCAN hub participation, specifically stronger coupling between SCAN and Ventral Attention Networks in young adults compared to preadolescents. Moreover, we observed state-invariant age-related increases in participation coefficients across SCAN and Auditory-Linguistic hubs. These findings provide computational evidence that the SCAN serves as a dynamic, hierarchically organized mind-body interface that gradually matures to support complex real-world interactions, offering new targets for understanding neurodevelopmental conditions involving motor-cognitive disconnects.",artificial intelligence / machine learning,computational cognitive science / cognitive modeling
Proceedings,98,accepted,Connectome-Constrained Spiking Networks Reproduce Emergent Computations in Larval Olfactory Pathway,"The complete synaptic connectome of the larval Drosophila melanogaster brain offers an opportunity to build structurally faithful neural circuit models. However, the connectome provides only the wiring diagram, not the biophysical dynamics or functional logic underlying neural computation; one approach to bridging this gap is supervised training on a biologically relevant task, evaluating the resulting neural activity against existing data. Here we present a spiking neural network model of the larval olfactory pathway, from odor receptors via the antennal lobe to Kenyon cell activation in the mushroom body. All connectivity is fixed by the connectome, complemented by biologically plausible neuron dynamics including spiking and non-spiking neurons, two-compartment KCs, gap junctions, synaptic depression, and axo-axonic connections, yet requiring only 449 trainable parameters. The model is trained on a 28-odor classification task using electrophysiological odor receptor response data as input. We use two-phase ANN-to-SNN transfer learning: a rate-based teacher is trained to convergence, then its weights are transferred to the spiking network and fine-tuned with surrogate gradient descent under full biophysical constraints for accuracy and realistic KC activation sparsity. The trained model spontaneously reproduces decorrelation localized to the mushroom body, APL suppression of KC activity by about half, concentration-invariant gain control across a 17-fold concentration range, and sub-additive KC recruitment of odor mixtures matching experimental observations. An ensemble of independently trained models converges to consistent KC representations and parameters, demonstrating that the connectome dominates the learned solutions. Additionally, systematic ablation of circuit components reveals their individual contributions and generates experimentally testable hypotheses. We demonstrate that the connectome, combined with biophysical constraints and a simple learning objective, produces circuit-level computations matching independent biological measurements. This establishes a generalizable methodology beyond larval olfaction for translating connectome data into testable spiking models to determine microcircuit functional logic and the roles of constituent neurons.",theoretical / computational neuroscience,artificial intelligence / machine learning
Proceedings,99,accepted,"Fast Whole-Brain, Geometry-Aware Functional Alignment for Cross-Subject Decoding","Decoding brain activity is useful for characterizing brain processes and understanding the functional architecture underlying cognition. However, variability in brain response patterns among individuals poses a significant challenge to developing powerful, generalizable decoders. To build these decoders, we create population-level models of brain responses based on functional alignment. The core issue is to strike the right balance between sensitivity to functional features and anatomical consistency while maintaining computational efficiency. We introduce a new functional alignment method that embeds cortical geometry directly into the functional domain using Laplace-Beltrami eigenmodes. Our approach achieves higher decoding accuracy than anatomical alignment and converges several orders of magnitude faster than state-of-the-art methods at the whole-brain scale.",artificial intelligence / machine learning,
